subject,release,task,availability,et_nan_values,eeg_sampling_rate_hz,et_sampling_rate_hz,eeg_channel_cnt,eeg_bad_channel_count,et_channel_cnt,eog_electrode_used_HEOG_anode,eog_electrode_used_HEOG_cathode,eog_electrode_used_VEOG_anode,eog_electrode_used_VEOG_cathode,eog_electrode_is_fallback_HEOG_anode,eog_electrode_is_fallback_HEOG_cathode,eog_electrode_is_fallback_VEOG_anode,eog_electrode_is_fallback_VEOG_cathode,et_samples_trimmed,eeg_samples_trimmed,gauss_A,gauss_mu,gauss_sigma,gauss_b,gauss_xcorr_cosine_similarity_full,gauss_xcorr_cosine_similarity_full_n,gauss_xcorr_cosine_similarity_95,gauss_xcorr_cosine_similarity_95_n,xcorr_zero,snr,xcorr_peak,xcorr_peak_idx,xcorr_peak_prominence,xcorr_second_peak,xcorr_second_peak_idx,xcorr_second_peak_prominence,shared_events,longest_gap_between_events,mean_abs_sync_error_ms,median_abs_sync_error_ms,within_1_sample,within_4_samples,regression_slope,regression_intercept,n_saccades,n_blinks,avg_saccade_duration_ms,avg_fixation_duration_ms,avg_blink_duration_ms,avg_saccade_amplitude
NDARAA306NT2,R8,ThePresent,available,1029,500.0,60.02346829465958,130,0,42,E8,E25,E21,E17,False,False,False,False,320,234,0.0038312359091985885,36.05789396816596,167.1404179768628,0.0010637830422048425,0.7297019252154479,6000,0.9973819125862582,655,0.005279858412618866,5.924753192802116,0.005489227903945225,22.0,0.00581481506155559,0.0039006020845372353,20643.0,0.004395719747400253,2,203.278002,6.861178292183467e-11,6.861178292183467e-11,0,2,1.0000000000000002,0.007038999999919174,1221,208,30.74426954919507,253.29827432250295,206.8984050280777,2.4988779688779688
NDARAA504CRN,R8,ThePresent,available,204,500.0,60.01873886540199,130,0,42,E8,E25,E21,E17,False,False,False,False,275,217,0.013985798642923064,-129.6893454062796,454.52704509130274,-0.0014095383221723154,0.8718044454845575,6000,0.9271212616957435,1782,0.018544819763515567,5.490795801594137,0.019452080557125155,24.0,0.02731058255003649,0.010825978136748817,-11382.0,0.017089721466675492,2,203.275993,1.6653345369377348e-12,1.6653345369377348e-12,0,0,1.0,0.008827999999996833,1509,33,30.352888399682456,218.15202566965203,367.5568323755859,1.5293174287607685
NDARAB055BPR,R6,ThePresent,available,68,500.0,60.02333977244192,130,0,42,E8,E25,E21,E17,False,False,False,False,187,222,1.1343478099578731e-06,-52.69404956972983,1229.7366578214398,1.8592055142778118e-06,0.91592730537575,6000,0.9350952373484719,4820,3.3552894817993053e-06,2.6716760661380516,3.8406444820903245e-06,-16733.0,1.7272137102973007e-06,3.835141421216812e-06,-16636.0,3.503592592589411e-08,2,203.074002,4.8960835385969403e-11,4.8960835385969403e-11,0,2,1.0000000000000002,0.0032780000000123756,1494,15,24.600524428114532,245.0859179577202,189.9243179348303,1.187797858099063
NDARAB348EWR,R6,ThePresent,available,971,500.0,60.02334378271085,130,0,42,E8,E25,E21,E17,False,False,False,False,189,214,0.13842804203711595,1980.3785388682122,359.3932264525844,0.06731480606477666,0.8677881234840474,6000,0.991329444507691,1409,-0.001271207433806607,5.5752073113454985,0.7664319684661643,-26554.0,0.8088002942921728,0.327338164536896,9072.0,0.5264081566197891,2,203.06400699999998,3.8413716652030416e-11,3.8413716652030416e-11,0,2,1.0000000000000002,0.005741999999951354,1046,173,32.890415261691516,290.47442542138583,227.07542246734485,6.042026768642448
NDARAB514MAJ,R8,ThePresent,available,12533,500.0,60.02361343896327,130,0,38,E8,E25,E21,E17,False,False,False,False,183,223,0.0,-3000.0,266.6666666666667,0.0,,6000,,523,0.0,,,,,,,,2,203.28599499999999,3.419486915845482e-11,3.419486915845482e-11,0,2,1.0000000000000004,0.005429999999987585,0,0,,,,
NDARAB674LNB,R10,ThePresent,available,14,500.0,30.00326254004783,130,0,42,E8,E25,E21,E17,False,False,False,False,68,223,0.007162489483506373,5.422443048783431,197.56454765204256,0.005411985152627281,0.7952228433252421,6000,0.9993131287177354,774,0.012981303220568539,3.819584934526641,0.013475850612934472,28.0,0.008967397686950943,0.008667663073957011,-14630.0,0.0035942050842001586,2,203.075994,6.583622536027178e-11,6.583622536027178e-11,0,0,0.9999999999999997,-0.011757000000045774,1114,6,45.807854778141376,317.5228158045488,199.98380949197013,1.5632226211849192
NDARAB678VYW,R11,ThePresent,available,2130,500.0,59.96525364167446,130,0,42,E8,E25,E21,E17,False,False,False,False,134,227,0.0050197657021133985,-97.5373967961099,620.762477534159,0.009404259812653302,0.7626699786581281,6000,0.9886611666800129,2434,0.016137472853778003,2.4925596528311367,0.028965316174769815,-48503.0,0.018748877172725588,0.02801764702927842,-42977.0,0.019132097947977857,2,203.064003,3.219646771412954e-11,3.219646771412954e-11,2,2,0.9999999999999996,-0.0010399999999635002,1200,390,110.69347296918997,102.42066265337816,231.79575428427225,14.843266666666665
NDARAB793GL3,R2,ThePresent,available,275,500.0,118.724020113028,130,0,34,E8,E25,E21,E17,False,False,False,False,0,245,0.01093488737977066,1241.576028261367,538.6527392324685,-0.0012423940505054772,0.708774543942516,6000,0.99123029895916,2112,-0.001183664965229017,3.171280619959979,0.010259897460206155,1280.0,0.017744480595774624,0.009195028337592928,-13363.0,0.019896284641565412,2,203.070002,3.108624468950438e-11,3.108624468950438e-11,2,2,1.0000000000000004,-6.000000035345037e-06,2017,101,29.51183430775739,173.1247557625149,167.5855062012192,3.3349380267724342
NDARAC349YUC,R4,ThePresent,available,88,500.0,60.02327705494224,130,0,42,E8,E25,E21,E17,False,False,False,False,130,239,0.00018320188496088907,-116.48058530036006,350.14735113993584,-0.0002576603829789091,0.9426894546986151,6000,0.978639081768403,1372,-4.4871967760823936e-05,0.8275543892967246,6.662889032385838e-05,31858.0,0.0002725778887784626,6.596808633490666e-05,31887.0,1.584931538943968e-09,2,203.074005,8.171241461241152e-11,8.171241461241152e-11,2,2,1.0000000000000002,0.0008110000000494316,1046,17,25.230376161225426,354.58754236199144,169.54924219341808,1.2991586998087954
NDARAC350BZ0,R4,ThePresent,available,2931,500.0,59.95551803705217,130,0,42,E8,E25,E21,E17,False,False,False,False,130,227,0.007928130901166756,-3409.5111725019506,818.3706507238235,0.0018787953751128398,0.9627700602912097,6000,0.9959208000526786,1195,0.003529248282134775,3.6767276122240413,0.011631378406630602,-3858.0,0.0126253982086768,0.007384838611196945,-10906.0,0.008203554536293433,2,203.063999,1.1757261830780408e-10,1.1757261830780408e-10,0,2,1.0000000000000002,0.0033660000000928555,341,393,182.9197880589824,100.33936924649383,403.75165424791686,32.924340175953084
NDARAC350XUM,R5,ThePresent,available,3401,500.0,17.0229832198104,130,0,34,E8,E25,E21,E17,False,False,False,False,0,220,-1.0,-1.0,-1.0,-1.0,-1.0,-1,-1.0,-1,-0.00012748484995489753,3.86256573074627,0.0016880362576598106,-10827.0,0.0015752854389012225,0.001649472774633533,-10719.0,4.342011341212102e-06,2,203.07,5.639932965095795e-11,5.639932965095795e-11,0,0,1.0,0.017169000000055976,0,4,,,103068.46783887435,
NDARAC462DZH,R7,ThePresent,available,216,500.0,60.013745254252456,130,0,42,E8,E25,E21,E17,False,False,False,False,226,225,0.0032104002125898303,-14.869402771185266,286.9121650066777,-0.0005925864161384253,0.8352784750157801,6000,0.9872312806076081,1125,0.0031176609081793346,4.036956580842209,0.0058298544112505065,20831.0,0.009242370982078855,0.0058245908756420555,20900.0,4.868683840554382e-06,2,203.06200299999998,2.120525977034049e-11,2.120525977034049e-11,0,2,1.0,0.004126999999985996,1068,30,32.46349898754414,327.5591569497355,331.54654716203896,4.481610486891387
NDARAC589YMB,R9,ThePresent,available,129,500.0,30.00327364719468,130,0,42,E8,E25,E21,E17,False,False,False,False,17,243,0.013757852231679203,63.42460998653665,449.9165135642795,-0.007799557003396274,0.7696305987899111,6000,0.8431607041394319,1764,0.009971271013156837,1.3163118645882164,0.010599500415713226,27.0,0.04617268490807554,0.009389316733659761,20708.0,0.04288735853572388,2,203.27400300000002,5.473399511402022e-11,5.473399511402022e-11,2,2,0.9999999999999997,-0.0003679999999184265,1304,43,49.66368660492569,245.62022955080104,332.5315106491687,1.498351226993865
NDARAC853CR6,R9,ThePresent,available,101,500.0,30.003239355694504,130,0,42,E8,E25,E21,E17,False,False,False,False,78,221,0.008889792810489058,14.918859628880135,179.46848712429676,0.0028777344857462157,0.830988340533782,6000,0.9993408077375159,703,0.012012498180087462,6.560000519097844,0.01648676376547538,-10714.0,0.016801913798239417,0.012473735392315168,29.0,0.014824768025157892,2,203.276,4.274358644806853e-11,4.274358644806853e-11,0,0,0.9999999999999994,-0.011722999999999567,1133,36,49.100415635981655,292.90134477935277,287.0239493920035,1.7435392762577229
NDARAC857HDB,R5,ThePresent,available,1609,500.0,59.994440351235355,130,0,42,E8,E25,E21,E17,False,False,False,False,194,240,0.001711571926387787,-1647.0233278017242,367.2812869107113,-0.000539096118810199,0.6807053878492105,6000,0.9611259418665442,1439,-0.00014004792648836164,2.6527955318342933,0.002234872718736074,-20818.0,0.0032313757779616065,0.002119268389181105,24006.0,0.005136671343941249,2,203.074006,6.072919944699606e-11,6.072919944699606e-11,0,2,1.0,-0.006635000000064646,1092,66,27.73679330377673,289.93170351188496,846.8564317621722,2.1682600732600736
NDARAD224CRB,R6,ThePresent,available,91,500.0,60.02331554521294,130,0,42,E8,E25,E21,E17,False,False,False,False,169,241,0.0020886647301947216,12.178091481502225,182.5785729263175,-2.2781677784550603e-06,0.7248335850364002,6000,0.9977846079841171,716,0.002205240565364746,4.74657779039926,0.0023078314205571934,28.0,0.0030685099335350688,0.0020652873391224643,-6938.0,0.002658521576687421,2,203.074007,4.9404924595819466e-11,4.9404924595819466e-11,2,2,1.0000000000000004,-0.00036599999998707545,1413,16,25.07978620691819,259.84879453061245,198.88377726508483,1.149992922859165
NDARAD269FZD,R10,ThePresent,available,266,500.0,30.003149534669674,130,0,42,E8,E25,E21,E17,False,False,False,False,89,206,0.005187237844361324,-1.4600092048286724,209.89417769964962,0.0005917942358888472,0.6869589146143573,6000,0.9989666647233773,822,0.006085721606029484,4.400887796006411,0.006162267842313428,15.0,0.006218538413356137,0.003319509471852679,-41983.0,0.002323572247888521,2,203.066002,5.184741524999481e-11,5.184741524999481e-11,0,0,1.0000000000000002,0.016208999999924666,886,98,44.12878839119631,362.5381327850222,206.78657878268274,1.4634650112866818
NDARAD571FLB,R8,ThePresent,available,59,500.0,60.02338620797348,130,0,42,E8,E25,E21,E17,False,False,False,False,138,243,0.0021011278573759033,14.4872354183963,465.5415532877058,0.00046613738192101444,0.9759987386801162,6000,0.9953257853914692,1824,0.002915049724997314,7.764715044096353,0.0029744777017233206,28.0,0.002815843976897316,0.0017140903239631295,-14359.0,0.001418636068614064,2,203.066003,5.184741524999481e-11,5.184741524999481e-11,0,2,1.0,-0.006177000000046949,871,14,21.940906261644713,435.67683263636667,124.95038471893209,1.2199770378874855
NDARAD615WLJ,R4,ThePresent,available,412,500.0,60.023305223925064,130,0,42,E8,E25,E21,E17,False,False,False,False,164,287,0.0013184346667624045,-55.12390156762261,375.97016472694787,0.00012785145900803257,0.9399864310816465,6000,0.983450711240354,1474,0.001746233408068976,14.627919460190286,0.0018517292238374873,36.0,0.002015992865360264,0.0007282639511993754,-704.0,6.674313955741962e-07,2,203.072006,9.037215420448774e-11,9.037215420448774e-11,0,0,1.0000000000000002,0.008071000000066756,1111,119,29.185410292218144,315.28063206344615,130.7101131890972,3.58968496849685
NDARAE301XTM,R6,ThePresent,available,11655,500.0,60.00884978117019,130,0,42,E8,E25,E21,E17,False,False,False,False,152,240,0.00037051400688938783,350.93119541261166,337.46897085998535,-6.660935313953294e-05,0.6558644026532489,6000,0.8602667723542258,1323,-2.352525961160612e-05,3.584955356718312,0.001769991448969024,21558.0,0.0035254410678381967,0.001744938577030768,21446.0,9.04162737356282e-06,2,203.06399299999998,3.785860513971784e-11,3.785860513971784e-11,2,2,1.0000000000000002,-0.0019159999999813619,36,65,55.51436326810331,174.92021967156063,5989.50094115537,14.0825
NDARAE866UVF,R7,ThePresent,available,322,500.0,119.35233403573179,130,0,34,E8,E25,E21,E17,False,False,False,False,0,227,0.023228011761969192,-3084.174783794827,433.3214334091618,-0.006939930740445349,0.7282266674468711,6000,0.9997221161895152,766,-0.007927474278518339,5.058652889898612,0.05604225408471978,11392.0,0.07806348023373003,0.02318554334068679,-42634.0,0.04495989668188764,2,203.07000000000002,5.129230373768223e-11,5.129230373768223e-11,2,2,1.0000000000000002,6.400000001670696e-05,1521,33,19.446309669558552,247.55890801312106,288.61178790921946,1.5507297830374753
NDARAF003VCL,R8,ThePresent,available,364,500.0,60.02349524111122,130,0,42,E8,E25,E21,E17,False,False,False,False,177,232,0.043845186690664874,-5850.334302397627,1854.104183787403,0.0008547124267575338,0.7885203858320896,6000,0.999854770786879,784,0.00833156921865185,3.7991354026908692,0.017981342078623546,-4015.0,0.01952591391226082,0.01613703328348558,9519.0,0.029237161900547155,2,203.285995,1.4699352846037073e-10,1.4699352846037073e-10,2,2,0.9999999999999994,0.0015479999999057391,1252,92,27.93281939780983,275.66570101137387,176.0269485665141,1.6386980830670923
NDARAF440XWG,R7,ThePresent,available,2409,500.0,81.4590182385457,130,0,34,E8,E25,E21,E17,False,False,False,False,0,246,0.013181509538376721,-3890.7671200785744,2456.268665607803,-0.012022865375143158,0.9893944294043651,6000,0.991316754075175,3924,-0.012023732368424946,0.2101608290111108,0.0014166716213017756,-4552.0,0.002007585663775298,0.0009170728113123156,-5929.0,6.274730076369101e-05,2,203.076005,3.1530333899354446e-11,3.1530333899354446e-11,2,2,1.0000000000000002,0.0004899999999649334,1021,51,16.519091528802306,209.5571995359988,3398.33257540672,1.3096865817825663
NDARAF535XK6,R7,ThePresent,available,544,500.0,117.99450456594445,130,0,34,E8,E25,E21,E17,False,False,False,False,0,246,0.0019351680023238736,-485.72289788839333,609.0602964103759,0.002480477453090469,0.6688564740921672,6000,0.9956779686073036,2388,0.004340651623975322,2.356423509662023,0.006421260155565119,-42102.0,0.006058884424680949,0.006360636949518321,-42229.0,9.899756058654504e-05,2,203.06599899999998,1.4765966227514582e-10,1.4765966227514582e-10,2,2,1.0000000000000002,-9.799999987576908e-05,1264,62,16.00285734887724,307.2222338262173,370.53406255923346,1.68189082278481
NDARAG191AE8,R8,ThePresent,available,209,500.0,60.014025937641364,130,0,42,E8,E25,E21,E17,False,False,False,False,212,229,0.012864099058264954,-1281.918744619654,3149.1953781137204,0.004703626998151401,0.5762217236846607,6000,0.5762217236846607,6000,0.017845110149100393,2.6275967647308867,0.020871520200090452,11103.0,0.04440892232417601,0.02010920229368944,11033.0,0.00011334453370994216,2,203.276005,1.5198953207118393e-10,1.5198953207118393e-10,0,2,1.0000000000000007,0.005484000000075532,1369,38,31.959237199974268,254.68790577398687,285.4203776102828,1.7075529583637694
NDARAG584XLU,R4,ThePresent,available,441,500.0,119.40417520880078,130,0,34,E8,E25,E21,E17,False,False,False,False,0,228,0.0012244486067634714,-44.3233501444913,528.6637913314776,5.562904832667189e-05,0.9289808063443764,6000,0.9870563966490783,2072,0.001406008588562024,4.4385458191230995,0.0014337758453155526,46.0,0.0020997053689433935,0.0013897289827044846,4088.0,0.0013923673647475753,2,203.063994,1.687538997430238e-10,1.687538997430238e-10,0,2,1.0000000000000002,0.002515000000138268,2120,87,44.151484799436886,140.3338465687516,198.38666902124987,3.80222641509434
NDARAG644KE3,R10,ThePresent,available,535,500.0,60.01381973607911,130,0,42,E8,E25,E21,E17,False,False,False,False,135,220,0.00955377124231843,23.25753695101931,133.60874763229035,0.00044870559197574455,0.9446224072530369,6000,0.9975589392747689,524,0.010502643912524362,9.23428815943523,0.01121823304597336,25.0,0.01208798799998828,0.002460487389091691,-43666.0,0.0027518048091093247,2,203.065998,7.582823258189819e-11,7.582823258189819e-11,0,0,1.0000000000000002,0.008096000000037773,1416,92,47.46458049898285,189.22089249877874,244.6617987281468,13.196151129943503
NDARAG788YV9,R11,ThePresent,available,1582,500.0,30.003191609224363,130,0,42,E8,E25,E21,E17,False,False,False,False,148,213,0.005291365921726834,2767.851972603162,879.4356152468008,-0.0021826712168439687,0.9422861265935161,6000,0.9613362861748002,1955,-0.0005417210175403109,1.315176292290958,0.0031826966115672457,2684.0,0.005314264433070164,0.0030204556476147084,3028.0,2.1976925604893886e-05,2,203.076001,8.515410598874951e-11,8.515410598874951e-11,0,2,1.0000000000000004,-0.0026309999999436446,882,161,63.75310514814665,209.0153467567172,797.4700873106922,6.441156462585035
NDARAH239PGG,R9,ThePresent,available,379,500.0,30.003241930777662,130,0,42,E8,E25,E21,E17,False,False,False,False,49,211,2.7950685702974094,2314.3002581474398,889.2469828480594,-2.191577048315125,0.9906374365046675,6000,0.9953690794573667,2428,-1.9159254255857305,1.131416123752535,1.3924756832819685,4724.0,2.106274301851083,0.7870828319390085,3781.0,0.41363019424182057,2,203.276002,3.419486915845482e-11,3.419486915845482e-11,0,2,0.9999999999999996,0.005306000000040461,1006,173,47.74348182974423,293.42022190216323,200.56347200177285,2.0139363817097413
NDARAH304ED7,R5,ThePresent,available,2156,500.0,106.68758939278511,130,0,34,E8,E25,E21,E17,False,False,False,False,0,233,0.003918603947272955,2265.9177210567686,342.8032755912906,0.0002217401482672543,0.5911398090683473,6000,0.9922075848930032,1343,-0.0006964518809064264,3.2302220002580664,0.01086736602831609,-12771.0,0.015791301932212856,0.010572897794010135,-4770.0,0.017733662779615283,2,203.07000100000002,7.327471962526033e-11,7.327471962526033e-11,2,2,1.0,-0.0007259999999386143,828,137,112.08446356935572,130.42382726893447,809.0361154796684,16.594649758454107
NDARAH503YG1,R4,ThePresent,available,5,500.0,60.02337236228564,130,0,42,E8,E25,E21,E17,False,False,False,False,209,235,0.0006286703680951461,16.744303599736917,218.33761712982832,-4.5819477483040326e-05,0.8134150098514206,6000,0.9969940484347439,856,0.0006326373749622822,3.979270725323047,0.000656497728500862,24.0,0.0012167272697399573,0.0002612783793094467,-4871.0,0.000343582224862288,2,203.06400200000002,4.9182879990894435e-11,4.9182879990894435e-11,0,2,1.0000000000000002,0.005187999999929794,1289,2,28.461473110644782,287.6155407897381,99.96181695949436,1.6501396431342124
NDARAH793FBF,R5,ThePresent,available,430,500.0,119.0505684333893,130,0,34,E8,E25,E21,E17,False,False,False,False,0,243,0.0010539523527523416,-1585.625589865225,479.15552317704766,-0.0007828843835462094,0.7674569830081363,6000,0.6571392699418803,1878,0.00022593918545040723,1.4981129333099308,0.0009834022727273012,-11215.0,0.0016536523155072885,0.0009790705560690789,-11606.0,5.135120171679782e-05,2,203.068007,1.865174681370263e-11,1.865174681370263e-11,2,2,0.9999999999999998,0.0005550000000375491,15,204,58.94797498191439,95.95580412102109,364.27784900023414,27.753333333333334
NDARAH976BND,R8,ThePresent,available,1694,500.0,60.009684213045254,130,0,42,E8,E25,E21,E17,False,False,False,False,703,228,0.011875617242527866,259.0229616769593,525.6641057352601,-0.002584057823903678,0.863192743165099,6000,0.9211093886722904,2061,0.010916266528694284,6.424901551620402,0.01154865981736726,39.0,0.017162423221766778,0.0068286450541224265,576.0,1.455489701236018e-05,2,203.275993,1.3211653993039363e-10,1.3211653993039363e-10,2,2,1.0000000000000004,-5.199999990672907e-05,1368,211,86.2135240675023,116.40956217756776,310.3670659052389,12.002061403508772
NDARAJ182PTB,R11,ThePresent,available,388,500.0,60.01413351310121,130,0,42,E8,E25,E21,E17,False,False,False,False,738,220,0.0030034121475893284,21.997456159909614,173.4324279165798,-0.0021046805413641513,0.8981845287931987,6000,0.9711472744059167,679,0.001398545479195268,1.1965756202747755,0.0015391295214408972,18.0,0.0029134679401520355,0.0007851453296711373,27017.0,0.0014667146049329638,2,203.066,9.514611321037592e-11,9.514611321037592e-11,0,2,1.0,0.005902999999895067,607,39,490.54408503196817,86.65101979448139,342.51320726555286,61.75398682042833
NDARAJ689BVN,R5,ThePresent,available,184,500.0,60.02340446656973,130,0,42,E8,E25,E21,E17,False,False,False,False,232,243,0.004752178720260461,1353.0254800629891,376.9941052234322,0.0014063663915195065,0.8999339123368689,6000,0.9973599582952875,1477,0.001480188580698535,4.929101286761883,0.0060340328588399895,1454.0,0.007258150881584888,0.0040866672650607125,-41300.0,0.005280631409201936,2,203.074006,7.760458942129844e-11,7.760458942129844e-11,0,2,0.9999999999999999,-0.005396000000069576,1388,41,27.942405829911827,259.32372692420705,156.039776779999,1.8323414985590778
NDARAJ977PRJ,R8,ThePresent,available,314,500.0,60.018746133573934,130,0,42,E8,E25,E21,E17,False,False,False,False,217,219,4.655987270005935e-06,-3041.862800618538,1921.5842394667027,-8.041775470268132e-07,0.8173445430702684,6000,0.9672859812333359,3725,1.39694216128061e-06,1.818606099469504,6.846979371254274e-06,-33807.0,5.1762011414809516e-06,6.823885666142221e-06,-33894.0,1.0163716119440552e-08,2,203.27599999999998,3.597122599785507e-11,3.597122599785507e-11,0,2,0.9999999999999999,-0.005981000000014975,1320,64,29.093310926645582,247.75229268227594,452.71552540317316,1.5136439393939394
NDARAK738BGC,R5,ThePresent,available,3806,500.0,60.01376579315654,130,0,42,E8,E25,E21,E17,False,False,False,False,194,230,0.0007863394963792166,-5.876385557688275,459.7505456061555,-4.751115499984343e-06,0.9123251480051469,6000,0.9886790183669303,1802,0.0008883665396211001,3.9477570259120944,0.0009501288027348224,45.0,0.0010277047168801522,0.00042747445939386497,-33223.0,0.000463784675510657,2,203.07400299999998,3.785860513971784e-11,3.785860513971784e-11,0,2,1.0000000000000004,-0.005553000000047666,244,581,210.10257931099142,87.93450539893709,259.96866890207525,54.62627049180328
NDARAL828WXM,R7,ThePresent,available,263,500.0,119.3899011395963,130,0,34,E8,E25,E21,E17,False,False,False,False,0,224,0.22267676435847272,3168.2553592672853,503.2445064272743,0.011400830983498445,0.4693736081590828,6000,0.9997599631243868,818,0.0058870658837771326,2.8337445802597294,0.304867039626604,3365.0,0.6113463234296554,0.25980475522782226,8259.0,0.3388245509794333,2,203.068001,6.794564910705958e-11,6.794564910705958e-11,2,2,1.0,0.0001890000000502664,1145,45,17.492793578413593,343.47083634374036,208.3289550662948,2.2253711790393016
NDARAL897CYV,R9,ThePresent,available,92,500.0,30.003291482509525,130,0,42,E8,E25,E21,E17,False,False,False,False,109,235,0.0354548259090284,23.06766303688752,200.52027462154754,-0.00535619118057146,0.9832178558042839,6000,0.9979272618674627,786,0.03236928373387067,18.84159194537314,0.033645804393889596,23.0,0.043640018073037766,0.003212606015670491,-12207.0,0.0103563567842249,2,203.28600600000001,8.748557434046234e-11,8.748557434046234e-11,2,2,0.9999999999999997,0.001629999999939258,1195,22,47.667405310012185,284.17823882235575,290.888717222432,1.2619665271966527
NDARAM487XU3,R7,ThePresent,available,706,500.0,115.5660146885901,130,0,34,E8,E25,E21,E17,False,False,False,False,0,246,0.0,-3000.0,266.6666666666667,0.0,,6000,,523,0.0,,,,,,,,2,203.07799400000002,3.552713678800501e-11,3.552713678800501e-11,2,2,0.9999999999999999,0.0008060000000431674,799,69,18.290503119093444,428.8432962587934,874.7163235219571,2.6786232790988733
NDARAM848GTE,R5,ThePresent,available,10246,500.0,59.91263808973169,130,0,42,E8,E25,E21,E17,False,False,False,False,220,250,0.0008840239263476899,1842.7840989912152,376.57679453429506,-0.00019177020249747966,0.8111742383746544,6000,0.9956798705587068,1476,-9.526155879935674e-05,5.957716766519955,0.007320869602623344,32284.0,0.009960205485709184,0.007248478561414515,32899.0,0.0003793992335981676,2,203.063996,1.0014211682118912e-10,1.0014211682118912e-10,0,2,1.0000000000000002,0.004588000000057908,130,20,127.5173826311109,120.44224525802285,18437.244065492898,14.349615384615385
NDARAN160GUF,R9,ThePresent,available,212,500.0,60.023570582311365,130,0,42,E8,E25,E21,E17,False,False,False,False,230,236,0.005331763604633059,-53.34828238451683,434.322802612465,0.004185894155169364,0.954588161222428,6000,0.9962581737586085,1702,0.010940389651707027,4.54502275198554,0.011208705293831287,25.0,0.011744663572835778,0.0070991995667408995,-14767.0,0.0054478050383422304,2,203.276,6.106226635438361e-11,6.106226635438361e-11,2,2,0.9999999999999997,-0.0014040000000364787,1439,38,30.18440411524486,241.04288104578526,263.9439638754897,1.671862404447533
NDARAN524ZK6,R8,ThePresent,available,168,500.0,60.02340760577113,130,0,42,E8,E25,E21,E17,False,False,False,False,355,223,0.0009878322400325692,-12.90856042399779,252.94130623200834,0.0002238574986588092,0.8830223676613613,6000,0.9968509749405932,991,0.0013254371141354366,8.190829841774422,0.0013787045923407304,26.0,0.0015162118626167952,0.0005827704904460108,-17942.0,0.0005865558473431362,2,203.061994,1.0513812043200232e-10,1.0513812043200232e-10,2,2,1.0000000000000002,-0.0007609999999321103,1142,141,37.91687830964832,259.38298833183813,185.38695119773615,6.894754816112084
NDARAP049KXJ,R9,ThePresent,available,36,500.0,30.00316207113273,130,0,42,E8,E25,E21,E17,False,False,False,False,109,239,0.022221751468987472,18.28052234697866,693.9525135929584,-0.00414999345907287,0.7636534740347337,6000,0.9205672462782639,2720,0.01770692336550242,2.6100927925983024,0.05038197996993725,23464.0,0.05989657533946218,0.0487507741830112,23209.0,0.0007392888859776778,2,203.285994,3.885780586188048e-11,3.885780586188048e-11,0,2,0.9999999999999996,-0.004008999999921544,1430,24,50.57882584656065,228.36623966105387,181.92912901508055,1.4275034965034965
NDARAP120HTA,R10,ThePresent,available,95,500.0,30.00325953358443,130,0,42,E8,E25,E21,E17,False,False,False,False,183,238,0.003139982244354247,-61.300953347611696,371.9509609756482,-0.0005877136281451801,0.8163091010818736,6000,0.9533942232420939,1458,0.003368169223909859,5.880545338293697,0.003530857691672319,29.0,0.004556963283739963,0.0015913610897289366,8155.0,0.002800617393319675,2,203.065997,3.7636560534792807e-11,3.7636560534792807e-11,0,0,0.9999999999999999,-0.010427000000018135,1006,35,42.14424682372643,354.6373647166626,154.27349387370367,1.312624254473161
NDARAP283ZBW,R11,ThePresent,available,386,500.0,60.018609870559416,130,0,42,E8,E25,E21,E17,False,False,False,False,461,236,0.0015182973405064972,79.34121558778104,310.50206865321536,-2.6263022903710276e-05,0.8841753194634422,6000,0.9850066431430445,1217,0.0017038038454975813,7.2565290179065505,0.0017945943572756664,34.0,0.002307315783558226,0.0006686038025924492,40037.0,0.0010109612433030382,2,203.075995,1.0824674490095276e-10,1.0824674490095276e-10,0,2,1.0000000000000002,-0.005135999999925941,2048,33,47.41150963824548,142.12447817110555,226.1468141601662,3.554326171875
NDARAP457WB5,R9,ThePresent,available,77,500.0,30.003235062345794,130,0,42,E8,E25,E21,E17,False,False,False,False,92,226,0.015651694603552428,27.240934832816272,213.60407644620096,-0.0018424502057126444,0.8298735124378875,6000,0.9981613663028581,837,0.014700671112569699,4.854307441884113,0.015315885881200317,27.0,0.017196548953065927,0.005228247298500732,-40720.0,0.004946419381321173,2,203.274003,3.0531133177191805e-11,3.0531133177191805e-11,0,2,1.0,-0.005750000000032485,1142,177,54.17125523317524,232.99044139697824,229.17849536427892,3.353309982486865
NDARAP522AFK,R5,ThePresent,available,292,500.0,60.02335354406609,130,0,42,E8,E25,E21,E17,False,False,False,False,224,229,0.009329959335708399,-961.4543152422737,601.2534041304206,-0.003516284836928987,0.8452599834932469,6000,0.828990205831876,2357,0.002072009012447719,4.035132062357645,0.014716963350955427,50167.0,0.006907303175219195,0.007184632526113093,6774.0,0.01489284519859779,2,203.07600100000002,1.8396395518038844e-10,1.8396395518038844e-10,0,2,0.9999999999999999,-0.0027310000001687703,781,50,25.088445638354173,479.4684219495894,208.25862680625548,1.7580025608194623
NDARAP748AWX,R11,ThePresent,available,481,500.0,60.02339717492949,130,0,42,E8,E25,E21,E17,False,False,False,False,247,242,-1.0,-1.0,-1.0,-1.0,-1.0,-1,-1.0,-1,-0.05062151477414953,8.753305641707328,0.17584905564689396,-3123.0,0.18797620084464464,0.12926869675201522,-2565.0,0.002413569559244072,2,203.066,7.138734048339757e-11,7.138734048339757e-11,0,2,0.9999999999999999,-0.004788000000057151,1310,82,42.224858296467524,244.6651890688591,247.26712901033622,6.2319847328244276
NDARAP782TVC,R3,ThePresent,available,1078,500.0,98.23395440766613,130,0,34,E8,E25,E21,E17,False,False,False,False,21,230,0.0003002169138392703,618.2273781518019,472.91774417144245,0.0002030600348069344,0.7328460143335421,6000,0.9950071200397385,1854,0.0003520645582851211,3.397836014026704,0.0019424370884314752,-46282.0,0.0020640371773500126,0.0014589410902873766,-10499.0,0.0021104559116781408,2,203.070005,1.0969003483296547e-10,1.0969003483296547e-10,0,2,1.0,-0.004428999999894404,4,181,8.343085867183891,,1694.5498933754536,5.1775
NDARAP785CTE,R5,ThePresent,available,621,500.0,60.02334376956988,130,0,42,E8,E25,E21,E17,False,False,False,False,121,227,-1.0,-1.0,-1.0,-1.0,-1.0,-1,-1.0,-1,-0.840820621200322,1.4909425586680436,0.6329144130644261,32116.0,1.1997381176171644,0.617342919104475,31703.0,0.06036213195290907,2,203.063998,3.086420008457935e-11,3.086420008457935e-11,0,2,0.9999999999999997,-0.0062039999999947675,863,139,42.104950187137725,276.9057166915599,658.865377454131,5.8982966396292
NDARAP912JK3,R8,ThePresent,available,296,500.0,60.0232154291807,130,0,42,E8,E25,E21,E17,False,False,False,False,150,228,0.07235289495731438,-5215.221564352438,1774.554259358956,-0.010749390851661995,0.7769016434776135,6000,0.9318935292449936,1263,-0.011374897905318383,1.695753461871354,0.024721576083742938,10681.0,0.08017461387369494,0.024636621255397465,-42396.0,0.04669142908931853,2,203.064,8.382183835919932e-11,8.382183835919932e-11,2,2,1.0,0.000665000000082244,642,164,68.01734298476022,347.3584521865179,169.6446208350901,15.992928348909656
NDARAR305LXG,R8,ThePresent,available,368,500.0,60.023571268322925,130,0,42,E8,E25,E21,E17,False,False,False,False,342,238,0.01095513118596343,-8.7034655180092,524.4287583665651,0.00037960562813893896,0.9515272039445775,6000,0.9863381438093898,2056,0.01376981993677643,9.264961269545442,0.014218681120089983,28.0,0.016594516457794674,0.0038097713900349496,-45637.0,0.005218245942207394,2,203.28600300000002,3.086420008457935e-11,3.086420008457935e-11,2,2,1.0,0.0012109999999667703,1291,76,29.916047233363134,262.2921777632695,332.5670190587383,1.8808520526723473
NDARAR358RHK,R10,ThePresent,available,11673,500.0,59.776307677149454,130,0,42,E8,E25,E21,E17,False,False,False,False,71,228,0.0033794559095829515,2881.9552461803273,485.0698084093107,-0.0007853069373697154,0.9021325925348698,6000,0.9983011197396631,1068,-0.0014391510675632606,4.584101944928313,0.004726793090009461,3808.0,0.006570791721107782,0.0039460559753580655,4369.0,4.512676144419886e-06,2,203.076002,5.906386491005833e-11,5.906386491005833e-11,0,2,1.0000000000000002,-0.006653999999967818,4,11,191.60125998647754,99.96374428228293,37120.662428868105,44.69
NDARAT358XM9,R5,ThePresent,available,291,500.0,60.02334225044072,130,0,42,E8,E25,E21,E17,False,False,False,False,214,242,0.0037647408616207838,7.92279357165098,240.4574559564386,0.0011406620847581226,0.6804535269710105,6000,0.9982539934120748,943,0.005265323681531431,4.079527126081007,0.005435015326218209,27.0,0.004658323970297999,0.003040380776991289,-23863.0,0.002211385089272877,2,203.065993,7.982503547054876e-11,7.982503547054876e-11,2,2,0.9999999999999997,0.00012399999995453355,1085,163,55.55633856305718,217.5798097271044,280.3663186484508,11.395308755760368
NDARAT709MMX,R8,ThePresent,available,1407,500.0,60.02345903990712,130,0,42,E8,E25,E21,E17,False,False,False,False,126,247,0.0027766956288277312,20.708397954084052,262.90033750569216,-8.712811203873339e-05,0.9573065624954178,6000,0.9955909638076658,1030,0.0030272504798592274,9.043172858740796,0.003171805066500623,29.0,0.003935716123772526,0.000876140833077999,6041.0,0.0014243867655043653,2,203.063994,3.1308289294429414e-11,3.1308289294429414e-11,0,2,1.0,-0.007026000000033781,867,254,23.213100466246523,341.5665907135663,204.51295870926265,2.0857670126874277
NDARAU044FP6,R10,ThePresent,available,335,500.0,60.0235053850265,130,0,42,E8,E25,E21,E17,False,False,False,False,121,220,0.004469748018029819,3261.2680382090143,737.30893589489,-0.00444096841252951,0.9745175935361126,6000,0.9993393555036888,1183,-0.0030575764372244977,2.166823324954451,0.00416118358343987,4925.0,0.00697104503018811,0.0029786252616512787,4246.0,1.5772549553746094e-05,2,203.065993,4.518607710224387e-11,4.518607710224387e-11,0,2,0.9999999999999999,0.00203799999996682,1018,73,27.707932402509886,344.4545862090127,281.4017207311132,3.1172102161100192
NDARAU708TL8,R5,ThePresent,available,777,500.0,60.02337184405171,130,0,42,E8,E25,E21,E17,False,False,False,False,374,225,0.012605324259400459,262.03042828438015,541.5758809267035,-0.0005041853767370559,0.7214360331086298,6000,0.9143337272697208,2123,0.013217658101702827,3.0934320916670095,0.0132362383371265,12.0,0.01310340518120707,0.012646659796851381,27764.0,0.01169096223036756,2,203.073999,1.1179945857975326e-10,1.1179945857975326e-10,0,0,1.0000000000000004,0.00802000000008098,1165,108,45.04743469630661,266.62219252007645,281.5271415566325,4.3943948497854075
NDARAU939WUK,R9,ThePresent,available,12179,500.0,60.018478466293395,130,0,42,E8,E25,E21,E17,False,False,False,False,142,242,5.402159049642032e-07,3443.5302410327126,1441.5813692407223,-7.877540090644002e-07,0.9547946393289172,6000,0.9778348186366133,2381,-1.1892296225504258e-06,,,,,,,,2,203.073996,1.765254609153999e-11,1.765254609153999e-11,0,2,0.9999999999999997,-0.007590999999992866,9,2,27.768949087098967,189.2882882222805,202942.29207957318,1.0422222222222222
NDARAV187GJ5,R5,ThePresent,available,3795,500.0,37.92265927855449,130,0,34,E8,E25,E21,E17,False,False,False,False,0,251,-1.0,-1.0,-1.0,-1.0,-1.0,-1,-1.0,-1,-0.0017324205848005011,2.001888453485693,0.002737538250843234,22259.0,0.005208760183529575,0.002604904191880016,3340.0,0.004364830092424162,2,203.071993,5.639932965095795e-11,5.639932965095795e-11,2,2,1.0,0.0002809999999444884,16,32,947.2629001153381,71.87569066106144,11840.089395029223,200.6625
NDARAV454VF0,R8,ThePresent,available,885,500.0,60.02353553662564,130,0,42,E8,E25,E21,E17,False,False,False,False,236,220,0.019682312331051662,-97.07855080542089,600.6903220348527,-0.001687836070617179,0.8705409499448749,6000,0.9679510756085121,2355,0.02082660698584262,5.851530489722308,0.021129807356968358,22.0,0.02975128202281553,0.009804345074986016,-13721.0,0.020957432921288495,2,203.275999,2.3869795029440866e-11,2.3869795029440866e-11,0,2,0.9999999999999999,-0.005704000000019102,1449,211,32.52831161624709,211.43743449887882,180.82123357183175,2.759510006901311
NDARAV925BP3,R10,ThePresent,available,945,500.0,30.00321514684975,130,0,42,E8,E25,E21,E17,False,False,False,False,92,233,0.0028887741961863955,-2008.2787529457503,222.68029052070432,0.0022247152173993515,0.6023435351236482,6000,0.9977375699137507,873,0.0012816571784974335,2.801467532121214,0.006498557165460445,10733.0,0.013006500426660485,0.005478991287218869,-11757.0,0.009819573439082224,2,203.06600300000002,7.915890165577366e-11,7.915890165577366e-11,0,2,1.0,-0.006774999999926848,904,20,44.539862990974164,331.62329374320404,3283.11748923743,0.9973340707964601
NDARAW216PM7,R9,ThePresent,available,541,500.0,60.02352577651437,130,0,42,E8,E25,E21,E17,False,False,False,False,183,228,0.002547333329064255,-3409.947759774119,1013.6124682068166,-0.00013049108720128742,0.58328521330647,6000,0.9821152098128485,1577,2.1880212883188746e-06,2.5877430309726797,0.00904780853493405,-48445.0,0.01063879542042569,0.0068131457249784285,34208.0,0.014977536670414987,2,203.286001,2.4202861936828413e-11,2.4202861936828413e-11,0,2,0.9999999999999997,0.005405000000020295,1411,151,41.03254362668845,211.7232103268343,238.7690355610401,3.7416017009213323
NDARAW298ZA9,R9,ThePresent,available,782,500.0,30.003235381648828,130,0,42,E8,E25,E21,E17,False,False,False,False,84,225,0.0022930460524315053,149.8916060949012,320.1681428385008,-0.0009929036508430835,0.8643403224678748,6000,0.9437081807686147,1255,0.001732674230112325,2.4724560344709574,0.0020050361231358305,-36389.0,0.0033224336433108222,0.001858830088528202,-12239.0,0.004695578392772275,2,203.275998,3.6637359812630166e-11,3.6637359812630166e-11,0,0,0.9999999999999999,0.013813000000045358,1014,248,52.298281012157204,232.2175081536822,323.23174531780154,2.800710059171598
NDARAW427GWK,R11,ThePresent,available,220,500.0,60.023504343405996,130,0,42,E8,E25,E21,E17,False,False,False,False,284,216,-1.0,-1.0,-1.0,-1.0,-1.0,-1,-1.0,-1,-1.1451574466815186e-05,,,,,,,,2,203.065993,3.2862601528904634e-11,3.2862601528904634e-11,2,2,0.9999999999999997,0.001066000000037816,1311,42,29.10109275362127,274.1718341676389,184.8530484141217,2.288565980167811
NDARAW620GJ8,R11,ThePresent,available,210,500.0,60.02346324409954,130,0,42,E8,E25,E21,E17,False,False,False,False,183,215,2.054341720705187e-06,-2788.176076604821,282.54943264763676,-4.040723084782443e-06,0.9861821878546302,6000,0.9993043138681108,766,-4.291225464459409e-06,0.4380132984308841,5.373512511682545e-07,-20519.0,5.069044257561677e-06,4.40045414079788e-07,-20582.0,1.0016133793930686e-08,2,203.063994,4.285460875053104e-11,4.285460875053104e-11,0,2,0.9999999999999999,0.004098999999971433,2079,44,65.22478774749092,124.84142032913185,167.75022306900996,4.370870610870611
NDARAX075WL9,R9,ThePresent,available,74,500.0,30.003302010157295,130,0,42,E8,E25,E21,E17,False,False,False,False,53,220,0.01258697731835862,-5.913763701596227,305.43649635886413,-0.0009137522316278429,0.9565957213463705,6000,0.9912635258215495,1197,0.013853653835727283,13.700956072824338,0.014365549065231993,25.0,0.016000710164490752,0.002928396044646086,-14337.0,0.004167490524672121,2,203.286,4.7628567756419216e-11,4.7628567756419216e-11,0,2,0.9999999999999999,-0.0021920000000381135,1283,34,46.97005810012829,262.1340979656311,142.14873321162548,1.4229696024941543
NDARAX272ZJL,R4,ThePresent,available,252,500.0,60.01341105449046,130,0,42,E8,E25,E21,E17,False,False,False,False,259,223,0.01016384863795544,-3728.8830109516093,2494.2788269001653,-0.00682023021346671,0.8695212665850229,6000,0.8330158711423182,4160,-0.007272623327590109,3.3780366032748685,0.010296456819465921,-27303.0,0.01391984133575297,0.008497943269481965,-26372.0,2.2065006219373906e-05,2,203.073997,2.8976820942716586e-11,2.8976820942716586e-11,2,2,1.0000000000000002,0.00020000000000086008,1323,40,26.055207912292513,271.86591348707543,230.33424869596902,1.669289493575208
NDARAX283MAK,R4,ThePresent,available,103,500.0,60.023272659808555,130,0,42,E8,E25,E21,E17,False,False,False,False,199,213,0.0014406469412237314,33.51323734581612,141.03459986298026,-0.000535414110997765,0.9539796551716057,6000,0.9946187166683984,552,0.0009086519963798778,3.3002628150242406,0.0010021701127302983,26.0,0.0015707811905939142,0.0001497935074892661,22677.0,0.0004890891859258452,2,203.065996,3.008704396734174e-11,3.008704396734174e-11,2,2,1.0000000000000002,0.0017570000000031267,1399,33,24.985699803474834,259.8694715164457,117.63038623569751,1.3160829163688348
NDARAX287BLD,R7,ThePresent,available,122,500.0,118.49698318644167,130,0,34,E8,E25,E21,E17,False,False,False,False,0,241,0.012927197284288752,-1431.6311093003033,554.46229527104,-0.0021139667157248692,0.7362177340076854,6000,0.9991011426696226,2174,-0.0055960107549689305,5.523920876164245,0.032086017848327174,-26081.0,0.0336714204628167,0.014593352122775094,-12391.0,0.02787088614412076,2,203.069993,5.062616992290714e-11,5.062616992290714e-11,2,2,0.9999999999999994,0.0017600000000751446,1339,14,36.846720211783676,264.2445974685665,643.9515475716089,6.111067961165049
NDARAX358NB5,R5,ThePresent,available,363,500.0,60.00897554376942,130,0,42,E8,E25,E21,E17,False,False,False,False,239,232,0.0018205410194014559,-162.48613176964267,547.6651753425665,-0.0005727902033369307,0.8290588775479778,6000,0.9365997759722255,2146,0.0012988776632057461,3.802374208399999,0.002633344415404037,-29296.0,0.0028908682089315275,0.002115703393258722,-38801.0,0.002356137652586659,2,203.06400299999999,2.275957200481571e-11,2.275957200481571e-11,0,2,1.0,0.003732999999982982,1144,76,31.136509955340696,310.3406652966225,169.42733124788055,2.6780506993006994
NDARAX722PKY,R9,ThePresent,available,194,500.0,30.003275262482074,130,0,42,E8,E25,E21,E17,False,False,False,False,172,221,0.015305938428968593,-56.85685254113922,542.1598991180198,-0.009993483337858357,0.9064346596671146,6000,0.7572182909745676,2125,0.010408926164781968,4.571517720715906,0.07816059824209459,27817.0,0.09391906339523853,0.05804682886001744,27019.0,0.012211155967755002,2,203.27599899999998,3.1530333899354446e-11,3.1530333899354446e-11,0,2,0.9999999999999997,0.007752000000063585,1184,89,46.64661819251878,267.1783692859188,137.4435284649415,1.4413175675675676
NDARAX887JRN,R4,ThePresent,available,1003,500.0,119.67378810686887,130,0,34,E8,E25,E21,E17,False,False,False,False,0,238,0.002282316725050704,-1.207298767426595,396.8471263836811,0.00017640020339522284,0.9302904785537348,6000,0.9841307731155382,1556,0.003197273359335523,19.6700754743404,0.0033469961426423906,-29.0,0.0034255940890222368,0.001280980563676325,448.0,1.8151502903665214e-05,2,203.077999,4.707345624410664e-11,4.707345624410664e-11,2,2,1.0000000000000004,0.0015779999999899325,1044,138,17.074719108841578,359.8165901802994,229.75469963366177,2.8184291187739463
NDARAY283AU1,R6,ThePresent,available,65,500.0,60.023336972860484,130,0,42,E8,E25,E21,E17,False,False,False,False,161,243,0.04240854425468238,2718.0498594189385,405.07804324102847,-0.025746944049048173,0.9594681257309038,6000,0.9791116296312965,1075,-0.018010299527990277,7.563480044498401,0.3606518594010852,-6342.0,0.38781392240984336,0.11525439480169038,17870.0,0.21976836591529444,2,203.063996,1.192379528447418e-10,1.192379528447418e-10,0,2,0.9999999999999999,-0.007996000000096284,1749,15,49.04840422595791,180.21778961291173,211.05085994883703,2.9553802172670096
NDARAY298THW,R8,ThePresent,available,2241,500.0,60.023261813148395,130,0,42,E8,E25,E21,E17,False,False,False,False,416,236,0.01436871659052571,11.757341064763436,363.73846005526246,-0.0013450397363838143,0.9079469692707806,6000,0.9818860447044371,1426,0.016408386796275765,6.0555810765599425,0.016936512898828873,25.0,0.020864693098550435,0.007123401318805656,-15679.0,0.010944790114356643,2,203.285995,4.785061236134425e-11,4.785061236134425e-11,0,2,1.0000000000000004,-0.0032170000000395845,943,422,69.68271822097284,132.65139062074306,220.85283923841558,19.8433934252386
NDARAY461TZZ,R4,ThePresent,available,29,500.0,60.02326109849006,130,0,42,E8,E25,E21,E17,False,False,False,False,126,232,0.0007873198612807637,69.58878482299575,292.8768408431707,-0.00015805995555726344,0.945310413657922,6000,0.9881490393259492,1148,0.0007335664120607471,9.710289311856528,0.0007896225916508856,31.0,0.0010291441389146203,0.0001688591318455384,15012.0,0.00039244791340347263,2,203.074005,8.848477506262498e-11,8.848477506262498e-11,0,2,1.0000000000000002,-0.0035689999999368996,1165,7,23.294311892133546,325.41394535136993,166.6004556354886,1.11337339055794
NDARAY475AKD,R7,ThePresent,available,85,500.0,60.02337818051742,130,0,42,E8,E25,E21,E17,False,False,False,False,494,229,0.0007430932026889617,59.99494415574296,248.6361571962739,0.0003438928732754141,0.8879174832941021,6000,0.9976986010260124,975,0.001159042837400449,3.3311427746131033,0.001232261588982911,35.0,0.001375148232399,0.0010161041639409763,-13335.0,0.001155778697766341,2,203.062002,7.815970093361102e-11,7.815970093361102e-11,2,2,1.0000000000000007,0.00047499999998501795,1384,17,44.8290098834444,234.0677916821319,144.06498690133625,11.315643063583815
NDARAY596ZWD,R10,ThePresent,available,837,500.0,30.003222731572716,130,0,42,E8,E25,E21,E17,False,False,False,False,67,227,0.0014887493624946373,16.697730593263866,535.2399602221519,-0.0010261521011402646,0.6732621868978803,6000,0.2645357906833585,2098,0.0013713044576708301,2.2926097240445813,0.004863261873887611,-44639.0,0.005374757753238982,0.0045592207560494515,-33958.0,0.007529644181779371,2,203.066001,1.9095836023552692e-11,1.9095836023552692e-11,0,2,0.9999999999999999,-0.0029519999999613384,1112,297,47.7189115862572,229.42442037073423,204.2501072331439,2.7157374100719425
NDARAY761BFH,R11,ThePresent,available,479,500.0,60.018566549481896,130,0,42,E8,E25,E21,E17,False,False,False,False,48,238,0.0013710239052024103,188.86984349151035,272.8327668759281,-0.00035240964767984734,0.7838791940378792,6000,0.9307930346733764,1069,0.0011837020552405823,4.510788503762923,0.001542336255803909,-10971.0,0.002375202900949465,0.0014378597612636802,38.0,0.0024285734440155932,2,203.065998,6.0285110237146e-11,6.0285110237146e-11,0,2,1.0000000000000002,-0.004854999999964736,1316,161,60.793420963867675,166.03909027803607,249.5974378874956,17.134270516717322
NDARAY977BZT,R11,ThePresent,available,27,500.0,30.003242089464045,130,0,42,E8,E25,E21,E17,False,False,False,False,79,220,0.0014362705186793448,-2.3563201504472997,84.99937472483538,-0.0023666766020408085,0.9958951199059171,6000,0.9989569457538401,333,-0.0009278196650393475,0.381727483466878,0.0002240090992313872,5505.0,0.0018361720054179897,0.00010624829786273231,5945.0,6.198578276601785e-05,2,203.066,7.049916206369744e-11,7.049916206369744e-11,0,0,0.9999999999999999,0.01424199999994454,1342,12,44.40792223572658,256.2617636975394,149.9893660185025,0.7232786885245902
NDARAZ068TNJ,R9,ThePresent,available,6133,500.0,30.003280149098266,130,0,42,E8,E25,E21,E17,False,False,False,False,65,221,0.002528585899855035,-2287.9428751909436,2133.8425292650286,9.268688561815382e-05,0.7903570288478656,6000,0.9085715655999537,4895,0.0012098220407714114,1.5001629047673026,0.0032090646323979224,-13390.0,0.0010603730359664623,0.0032074943919291974,-13337.0,6.410937436218157e-07,2,203.276003,7.194245199571014e-11,7.194245199571014e-11,0,0,1.0000000000000007,0.014721999999968859,3,5,99.99279774391077,124.9959140988642,81668.6013808518,8.966666666666667
NDARAZ069DBL,R10,ThePresent,available,791,500.0,60.01867895354289,130,0,42,E8,E25,E21,E17,False,False,False,False,232,220,0.09538785577875826,2874.0065936262768,393.3303373316109,-0.031009312516661797,0.5057287330309391,6000,0.9930836152053187,896,-0.17170116810798636,5.543090525050795,0.2851212063730662,12771.0,0.4775522308090036,0.2196607296139532,-27046.0,0.3674040790484698,2,203.075997,6.938893903907228e-11,6.938893903907228e-11,0,2,1.0000000000000002,-0.004192999999946602,1857,148,55.67949992325357,140.92506647874467,211.18510404546615,4.056655896607431
NDARAZ532KK0,R11,ThePresent,available,101,500.0,60.02341175795341,130,0,42,E8,E25,E21,E17,False,False,False,False,299,234,0.0,-3000.0,266.6666666666667,0.0,,6000,,523,0.0,,,,,,,,2,203.06599799999998,3.042011087472929e-11,3.042011087472929e-11,0,2,1.0,0.0064370000000324315,1335,17,27.1184774217555,273.01539171997763,142.11500335510442,1.5991985018726593
NDARBA004KBT,R9,ThePresent,available,1533,500.0,30.00327953813629,130,0,42,E8,E25,E21,E17,False,False,False,False,241,27777,0.01336185243572465,-82.01432710943908,524.0575030744545,0.0031832093918287034,0.8118534355231632,6000,0.9888104741375613,2055,0.01732470419059399,3.5778366199322926,0.017627263343967255,34.0,0.01798454047626644,0.014921122896889863,-14354.0,0.014889516407286736,2,203.276001,9.814371537686384e-11,9.814371537686384e-11,0,0,1.0000000000000004,-0.008347999999946818,755,156,43.705470750472074,309.88682486821847,656.364540978893,1.0504503311258278
NDARBB118UDB,R4,ThePresent,available,403,500.0,119.14354672054039,130,0,34,E8,E25,E21,E17,False,False,False,False,0,244,0.0005115747691460701,-2416.177546356834,177.5453321182349,0.00011500136294659229,0.7569968847179275,6000,0.996624556511718,696,0.00014368269577385537,3.9632528089827446,0.0008944446905911427,3919.0,0.0012143204816147859,0.0008402898217615469,31473.0,0.0011650242644095402,2,203.07000599999998,8.615330671091215e-11,8.615330671091215e-11,0,2,1.0000000000000002,0.003982999999883734,25,130,215.5408273580451,,280.391017833947,107.766
NDARBB995GGY,R9,ThePresent,available,109,500.0,30.003321534796257,130,0,42,E8,E25,E21,E17,False,False,False,False,252,220,0.005029235086128491,18.306760848447457,182.97662967674367,-0.000172835770555719,0.9407318855396551,6000,0.9977698006361784,717,0.00517933371855575,8.348707302574995,0.005426280590263214,27.0,0.0068421375570618705,0.0018015098458801187,-8130.0,0.0024394403829858242,2,203.287999,4.496403249731884e-11,4.496403249731884e-11,0,2,1.0000000000000004,-0.004675000000033444,1064,33,44.89056973586643,320.98129986214013,112.11165798652355,1.265065789473684
NDARBC240LNC,R5,ThePresent,available,927,500.0,60.023452724646596,130,0,42,E8,E25,E21,E17,False,False,False,False,290,225,-1.0,-1.0,-1.0,-1.0,-1.0,-1,-1.0,-1,-5.476624695590929e-05,2.9705614932964495,0.001958726967704235,39491.0,0.003029410200787695,0.0019247099094845108,39364.0,6.300084476515075e-06,2,203.063994,1.4210854715202004e-11,1.4210854715202004e-11,2,2,0.9999999999999998,0.0002000000000288357,1334,232,28.425333381996413,235.59072723907173,137.80709917589976,2.5396701649175415
NDARBC296PLU,R4,ThePresent,available,134,500.0,60.023344027902695,130,0,42,E8,E25,E21,E17,False,False,False,False,208,230,0.7271475176612919,2275.93983053914,281.7743375230381,-0.006664602363223157,0.9448273382098371,6000,0.9973207928837755,1105,-0.16398217217906988,6.853324065008618,0.6601941716014784,2278.0,1.0166097741145155,0.6532798416283292,2419.0,0.0038093714698741454,2,203.063996,5.695444116327053e-11,5.695444116327053e-11,0,2,1.0,0.002783000000057112,839,34,22.816359430281548,442.3629019082227,271.4701683469875,1.1338379022646006
NDARBC734UVY,R4,ThePresent,available,819,500.0,60.02328042690058,130,0,42,E8,E25,E21,E17,False,False,False,False,134,233,0.0003649914326276872,1566.3099519097075,150.7267138448889,0.0005107310278011711,0.7277152725873419,6000,0.9997179425314933,591,0.00048794857911960864,3.76109790418997,0.0012191723582522236,-44061.0,0.001600380323119176,0.0011875259214900174,-43612.0,1.492461762622071e-05,2,203.064002,2.9976021664879227e-12,2.9976021664879227e-12,0,2,0.9999999999999999,-0.006254999999994006,1029,182,25.40430310076294,332.04689880340004,156.98852501636557,2.8144703595724003
NDARBC773HN6,R10,ThePresent,available,451,500.0,60.01875047227794,130,0,42,E8,E25,E21,E17,False,False,False,False,739,228,0.004453017121542882,-2957.5290810657966,159.01803068073968,-0.0013340569269171185,0.6548898588755772,6000,0.9928196446529645,355,0.0010441276525490271,5.944069479816254,0.027608579736424936,-17552.0,0.03003603802205917,0.010353484415569466,-4027.0,0.020887809146515376,2,203.067993,4.796163466380676e-11,4.796163466380676e-11,0,2,0.9999999999999997,-0.005107999999931876,1536,43,38.38755411290546,211.4125058614934,451.3571684036247,2.7989388020833332
NDARBD328NUQ,R9,ThePresent,available,104,500.0,30.00327820567229,130,0,42,E8,E25,E21,E17,False,False,False,False,75,223,0.011562941885673906,-15.495855133643394,278.3814053590959,-3.477043235929983e-05,0.8355818733363062,6000,0.9658413311085837,1092,0.015213468734319049,9.254506529684601,0.01600411929398614,26.0,0.020062325680073104,0.007666628730217169,-7561.0,0.009108894130994465,2,203.286003,1.0702549957386509e-10,1.0702549957386509e-10,0,2,0.9999999999999997,-0.0046530000000714515,1220,41,48.302864564301295,273.19125940830617,184.53634854224592,1.526467213114754
NDARBD347AG0,R10,ThePresent,available,164,500.0,30.0032186277858,130,0,42,E8,E25,E21,E17,False,False,False,False,101,221,0.003911622007056074,67.4365691954128,236.32702240856597,-0.003785772386212587,0.9646789152709049,6000,0.9833129488924669,926,0.0006903699344302572,4.580696431119905,0.007313464272029635,5764.0,0.011803510191720568,0.0049930098846199845,4164.0,0.0020290597052496184,2,203.07799699999998,5.828670879282072e-11,5.828670879282072e-11,0,2,1.0,0.0076770000000598295,1004,70,50.26282796406565,324.6427269232357,174.74963269935714,2.046065737051793
NDARBD879MBX,R1,ThePresent,available,340,500.0,117.4266922090686,130,0,34,E8,E25,E21,E17,False,False,False,False,0,241,0.0032738069813707054,88.49398701359257,466.69496221655027,-0.0005550964174467001,0.8976934391874576,6000,0.9846654923495515,1830,0.003057329541173907,4.390475571050063,0.0031332487033865174,36.0,0.004451970703437904,0.0014679855843510844,-26810.0,0.002074779700287719,2,203.07000100000002,4.8405723873656825e-11,4.8405723873656825e-11,0,2,1.0,0.0031610000000393923,1053,36,16.252961463499787,357.1232128230007,622.2305413169469,1.4297910731244063
NDARBD992CH7,R9,ThePresent,available,255,500.0,22.769788772980956,130,0,42,E8,E25,E21,E17,False,False,False,False,54,262,0.011540554665297402,33.68668659836132,746.0995203114231,0.0013024025240939152,0.5733426022350527,6000,0.9947298445364554,2925,0.013061077256816484,3.523827009573173,0.03109052489739379,18939.0,0.05362518263011318,0.031086144758367892,18970.0,1.2318225536614436e-05,2,203.27599999999998,5.7065463465733046e-11,5.7065463465733046e-11,0,2,1.0000000000000002,0.0033000000000288467,924,25,57.3123682906109,303.55125369787834,2824.422591746339,1.8764285714285713
NDARBE081CU3,R10,ThePresent,available,11697,500.0,60.023316717376524,130,0,42,E8,E25,E21,E17,False,False,False,False,490,235,0.0005277691981321633,-129.54281130786387,259.5293796421684,0.00044596708701568477,0.5848775550736185,6000,0.9905304722623731,1018,0.0010699972834384867,2.9782363746060856,0.00134155519381011,-13065.0,0.00114571470865843,0.0013300306699954001,-47978.0,0.0007007942887624283,2,203.066004,2.298161660974074e-11,2.298161660974074e-11,0,2,0.9999999999999997,-0.0033409999999820784,64,2,138.49184957784323,120.91769760747475,194955.2784288216,12.88203125
NDARBE091BGD,R5,ThePresent,available,728,500.0,59.95097053236028,130,0,42,E8,E25,E21,E17,False,False,False,False,182,240,0.007622441788840693,52.9381942071373,285.0975453041661,-0.00047376134744162143,0.6643837397653168,6000,0.9980749365481032,1117,0.007235158920453591,4.78571806274544,0.007760987473434452,57.0,0.011009714035293607,0.004480728336398843,-46890.0,0.00528837005087749,2,203.06400499999998,2.631228568361621e-11,2.631228568361621e-11,2,2,0.9999999999999999,0.00018500000005279395,1118,59,43.87168348883513,268.19653886098405,540.189525607693,7.849329159212879
NDARBE096YK6,R11,ThePresent,available,57,500.0,30.00308015727706,130,0,42,E8,E25,E21,E17,False,False,False,False,37,219,0.039355703111340685,2400.7369362894283,489.72777619297796,0.0003347177419451117,0.9123513954366885,6000,0.997077441494001,1559,0.007232802971353751,2.081488214551879,0.049826181516906855,41134.0,0.0803318114722853,0.043476498914207566,7794.0,0.0879991577165394,2,203.066005,8.64863736182997e-11,8.64863736182997e-11,2,2,1.0000000000000002,-0.0008709999999408859,1433,25,56.59149607915699,221.65478865548468,242.65347613985853,1.7718632240055827
NDARBE103DHM,R5,ThePresent,available,438,500.0,60.02332701849623,130,0,42,E8,E25,E21,E17,False,False,False,False,136,228,0.00043429873436600286,-38.7041218435025,111.76321515134369,0.0004443819153855675,0.24655242527568536,6000,0.9978087601505332,438,0.0008794508139495675,2.400786098109278,0.0009488567406609587,26226.0,0.0012623467455857862,0.000901544597135281,22.0,0.0012668227350784668,2,203.076,2.1538326677728037e-11,2.1538326677728037e-11,2,2,1.0000000000000002,0.0019889999999566366,1216,88,32.2391697096583,276.06664088417114,197.08588978447617,3.3840953947368426
NDARBE719PMB,R9,ThePresent,available,590,500.0,30.003288481623564,130,0,42,E8,E25,E21,E17,False,False,False,False,97,216,0.009266018531445897,128.00994676834387,349.4428004412928,0.015400119212345848,0.8775728045078772,6000,0.9988883706336249,1369,0.024945801404197925,3.4080181144291197,0.03822713892404732,13646.0,0.02658459739830125,0.0356893179837296,13398.0,0.0005842152391959121,2,203.276,3.708144902248023e-11,3.708144902248023e-11,0,0,0.9999999999999996,0.013284000000017933,956,244,47.242231904256194,288.66192522195496,173.21057559620124,2.1481276150627617
NDARBF042LDM,R9,ThePresent,available,135,500.0,30.00326594586949,130,0,42,E8,E25,E21,E17,False,False,False,False,87,224,0.004467346985456242,25.12388848146948,305.1048733789179,0.0008104531491151084,0.9628735520342822,6000,0.9936497138066565,1196,0.006065586307038557,9.538444302101881,0.006397434580095361,31.0,0.00672967291228984,0.002479482425004149,-14577.0,0.002405748499561087,2,203.27599999999998,3.7636560534792807e-11,3.7636560534792807e-11,0,0,0.9999999999999999,-0.013080000000018164,1310,172,75.28759049656018,173.44116058276134,253.08169245772888,4.024603053435114
NDARBF176LPM,R2,ThePresent,available,817,500.0,115.11426488509524,130,0,34,E8,E25,E21,E17,False,False,False,False,0,237,0.0014360301753067965,200.6116119786785,460.2173113718265,0.0007424079793489733,0.9265079634244688,6000,0.9873951930296354,1804,0.002264572272161919,4.029913835083577,0.002267342595559301,-9.0,0.0029761203796428294,0.0022096122546084304,-41447.0,0.0021799003771897185,2,203.080007,3.9968028886505635e-12,3.9968028886505635e-12,2,2,0.9999999999999999,-0.0004219999999903704,245,326,149.26264948066597,67.41349091175319,337.3673120082664,49.04028571428571
NDARBF293YRB,R7,ThePresent,available,395,500.0,119.847329413408,130,0,34,E8,E25,E21,E17,False,False,False,False,0,249,1.0149010844226758,2410.3827720195513,815.703632834753,-0.3199486231485235,0.9284007958316065,6000,0.9281894907864425,2188,-0.6550821836253671,4.204174292104721,1.5050120493187922,48186.0,1.9912493531073538,0.8536222118683936,42753.0,1.676494066227944,2,203.069999,1.7763568394002505e-11,1.7763568394002505e-11,2,2,1.0,-0.0006230000000075329,1415,97,25.22072318197864,271.1442974835797,143.7001273125873,4.696812720848056
NDARBF851NH6,R5,ThePresent,available,191,500.0,119.55642873580084,130,0,34,E8,E25,E21,E17,False,False,False,False,0,224,0.004543692797313735,289.63381309436556,643.9071075306683,0.006105593104401734,0.9486156755676218,6000,0.9995002806981106,2524,0.01025113151173589,3.776282148019818,0.010891717514498654,187.0,0.012116993029904816,0.009331249966133532,-22969.0,0.008207402146756505,2,203.06800199999998,8.881784197001252e-11,8.881784197001252e-11,0,2,1.0000000000000002,0.004116000000062452,2014,22,73.68535670172885,109.57986373197784,389.29744438265044,6.667626613704073
NDARBF911MLX,R10,ThePresent,available,26,500.0,60.0235293403071,130,0,42,E8,E25,E21,E17,False,False,False,False,71,212,0.0016599837664092922,-4.590220709030144,111.3657503743445,-4.73229514564972e-05,0.4542134265677551,6000,0.9973218491703009,436,0.0016757392045237895,5.101833920737113,0.0041963834319846535,-30223.0,0.004739855409441329,0.004102840137029911,-30382.0,3.911299547965097e-06,2,203.066003,5.773159728050814e-11,5.773159728050814e-11,0,2,1.0000000000000002,0.005573000000030028,1643,75,54.49504143125951,171.30588611309804,163.71794954658807,9.387559342665856
NDARBG073ZY4,R10,ThePresent,available,6,500.0,30.003226466728,130,0,42,E8,E25,E21,E17,False,False,False,False,97,244,0.00879464154295627,1111.6784839498919,868.3957792668964,-0.001892839914816091,0.826869419276596,6000,0.9031814751144961,3404,-0.0008708505080804126,2.4794628041672153,0.011264320885269272,-23585.0,0.019031402352173134,0.011125640971138833,-23732.0,8.150410616661156e-05,2,203.06600400000002,2.6201263381153694e-11,2.6201263381153694e-11,0,0,1.0000000000000002,-0.00869100000005269,705,4,40.70673270296652,530.7549910302107,1258.2584925276383,0.8805531914893616
NDARBG188RA5,R5,ThePresent,available,342,500.0,118.68899962674064,130,0,34,E8,E25,E21,E17,False,False,False,False,0,236,0.0007149365149339629,1734.4759718514065,837.1729323901247,0.0003265133747169362,0.4101289622929402,6000,0.9581031400120243,2906,0.0009606389405931645,4.68414282445402,0.007349770314727164,-47303.0,0.010179296980933939,0.0072032575321803564,7252.0,0.008547777951279272,2,203.069999,2.8421709430404007e-11,2.8421709430404007e-11,2,2,1.0000000000000002,0.0016039999999418438,1595,70,22.416993254253285,231.34067820598247,262.8456683493454,2.9941253918495296
NDARBH019KPD,R9,ThePresent,available,87,500.0,30.003271728632118,130,0,42,E8,E25,E21,E17,False,False,False,False,158,220,0.008199651925482932,19.187976229203276,188.59677164013561,-0.003082884531849128,0.886186181955064,6000,0.9972593697642668,739,0.00550513391426921,2.0168237990620597,0.005789669957351497,23.0,0.012062745351265752,0.005367931033676713,6223.0,0.011905185570009427,2,203.286,2.2093438190040615e-11,2.2093438190040615e-11,0,2,1.0000000000000002,0.0068209999999556,1081,33,45.201684202511686,313.1590910251434,156.5544165847125,1.0940425531914895
NDARBH482JK1,R11,ThePresent,available,160,500.0,60.02345338247752,130,0,42,E8,E25,E21,E17,False,False,False,False,607,227,0.007468582881346874,-248.54421286077314,488.68468068331,-0.001287699536521757,0.6223808486996716,6000,0.9334895284422148,1916,0.006767891148538233,2.8680592301608665,0.006830754095360598,21.0,0.009356290551685001,0.005277023015041297,-1669.0,0.0014944309379724377,2,203.065994,2.0317081350640365e-11,2.0317081350640365e-11,0,2,0.9999999999999999,0.002836000000012564,1254,32,28.24646101697419,287.7218041546332,104.64651391368199,3.235909090909091
NDARBH502NZ9,R10,ThePresent,available,254,500.0,60.023343661944104,130,0,42,E8,E25,E21,E17,False,False,False,False,111,220,0.022816585625341272,-1909.3642183941677,446.69303189131426,0.011230916738958025,0.9917890673997182,6000,0.9982459998764467,1751,0.015601180077238116,5.401312534505281,0.037513416809661256,-1859.0,0.03941169463773607,0.028295582240212128,23181.0,0.025011338263033617,2,203.065994,1.4210854715202004e-11,1.4210854715202004e-11,2,2,0.9999999999999999,-0.0017999999999997293,955,60,61.42799356391964,327.4085925958043,188.54317567092204,12.61689005235602
NDARBH701KA1,R10,ThePresent,available,171,500.0,30.003168693584858,130,0,42,E8,E25,E21,E17,False,False,False,False,56,226,1.6212364427629373,872.5190889136209,251.32134329375373,-0.19738932040367474,0.5964528432258253,6000,0.9919629605545335,986,-0.6883619303740464,2.6894538055534847,2.2008823251819645,19774.0,3.6579162689156157,2.1862795403785062,6788.0,4.401097985742771,2,203.06799800000002,2.531308496145357e-11,2.531308496145357e-11,2,2,1.0000000000000002,-9.400000005059818e-05,1226,82,50.268763656541516,252.1166601329602,275.5912942744174,2.5786541598694943
NDARBH728DFK,R9,ThePresent,available,121,500.0,60.02350069856167,130,0,42,E8,E25,E21,E17,False,False,False,False,108,237,0.0038808189750028027,-2672.363749604844,353.7330431266074,-0.0001345482178765131,0.7127381767259044,6000,0.9951091838234567,1021,-0.0008005088626392436,6.333046988799245,0.020709214807424946,-44499.0,0.022206330504417407,0.0073496795594153175,-43651.0,3.397978399189566e-05,2,203.063994,3.774758283725532e-11,3.774758283725532e-11,0,2,0.9999999999999997,-0.006670000000018144,931,27,22.369272172370504,408.83055424359947,138.83388551396956,1.1900107411385608
NDARBH992ARB,R5,ThePresent,available,700,500.0,60.023368285650896,130,0,42,E8,E25,E21,E17,False,False,False,False,197,219,0.02463921658106866,-3148.4496072236875,783.2459594949067,-0.011844293627078827,0.8122957467091444,6000,0.9149409219090721,1387,-0.018113513872624793,2.7393810328636072,0.02629693449144139,-18725.0,0.03787298760594374,0.025942502064743852,-18191.0,0.0018302755242000646,2,203.06400299999999,4.6629367034256575e-11,4.6629367034256575e-11,0,0,1.0000000000000004,0.008076000000007067,756,138,207.3523274140313,89.9083413735051,418.56338270562395,26.321150793650794
NDARBJ159HXB,R3,ThePresent,available,37,500.0,118.84074479639656,130,0,34,E8,E25,E21,E17,False,False,False,False,0,227,0.008356397196690724,399.8631765513689,629.3086943349109,0.0010003513732694755,0.7884657290605064,6000,0.9909588366133707,2467,0.00775879411792714,3.780476789496093,0.014214325929503606,15444.0,0.024318260833305246,0.01134470248844908,-12274.0,0.019404699530548315,2,203.067993,2.708944180085382e-11,2.708944180085382e-11,2,2,0.9999999999999999,-0.00013399999997378692,39,34,635.6534770673394,72.22485324297246,902.8301278826598,130.3674358974359
NDARBJ478HW5,R7,ThePresent,available,1498,500.0,93.83551746397164,130,0,34,E8,E25,E21,E17,False,False,False,False,0,242,0.0006962516135202609,3115.665891483185,1.3449381925398143,-0.0002614710063902102,0.5659502401632759,6000,,0,-0.0001604773570252773,3.9551758020261825,0.005574607544363976,-47314.0,0.005907991638863718,0.00401428365866772,5078.0,0.006775015544337344,2,203.065996,3.6415315207705135e-11,3.6415315207705135e-11,2,2,1.0000000000000002,0.0006439999999833984,987,41,15.887222669268692,270.1254266151153,3069.9041891180013,2.1037386018237085
NDARBJ674TVU,R5,ThePresent,available,702,500.0,60.008846446715665,130,0,42,E8,E25,E21,E17,False,False,False,False,164,227,0.004626212801453151,3602.450845798766,2274.790369050418,-0.0037037850226867347,0.9415170890098493,6000,0.9722956443400868,3856,-0.0043011109367984334,0.5995225477128925,0.0010803722361920503,4501.0,0.0027026137135259583,0.001021331474205637,3212.0,0.0004277350461831204,2,203.07400299999998,2.631228568361621e-11,2.631228568361621e-11,0,2,1.0000000000000004,-0.0029010000000532204,1017,121,23.18065484054692,336.0468631375462,173.6134522225686,1.692487708947886
NDARBK194FF5,R11,ThePresent,available,224,500.0,60.023448669187715,130,0,42,E8,E25,E21,E17,False,False,False,False,112,97,0.0906133511172889,-1128.3186136262284,960.8330363510339,-0.11951393993798946,0.9568761484443465,6000,0.954400222157097,3755,-0.06370292233209121,7.025952374526377,0.9290800420371788,-6605.0,0.9812553145999917,0.3269180619652853,6694.0,0.5268557513619299,2,203.06600400000002,3.652633751016765e-11,3.652633751016765e-11,0,2,1.0000000000000002,0.006203999999955236,1877,55,46.92585176010201,161.1068426359766,205.36947933936938,3.2244166222695787
NDARBK638HLZ,R5,ThePresent,available,30,500.0,60.02344322236665,130,0,42,E8,E25,E21,E17,False,False,False,False,158,224,0.0018659139888379738,15.076982201212584,252.98866596504894,-0.00097878248614872,0.9601299882010077,6000,0.9151509338051032,991,0.0013783748334714645,3.5850943971878597,0.0015412518303146786,26.0,0.0030440896810787223,0.0006379683623215771,-18197.0,0.0018986405242117923,2,203.07000499999998,8.804068585277491e-11,8.804068585277491e-11,0,2,1.0000000000000002,0.004014000000062107,2075,8,49.86037230907348,145.8768967384856,137.44419838435678,2.6743084337349394
NDARBL170XJX,R9,ThePresent,available,79,500.0,30.003264370621654,130,0,42,E8,E25,E21,E17,False,False,False,False,72,217,0.0036931245627244372,1908.0567475327173,798.4405138262656,-0.0003695883959389659,0.7661194484427635,6000,0.9969615452475842,2656,0.002203033704617852,2.6179284838748247,0.008274282686528835,47420.0,0.01563646676792396,0.0060832564191319214,38246.0,0.009894830641116311,2,203.286001,7.37188088351104e-11,7.37188088351104e-11,0,0,1.0000000000000004,0.010693000000033299,1525,32,54.72912211675718,199.0527013672878,377.06203403681127,1.916845901639344
NDARBL242L4H,R8,ThePresent,available,676,500.0,60.02340744163273,130,0,42,E8,E25,E21,E17,False,False,False,False,198,226,0.002444018550031895,-127.14743532199336,391.6095159510307,0.0005113449879896731,0.8277176228374202,6000,0.9936938187337448,1535,0.00322023042413627,8.941982805567497,0.0032698523564630884,23.0,0.0033422061185115204,0.0011691980093958309,-23675.0,0.001114584592785577,2,203.07400299999998,2.1871393585115584e-11,2.1871393585115584e-11,0,2,1.0000000000000002,0.003714999999984268,971,54,24.347208343842617,362.584136799907,440.5802487646899,1.6779814624098865
NDARBL444FBA,R4,ThePresent,available,87,500.0,60.02335319199289,130,0,42,E8,E25,E21,E17,False,False,False,False,124,231,0.0007343806439697907,-84.10004762413145,318.0263057446692,0.00019064708593589125,0.6218615713604456,6000,0.9823476444002777,1247,0.0011162154643618158,5.265881577975241,0.0011697000394201389,26.0,0.0012869290523407641,0.0005910402883854186,-413.0,6.24962948487975e-06,2,203.063994,5.417888360170764e-11,5.417888360170764e-11,0,2,0.9999999999999994,0.005478000000023708,1876,20,37.63693837791575,176.3280348939624,162.43569732356838,2.304488272921109
NDARBL935ZUA,R4,ThePresent,available,2158,500.0,108.65381013939349,130,0,34,E8,E25,E21,E17,False,False,False,False,0,233,0.005877625340024059,447.7476006612176,793.7867212948333,-0.0029768497610230486,0.8642950245039306,6000,0.8338073809819911,3112,0.002320742941315136,3.277824206282165,0.006439123804122201,-41894.0,0.01260929168548211,0.004568732648876496,-19084.0,0.009640317621480581,2,203.068003,3.1530333899354446e-11,3.1530333899354446e-11,2,2,0.9999999999999998,-0.0004380000000056555,24,168,401.08083600674746,155.7554637742672,594.991865020186,201.46375
NDARBM370JCB,R9,ThePresent,available,39,500.0,30.003283492447174,130,0,42,E8,E25,E21,E17,False,False,False,False,104,232,0.006537144309492108,49.59174463320319,271.95953278066446,-0.0004179843812590817,0.9413265009402197,6000,0.9901764820224629,1066,0.00708171315405585,8.420379302699697,0.007453397530522932,28.0,0.008393743855517825,0.0017053226216407398,-12733.0,0.002535911726926563,2,203.27599800000002,1.5221157667610896e-10,1.5221157667610896e-10,0,2,0.9999999999999999,-0.005458000000133648,1335,44,54.9516422473771,234.16778598086557,146.96284352268984,3.4101198501872663
NDARBM433VER,R5,ThePresent,available,1058,500.0,60.02332466726666,130,0,42,E8,E25,E21,E17,False,False,False,False,361,230,0.45397823886450067,727.1378538635926,347.3631281423945,0.20721784566345566,0.7139858440834757,6000,0.9947779171170383,1361,0.2744303150364039,4.917548235486036,0.6655571411935646,874.0,0.6709136397791373,0.5853105005430806,475.0,0.023902659954663008,2,203.061997,2.6645352591003757e-11,2.6645352591003757e-11,0,2,0.9999999999999999,0.00342699999997534,1572,171,43.39996251007393,180.9586060367675,223.40295434085425,5.644332061068702
NDARBM642JFT,R3,ThePresent,available,134,500.0,119.73638430526682,130,0,34,E8,E25,E21,E17,False,False,False,False,0,239,0.001553100563335822,233.5132923879157,194.2321003347801,7.846230181533013e-05,0.42400317867069826,6000,0.9592995944752144,762,0.001201022197868063,3.7646704508903492,0.002106764603196713,-3556.0,0.0037074647241406755,0.002043193219286714,-3798.0,0.000290785099925158,2,203.064007,1.0969003483296547e-10,1.0969003483296547e-10,2,2,1.0,0.00032900000010558175,371,75,75.00174972148072,94.01820599728764,773.9662866474284,11.555256064690028
NDARBM839WR5,R2,ThePresent,available,190,500.0,119.64001804252624,130,0,34,E8,E25,E21,E17,False,False,False,False,1,229,0.0037287854241738307,66.84465504476057,370.212446536765,-0.00042410710876548,0.9248579122098293,6000,0.9823852544061938,1451,0.004351914353507658,7.917540345548354,0.004359613635917607,6.0,0.005501079720142888,0.0025090996273472517,-6874.0,0.003199207077465546,2,203.06999299999998,8.171241461241152e-11,8.171241461241152e-11,0,2,1.0000000000000002,-0.003708000000107746,1603,48,22.443025276676615,229.52203640226327,283.4394671940531,2.2596568933250154
NDARBN264UNZ,R10,ThePresent,available,298,500.0,60.02316860041657,130,0,42,E8,E25,E21,E17,False,False,False,False,350,235,3.4866919080902237e-06,-3205.9308168251587,1956.3557764052832,-9.488641654698483e-06,0.9716337465108431,6000,0.9808859432317916,3629,-1.435270777366988e-05,,,,,,,,2,203.07600200000002,5.10702591327572e-12,5.10702591327572e-12,0,2,1.0,-0.006839000000010189,1388,118,110.20334291464617,106.8022284794673,136.2488374072555,18.503868876080695
NDARBP398JHL,R9,ThePresent,available,54,500.0,60.02347275636518,130,0,42,E8,E25,E21,E17,False,False,False,False,145,216,0.01402629644728719,2649.113314063914,331.0355571180045,0.0013218944229810821,0.8529236895344591,6000,0.9941993356753649,999,0.013638164469987276,3.258593513983057,0.025659442706627563,41928.0,0.03845261712726123,0.017149546745775544,9886.0,0.04571152650050603,2,203.286003,1.3844481117075702e-10,1.3844481117075702e-10,0,2,0.9999999999999997,0.006536999999894209,1419,26,30.033846858274963,245.96641842660787,376.78454861713413,1.51538407329105
NDARBP516PXX,R10,ThePresent,available,228,500.0,30.003177752280212,130,0,42,E8,E25,E21,E17,False,False,False,False,69,225,0.006004318033530329,2911.843429352138,376.6981110895236,-0.017001136651137828,0.9916619368615238,6000,0.9995458667695843,826,-0.012849676720945091,0.975853459446989,0.007522383449459945,5192.0,0.00989229935388335,0.007499666928783339,5306.0,6.016489023981213e-06,2,203.065998,4.629630012686903e-11,4.629630012686903e-11,0,2,0.9999999999999994,0.0043820000000364834,915,94,46.372196017509474,355.6699687675792,161.69283199029408,2.20072131147541
NDARBR128UFP,R4,ThePresent,available,208,500.0,60.02332659258037,130,0,42,E8,E25,E21,E17,False,False,False,False,122,235,0.0012640532526040477,-6.584270848679785,420.6575591177078,0.000211853202754021,0.9313304558889279,6000,0.9883068013812218,1649,0.0017708072417428088,11.085380928800195,0.0018543886515458672,32.0,0.0017555950184750073,0.0008221997362487987,-14396.0,0.0007147852828391341,2,203.074002,2.6201263381153694e-11,2.6201263381153694e-11,0,2,1.0000000000000002,-0.004582000000052762,1183,58,24.75867468624429,310.45878117589456,120.93174546154368,1.8012172442941674
NDARBR533KJZ,R9,ThePresent,available,355,500.0,30.00329982885543,130,0,42,E8,E25,E21,E17,False,False,False,False,40,241,0.015542086203243424,2962.469937719055,865.0692641691207,-0.005512543255031583,0.800820667814119,6000,0.9876977745466984,1733,-0.013484792970965664,2.7405496533277667,0.016676641415806735,-5976.0,0.03268622711953515,0.01658316420934864,-5900.0,1.7776904972316432e-05,2,203.276001,2.142730437526552e-11,2.142730437526552e-11,0,2,0.9999999999999999,0.007171999999985834,1016,166,47.79291757561941,294.43833649449374,125.68062329909735,2.2418307086614173
NDARBT436PMT,R8,ThePresent,available,352,500.0,60.023460261387974,130,0,42,E8,E25,E21,E17,False,False,False,False,443,224,0.007749406559160889,-49.376785297231976,286.42749487507143,-0.001690132803558983,0.741456222208742,6000,0.977871747408728,1123,0.007291754507077119,3.515672167558542,0.008116127387580711,-6999.0,0.013208689660474324,0.007580065236475354,23.0,0.011688880505818056,2,203.276002,2.786659791809143e-11,2.786659791809143e-11,0,2,1.0000000000000002,0.004873999999943846,1301,100,34.30715923205142,255.45537152354063,149.43954736211322,2.6773635664873177
NDARBT607PZL,R4,ThePresent,available,575,500.0,60.02329031641571,130,0,42,E8,E25,E21,E17,False,False,False,False,129,229,0.00048188826640449935,-166.0337922444776,295.60651358636454,0.00021089232725354055,0.6453264416392417,6000,0.9842393160715429,1159,0.0007628160405009425,4.982275692114406,0.0007793947176166812,23.0,0.0008420305577134141,0.0005260315246631733,-842.0,9.030541606623783e-05,2,203.071993,3.2307490016592055e-11,3.2307490016592055e-11,2,2,1.0,0.00044600000003607384,1121,274,38.37511108721963,210.35380994713003,208.98222033963503,8.99
NDARBT640EBN,R4,ThePresent,available,1562,500.0,60.02326653143794,130,0,42,E8,E25,E21,E17,False,False,False,False,107,249,0.0018565924028285353,-7.757414584533953,544.8137487723453,0.0007151780334335489,0.7954264160624667,6000,0.9981143550988976,2136,0.002826364997111083,7.551577713123397,0.013193254091600829,14741.0,0.015739930963556394,0.002826611211264942,5.0,0.00634278300403944,2,203.065995,6.517009154549669e-11,6.517009154549669e-11,2,2,1.0000000000000002,0.0008520000000449217,1045,128,25.39716178129788,285.44378252557834,476.1219718558679,2.6723732057416267
NDARBU098PJT,R4,ThePresent,available,613,500.0,117.28697986619618,130,0,34,E8,E25,E21,E17,False,False,False,False,0,243,0.005776685835285509,-30.187929222678058,509.64338775698894,0.0013699096487297664,0.9164555125750415,6000,0.9930490355974195,1998,0.007273352681483728,3.614224760420572,0.009908723058364554,17028.0,0.0152076148715448,0.009867457905583748,17259.0,8.7638460778805e-05,2,203.07000299999999,2.930988785010413e-11,2.930988785010413e-11,2,2,1.0000000000000002,0.001983000000001188,1264,70,17.75825506666985,289.6258155413774,351.1005641145878,2.3133306962025317
NDARBU183TDJ,R9,ThePresent,available,220,500.0,30.003247819011378,130,0,42,E8,E25,E21,E17,False,False,False,False,79,208,0.010358212600251878,33.386610763137874,149.846127742287,-0.0009712846294735104,0.8830894197542836,6000,0.9969954515903422,588,0.009897122487824773,4.49773615030022,0.010274553396662488,19.0,0.014827006862625537,0.00576215764269143,-29621.0,0.007655991370710908,2,203.27599800000002,1.0669243266647754e-10,1.0669243266647754e-10,0,0,0.9999999999999999,0.009317999999900487,1122,88,48.71916931940818,280.3801064781445,217.41029369651287,1.8387165775401069
NDARBU532YXZ,R4,ThePresent,available,1215,500.0,117.91922661802501,130,0,34,E8,E25,E21,E17,False,False,False,False,0,234,0.003399225351789478,29.111264011990638,402.95795853447976,-0.0005522049784868326,0.7704927077314536,6000,0.9870824989298493,1579,0.0029944578977834095,4.206245948465996,0.005322562722289026,-26351.0,0.008314609764699126,0.003024855272682365,-54.0,0.004425128528925029,2,203.063993,3.219646771412954e-11,3.219646771412954e-11,2,2,0.9999999999999999,0.0006460000000360845,1514,167,125.91876255143782,90.59819202619359,251.77592436769353,17.777331571994715
NDARBU668NTV,R3,ThePresent,available,131,500.0,119.09257366536036,130,0,34,E8,E25,E21,E17,False,False,False,False,0,227,0.00544295331132793,-101.04298265889301,397.5019684458563,-0.0018869023184707435,0.9305903643046456,6000,0.9861412737838031,1559,0.004073940061805144,5.639343702618626,0.004255081605839998,-34.0,0.0072730859566961965,0.002525804793949876,4846.0,0.0045291032118103,2,203.072001,2.6645352591003757e-11,2.6645352591003757e-11,2,2,0.9999999999999999,0.0008970000000249167,1490,35,14.499382897950905,255.0695293703607,230.23837435491177,1.3729395973154361
NDARBU757VJK,R3,ThePresent,available,1927,500.0,99.78755841548195,130,0,34,E8,E25,E21,E17,False,False,False,False,0,282,0.03198746838373217,3998.2041700915897,1288.1232908938807,-0.005481524876566058,0.7668405428334941,6000,0.9643061291909162,1526,-0.005948693326247339,2.865667544723299,0.02715484045404804,-43271.0,0.033637421850361546,0.02530531315830704,50816.0,0.019456346003470498,2,203.07000299999999,2.930988785010413e-11,2.930988785010413e-11,2,2,1.0000000000000002,0.000319999999969474,1126,153,60.50173245089402,139.3499886808285,1007.2335817833699,13.741403197158082
NDARBU777YCU,R11,ThePresent,available,792,500.0,60.02344857144362,130,0,42,E8,E25,E21,E17,False,False,False,False,100,228,0.0028237582835437193,-15.255991292451021,172.4288811365573,0.0004742556200819448,0.36745420100535164,6000,0.9983633119740928,676,0.003425745737109449,5.224164336338974,0.0034947510036528935,21.0,0.005392294591953561,0.0024083696635055335,-8198.0,0.0030432029874599997,2,203.065998,5.262457136723242e-11,5.262457136723242e-11,0,2,1.0000000000000002,-0.0031309999999801943,1679,132,38.29412946464147,183.51604221450037,211.66935083640533,2.701834425253127
NDARBU928LV0,R4,ThePresent,available,147,500.0,60.02329804602323,130,0,42,E8,E25,E21,E17,False,False,False,False,157,222,0.0007878773222385687,-2873.369441890165,777.5115928612378,-0.00034532363775353854,0.9407753824787062,6000,0.9918636346375048,1651,-4.413116035886712e-05,1.881590741287234,0.0006213064697905931,-9464.0,0.0006909263113544808,0.0006197668562594896,-9509.0,8.004994722980675e-07,2,203.066002,2.042810365310288e-11,2.042810365310288e-11,0,2,0.9999999999999998,0.007207000000013248,1062,163,45.715350708608305,253.38231038866243,206.56504134190544,10.886233521657251
NDARBV059CGE,R4,ThePresent,available,106,500.0,119.23348038346116,130,0,34,E8,E25,E21,E17,False,False,False,False,0,248,0.001578460907997207,2861.3938299006886,772.6913695889206,-0.0016715514012467254,0.9629532080515876,6000,0.9618719772622432,1653,-0.0008807221308702007,0.7398027770645175,0.0005922063728683637,3360.0,0.0013916548055864365,0.00034428005112444813,21277.0,0.0010145267505444974,2,203.069998,2.4868995751603507e-11,2.4868995751603507e-11,2,2,1.0000000000000002,7.5999999949258e-05,1787,56,43.312816565029465,206.65158589218714,231.42307735674547,4.931566871852266
NDARBV167RMU,R4,ThePresent,available,1240,500.0,119.04349110274259,130,0,34,E8,E25,E21,E17,False,False,False,False,0,222,0.0016153074636576072,168.0006322208853,541.5950935517538,8.914260647546643e-05,0.8983162075769948,6000,0.9951100051329675,2123,0.0016880447150543914,5.21491096054444,0.0026745271430664228,5324.0,0.0036780513120030483,0.0017815128005065494,109.0,0.002656073054863325,2,203.067999,8.126832540256146e-11,8.126832540256146e-11,0,2,1.0,0.0024599999999225268,1351,191,19.17639626377515,267.69137012754095,184.45264761461604,3.6057883049592894
NDARBV630BK6,R8,ThePresent,available,492,500.0,60.02341495374235,130,0,42,E8,E25,E21,E17,False,False,False,False,222,230,0.5918817430351868,-2467.313440476462,532.611118465009,-0.009085053366909953,0.8262775538123077,6000,0.9860790585118646,1577,0.23643460150993834,4.605859495864017,1.1098311757445796,19862.0,1.627597842342597,0.9474065080877534,6644.0,1.5558960766082626,2,203.062006,9.481304630298837e-11,9.481304630298837e-11,0,2,1.0000000000000002,0.0022090000000756457,1244,94,27.709155784387722,273.6300397206623,183.97352541425744,3.1503858520900323
NDARBW026UGE,R7,ThePresent,available,1301,500.0,59.99918130055569,130,0,42,E8,E25,E21,E17,False,False,False,False,131,252,0.04558615430005847,-1092.9070002603585,551.0373215732106,-0.006888164354089163,0.7130809482437707,6000,0.9317246593151797,2160,-0.015320932405528913,4.1074459149362506,0.07220889694828188,11698.0,0.13250626270113586,0.0698950818721965,11570.0,0.0003826890572527081,2,203.065993,4.063416270128073e-11,4.063416270128073e-11,2,2,0.9999999999999999,0.000580000000053068,995,220,30.73838008027921,290.31214440722727,235.55089101972166,5.115396984924624
NDARBW255JE1,R7,ThePresent,available,236,500.0,118.99604978098866,130,0,34,E8,E25,E21,E17,False,False,False,False,0,233,0.0008458585466074073,-1724.5819697675158,731.8012585769666,-0.0006528759857470943,0.9615291797655887,6000,0.9525038702228081,2710,-0.0007954435983996451,2.2342575670221367,0.0008051453706275827,-16180.0,0.002252529125745713,0.0007513766353310718,-16025.0,5.3617327479785096e-05,2,203.069994,6.483702463810914e-11,6.483702463810914e-11,2,2,1.0000000000000004,0.0006460000000150719,99,58,155.61592367041874,77.85622490305444,2847.7944244787936,27.123535353535352
NDARBW268XPY,R9,ThePresent,available,109,500.0,30.00322816796802,130,0,42,E8,E25,E21,E17,False,False,False,False,81,233,0.003879465012537315,-2375.790895474428,761.2948153784249,-0.001519866371165622,0.519427783304825,6000,0.8667607247530187,2117,0.0006743613390159852,4.053658992732826,0.012992868562266514,28857.0,0.016135937187052973,0.011385803547516634,29450.0,5.8040341984498534e-05,2,203.286,2.0317081350640365e-11,2.0317081350640365e-11,0,0,0.9999999999999999,-0.008740000000012016,1024,42,46.96996779714001,326.02090627758776,126.1826089813392,1.71181640625
NDARBW525JHY,R7,ThePresent,available,290,500.0,60.01359203987231,130,0,42,E8,E25,E21,E17,False,False,False,False,141,244,0.004522461925083165,13.046897886188871,168.10359088596624,-0.0010177718617206428,0.8924895594526824,6000,0.9928655068542476,659,0.0037851594268482106,3.76046749846371,0.0040994877476190315,27.0,0.006713505757910494,0.0028963546331113826,-38775.0,0.005219801717140091,2,203.064,1.0547118733938987e-10,1.0547118733938987e-10,0,2,1.0,-0.004195999999902789,970,50,23.238452205481533,369.68505034679595,333.1992338768558,1.6788453608247422
NDARBW660FLT,R10,ThePresent,available,154,500.0,30.003167896040313,130,0,42,E8,E25,E21,E17,False,False,False,False,166,229,1.1376750513742925e-05,-2420.651566522017,1259.3066526527787,2.1354415257522203e-07,0.8998368685514899,6000,0.958056694054304,3048,6.256692269632191e-06,1.9112079715295416,1.4338111226026653e-05,-14774.0,6.256204790150199e-06,1.3477438237826783e-05,-16193.0,7.234596299867789e-07,2,203.066001,1.2967404927621828e-10,1.2967404927621828e-10,0,0,1.0000000000000007,-0.01053599999994027,899,60,41.2656978085242,369.6957376038705,158.87629070418754,1.6606340378198
NDARBW971DCW,R9,ThePresent,available,61,500.0,30.003229011062906,130,0,42,E8,E25,E21,E17,False,False,False,False,62,218,0.015562940513335947,309.5822674684558,925.0545541833523,-0.00578042010190744,0.8441332631071442,6000,0.8724202306298522,3626,0.010225173821361481,3.2292335193119195,0.039635952680171053,50509.0,0.026716405348349813,0.03536132434380057,50077.0,6.183417051734003e-05,2,203.276005,5.284661597215745e-11,5.284661597215745e-11,2,2,1.0000000000000002,0.0008650000000200459,1154,27,50.6031057382479,293.12147809093176,153.07336084528077,1.174263431542461
NDARBX076DCX,R11,ThePresent,available,121,500.0,60.023398335271196,130,0,42,E8,E25,E21,E17,False,False,False,False,310,229,5.287836805748893e-06,-818.1568256930697,584.1268716797013,1.1710646603661431e-06,0.8482974068099044,6000,0.9888687751349544,2290,3.220471489086152e-06,2.2221561449163625,8.511533145503967e-06,-7278.0,5.546575193110107e-06,8.470894473497378e-06,-7331.0,1.5154041141649235e-08,2,203.06800700000002,7.494005416219807e-11,7.494005416219807e-11,0,2,1.0000000000000007,-0.006383999999993099,987,26,28.24222038038306,377.2785878277507,123.03356491614508,2.3523606889564332
NDARBX974XDR,R2,ThePresent,available,541,500.0,119.34316655296875,130,0,32,E8,E25,E21,E17,False,False,False,False,0,236,0.002006993113746896,471.57652943664107,316.3738597170449,-0.0003133929643068521,0.6310072798229444,6000,0.9834420770440081,1240,-1.8671287853623273e-05,2.9903400922070267,0.001705270332692816,436.0,0.003310730671082176,0.0016394121509760906,328.0,9.103484622275575e-06,2,203.080004,3.1530333899354446e-11,3.1530333899354446e-11,2,2,1.0000000000000002,-0.0008390000000069307,1559,95,19.507013036727784,240.2136572402417,177.72596767921686,2.4749069916613213
NDARBY041JPE,R11,ThePresent,available,601,500.0,60.00506323944809,130,0,42,E8,E25,E21,E17,False,False,False,False,713,230,1.1515240806319014,2568.4416246300043,375.463399634144,-0.2817244893318083,0.7903721884047684,6000,0.9781184419790647,1167,-0.42931891361596314,3.4920739211519756,2.2889689092327545,6912.0,3.8793312077892663,1.7901807073758442,-5551.0,2.8304685091040227,2,203.06400299999999,4.218847493575595e-11,4.218847493575595e-11,0,0,1.0000000000000004,0.008387999999972126,565,48,476.45825162399467,86.37276307200062,494.26653717681586,51.306176991150444
NDARBY976XYY,R10,ThePresent,available,340,500.0,60.00936639709294,130,0,42,E8,E25,E21,E17,False,False,False,False,767,222,0.0034040912059524115,-82.55564184762649,271.82789612318356,0.0004521350652227338,0.6866904174957049,6000,0.9909710824379998,1066,0.004083831102332054,4.384944819120444,0.004230807965659125,37.0,0.0038147707428606457,0.002294657058808685,-18338.0,0.001724706187948347,2,203.065997,7.427392034742297e-11,7.427392034742297e-11,0,2,1.0000000000000002,-0.0067269999999652495,2030,22,48.20125729684374,147.89808088637088,235.2523957984551,5.525556650246305
NDARBZ475NKK,R7,ThePresent,available,876,500.0,59.99444162894548,130,0,42,E8,E25,E21,E17,False,False,False,False,177,246,0.021436585002264075,3057.5814810628644,343.7444029563154,-0.005857056616321816,0.7994644691019518,6000,0.9983743719112271,616,-0.0030667844065971465,5.917221851377699,0.09916635648804976,-9144.0,0.10915894076504644,0.08650864516303063,-8710.0,0.0028138322799979437,2,203.063994,5.873079800267078e-11,5.873079800267078e-11,2,2,0.9999999999999994,-4.2999999995626994e-05,730,66,25.219540126973385,448.7711892003073,577.3005814400971,3.313246575342466
NDARBZ523GB7,R11,ThePresent,available,14,500.0,60.02342109339801,130,0,42,E8,E25,E21,E17,False,False,False,False,136,229,0.02488389535691086,1974.8757834890057,776.819054624382,-0.0002800344147879696,0.8825197047896208,6000,0.9990703404898926,2547,0.007731109149299325,7.186741365281922,0.06557320926271101,-11591.0,0.06956172681284062,0.029333800077353984,-10642.0,4.3365559969366085e-08,2,203.065993,7.205347429817266e-11,7.205347429817266e-11,0,2,1.0,-0.004614000000058832,1417,0,29.395169168966547,257.7057396531675,,1.5974876499647144
NDARCA050RZL,R8,ThePresent,available,153,500.0,60.02347668890095,130,0,42,E8,E25,E21,E17,False,False,False,False,253,235,0.018141455838793407,-2860.9333580790776,773.2126350852793,-0.0033462574986987148,0.8138992152289057,6000,0.9939221221693577,1655,-0.011657418378440074,2.6561200630184545,0.018502713836763163,-17247.0,0.026073704846560016,0.018361265449931042,-17373.0,0.00012296734150195332,2,203.28600699999998,8.404388296412435e-11,8.404388296412435e-11,0,2,1.0,0.007369999999916958,1092,34,29.386204375010557,329.9492809748738,325.85541049695485,1.3901098901098898
NDARCA578CEB,R6,ThePresent,available,239,500.0,60.023356121554215,130,0,42,E8,E25,E21,E17,False,False,False,False,184,225,1.1811572011985223,239.58894181816154,918.1983016606464,-0.020182350759187114,0.7213541649919756,6000,0.9660816674095664,3600,1.1734205503828015,3.4529452001233305,2.293992683131971,23362.0,4.292377594209217,1.563583912829147,33329.0,2.7218820499771335,2,203.071996,2.90878432451791e-11,2.90878432451791e-11,0,2,1.0,-0.0058310000000298375,1128,46,30.795403742214695,309.6679693845106,227.44258311719256,3.024468085106383
NDARCA740UC8,R5,ThePresent,available,10785,500.0,54.15914942675778,130,0,42,E8,E25,E21,E17,False,False,False,False,201,242,0.0,-3000.0,266.6666666666667,0.0,,6000,,523,0.0,,,,,,,,2,203.07199699999998,3.552713678800501e-11,3.552713678800501e-11,0,2,1.0000000000000002,0.0029059999999854536,22,24,82.54844347584654,177.01413700826865,16620.512466412438,15.69090909090909
NDARCB142ZPB,R7,ThePresent,available,536,500.0,60.02341273035394,130,0,42,E8,E25,E21,E17,False,False,False,False,254,230,0.001905608605238638,2520.7779936552442,362.81044271539884,-0.0010409212158687755,0.7058247929942527,6000,0.9330534968903891,1190,-0.00017757410044798397,2.494743177325034,0.0024474428499498685,15745.0,0.0051666926567333574,0.0023741138141638563,30094.0,0.005041902098833387,2,203.066003,5.0737192225369654e-11,5.0737192225369654e-11,0,2,1.0,-0.002573000000044604,800,271,51.356864957934434,288.3565189435896,219.90366456958586,12.27365
NDARCB282LUD,R11,ThePresent,available,1021,500.0,60.018658276873545,130,0,42,E8,E25,E21,E17,False,False,False,False,497,234,0.00354635150319954,-72.79541456805093,222.33804087865445,0.004846016726870031,0.7766629355066077,6000,0.996481285442612,871,0.008605754967047304,2.6879516898221376,0.00886940466337566,36.0,0.005396895117229625,0.008599613052947024,-25.0,1.1446104798489357e-05,2,203.066004,4.5075054799781356e-11,4.5075054799781356e-11,0,2,0.9999999999999999,-0.004101000000033004,1586,209,104.54239449352757,101.75380100186476,184.13470081210752,8.904867591424967
NDARCB305AFY,R9,ThePresent,available,14,500.0,30.00329468143169,130,0,42,E8,E25,E21,E17,False,False,False,False,93,234,0.024206971465820685,14.994674587829849,297.3185489494312,0.0023278251206576795,0.950647608125853,6000,0.9848144724477568,1165,0.03336558653368339,13.533488436379162,0.03484901052681387,24.0,0.035672496495521115,0.008793463843156747,-14517.0,0.0068444028155132935,2,203.286002,6.272760089132134e-11,6.272760089132134e-11,0,0,0.9999999999999999,0.00976699999996019,1384,12,49.94818669174065,240.3385390449424,319.4203370708972,1.4721026011560692
NDARCB504PGG,R8,ThePresent,available,681,500.0,60.00910149207045,130,0,42,E8,E25,E21,E17,False,False,False,False,257,235,0.031670941180920766,-2283.4771189292405,755.449926408607,0.012217048228993492,0.898061243832069,6000,0.9777406368651115,2198,0.005397057031161076,3.366918878427747,0.05238115087360071,-13179.0,0.05311394350039945,0.05095118317512751,-40743.0,0.040963932508335375,2,203.285994,2.2870594307278225e-11,2.2870594307278225e-11,0,2,0.9999999999999997,-0.006907999999953727,1424,157,70.68946151030796,144.50233876312228,232.92937996628126,11.06179073033708
NDARCB627KDN,R8,ThePresent,available,5915,500.0,59.99929193202146,130,0,42,E8,E25,E21,E17,False,False,False,False,169,233,0.006558355952077797,-507.1819881120584,522.1239939753094,-0.001045090816898185,0.9100974288671285,6000,0.9942387454707737,2047,0.0026695750463306108,3.493887141434678,0.009237589408732476,-46307.0,0.01322804194271874,0.007675236231467802,-17473.0,0.013275566981967812,2,203.064004,3.1308289294429414e-11,3.1308289294429414e-11,0,2,1.0000000000000002,-0.0027729999999945177,143,401,100.76815679628884,104.83922147198118,706.5775937312169,35.322797202797204
NDARCC059WTH,R8,ThePresent,available,88,500.0,60.02334941824967,130,0,42,E8,E25,E21,E17,False,False,False,False,275,227,0.001975912925000641,42.002663814195145,245.61307168673272,-0.0001449815025053798,0.9244454036747762,6000,0.9908246349942811,963,0.0021191545832248237,15.63818959889005,0.002218252152410522,27.0,0.002641569659579709,0.0004217479977507916,32278.0,0.000738890653764891,2,203.073993,5.218048215738236e-11,5.218048215738236e-11,2,2,0.9999999999999997,-0.0006869999999237451,696,15,25.852666868319933,544.6850585136194,121.06529657671155,1.5700287356321838
NDARCC140AAK,R4,ThePresent,available,112,500.0,119.79424461333149,130,0,34,E8,E25,E21,E17,False,False,False,False,0,230,0.00820006194210227,50.912208696223146,343.88193188652076,-0.0035954416376018047,0.7008904800847956,6000,0.9467232388793296,1348,0.006643004338606784,2.9666300542732857,0.00664905729552703,4.0,0.008523800676717444,0.0034484721844100807,5526.0,0.004506480174267576,2,203.06999399999998,1.0835776720341528e-10,1.0835776720341528e-10,2,2,1.0000000000000004,-0.00043299999992732274,1355,42,18.062835924038176,282.1033356844197,153.1086900843643,1.619476014760148
NDARCC620ZFT,R9,ThePresent,available,1479,500.0,60.01850224219016,130,0,42,E8,E25,E21,E17,False,False,False,False,158,244,3.0183020312501642e-06,2925.999687887207,561.43981245028,1.1142626513695726e-06,0.876060320985815,6000,0.992692894852315,1174,-1.1126734568678393e-06,3.4993756317435687,5.831076231337437e-06,-41193.0,6.493740222508884e-06,5.687472040310693e-06,-41303.0,7.82653590067881e-08,2,203.063995,1.247890679678676e-10,1.247890679678676e-10,0,2,0.9999999999999999,-0.006135000000107313,1317,102,32.53710126263203,233.46847139335674,461.2607749268677,4.327744874715262
NDARCC824FCL,R8,ThePresent,available,768,500.0,59.97524676399348,130,0,42,E8,E25,E21,E17,False,False,False,False,199,225,0.00222596693765006,330.26513665979724,1204.3885318597504,0.0021100326878503903,0.8233526198658415,6000,0.8622380565112352,4721,0.004602914689518645,1.8855923176874116,0.009330651346593808,-21429.0,0.0074254459648013275,0.008578245969500343,-16093.0,0.0023966698375193288,2,203.073996,2.5202062658991053e-11,2.5202062658991053e-11,0,2,1.0,0.002918000000021873,949,129,32.67227543921015,305.76484994920014,513.0794565389705,4.030273972602739
NDARCD075CMG,R10,ThePresent,available,5780,500.0,30.003222498011336,130,0,42,E8,E25,E21,E17,False,False,False,False,34,230,0.09307264930745171,221.63070668243685,508.30697466919867,0.11813659208787902,0.9895481276623083,6000,0.9981801033760247,1992,0.21249116744972224,5.422715774652734,1.7602582639724205,18859.0,2.0814809992350556,1.140747180707401,10800.0,1.4353244904523748,2,203.066005,8.282263763703668e-11,8.282263763703668e-11,0,2,1.0000000000000002,0.0020480000000518022,42,14,99.19586470667265,246.78662338132938,27838.410832123398,15.711904761904762
NDARCD296XU9,R7,ThePresent,available,217,500.0,119.2594309935552,130,0,34,E8,E25,E21,E17,False,False,False,False,0,248,0.005191454641455727,-1252.447671477754,784.5362706499128,-0.0026244849162666713,0.9371834437061509,6000,0.9050356384109381,3076,0.00015164040831156065,2.7087822255769085,0.004750369953833427,-38665.0,0.007855181309303237,0.004703420631012827,-39593.0,0.00100775020617915,2,203.075994,3.375077994860476e-11,3.375077994860476e-11,0,2,0.9999999999999996,0.002322000000012895,1191,25,12.646575153721413,325.4244630638495,401.25425982741785,1.0390176322418134
NDARCD453JG4,R9,ThePresent,available,264,500.0,60.02339386506976,130,0,42,E8,E25,E21,E17,False,False,False,False,98,223,0.016150464717229706,-1954.6763315884536,537.941850846043,0.004048887385893912,0.9560351510117532,6000,0.9988898157949447,2100,0.005601382541401371,2.3913105391248246,0.03303057322538682,12186.0,0.07425905518010151,0.02632365778785375,16636.0,0.05172504134500955,2,203.074004,3.452793606584237e-11,3.452793606584237e-11,0,2,1.0000000000000002,-0.007439000000040767,1316,36,40.61293643285088,238.8300092302772,252.21842234462093,9.751937689969605
NDARCD543VK6,R2,ThePresent,available,155,500.0,119.52645143840911,130,0,34,E8,E25,E21,E17,False,False,False,False,0,249,0.0021952459458857276,145.85558016565122,190.62863478885683,-0.0012000368693170177,0.9576897185431715,6000,0.9964831212866352,747,0.0003810384751687797,1.3767563367038909,0.001068122804201476,149.0,0.002437713060415454,0.0005848634050911514,6772.0,0.0012971647796087035,2,203.07,1.8207657603852567e-11,1.8207657603852567e-11,2,2,1.0,-8.500000000828013e-05,1131,32,16.152018651901543,347.58614287338673,270.33872607221826,1.7063837312113175
NDARCD661GL0,R5,ThePresent,available,138,500.0,60.023202052359146,130,0,42,E8,E25,E21,E17,False,False,False,False,238,235,0.0009462668147865813,-2975.007420816539,246.56072677714963,0.00020505351758470005,0.6720030497910386,6000,0.9993974180428492,509,0.0009210184147083432,2.6305990321669643,0.0015013527922843298,-43005.0,0.0018023024801515036,0.0014725625133335883,-29743.0,0.001709948096617269,2,203.064002,1.8540724511240114e-11,1.8540724511240114e-11,2,2,0.9999999999999999,-0.001383999999962829,1294,29,25.35171530618919,281.93220826390495,126.39065534921326,1.328724884080371
NDARCE721YB5,R1,ThePresent,available,1138,500.0,105.01443138625976,130,0,34,E8,E25,E21,E17,False,False,False,False,0,242,0.005272908621036154,-1070.4397187116285,493.78402533277097,0.005978604830729092,0.739380361324085,6000,0.9958450003532964,1936,0.007406843078641351,3.6441924128833434,0.012262383619212914,-23485.0,0.011451841369903175,0.011098551623701157,-1379.0,0.010174308457832314,2,203.070005,1.4344081478157023e-10,1.4344081478157023e-10,2,2,1.0,0.001307000000145825,1222,176,35.9527184706325,193.49488026694596,733.692631930528,9.311382978723405
NDARCE803VF5,R10,ThePresent,available,7249,500.0,59.868358795739894,130,0,42,E8,E25,E21,E17,False,False,False,False,123,223,0.013384991582056952,1525.2184273173782,589.14265278304,5.581393099781925e-06,0.9412909976782036,6000,0.9880560727080736,2309,0.005762607410675658,2.319114546516541,0.01650157197272634,10280.0,0.03310856267658556,0.01574557181992569,17720.0,0.04088581432554531,2,203.065999,1.6209256159527285e-11,1.6209256159527285e-11,0,2,0.9999999999999999,0.006586000000032515,155,60,56.00247606907227,248.44190062567063,5924.6417749889115,11.626451612903224
NDARCE912ZXW,R11,ThePresent,available,598,500.0,60.023558452220556,130,0,42,E8,E25,E21,E17,False,False,False,False,199,237,0.01511619642664347,54.22204834451884,466.2579568193019,-0.004898021805851935,0.8850604346917422,6000,0.9072085180819758,1828,0.013492291283249516,3.0945044144905265,0.014958343839232105,-21740.0,0.02680201684809859,0.014916124732519019,36.0,0.025172965731900945,2,203.06599599999998,2.919886554764162e-11,2.919886554764162e-11,0,2,0.9999999999999999,-0.0056019999999414325,1513,131,101.82580605487261,109.88272803009829,275.7275012055124,9.946556510244546
NDARCF052AE0,R4,ThePresent,available,182,500.0,119.51712076007954,130,0,34,E8,E25,E21,E17,False,False,False,False,0,226,0.002804825447912406,-216.0748879916244,660.9970011521632,-0.0010841116938189298,0.8952052316651113,6000,0.9485456643226962,2591,0.0013486391452737871,3.9383055802330658,0.0022072845041611415,-471.0,0.0039113547969725215,0.002021582145892681,-4669.0,0.0034953039251125256,2,203.068003,3.064215547965432e-11,3.064215547965432e-11,2,2,0.9999999999999998,0.0009589999999962051,1462,34,15.069298529677338,263.2322529049533,263.6802931431071,1.6246443228454173
NDARCF658ZMQ,R10,ThePresent,available,389,500.0,60.023382098066314,130,0,42,E8,E25,E21,E17,False,False,False,False,107,234,0.007266626661219524,30.293812070520566,199.11853140288977,-0.00038586015709602734,0.7286175398562543,6000,0.9976223640902071,780,0.007193038505026034,4.070016671131833,0.007773609125069715,33.0,0.008226797283836225,0.0028939244257253005,-23670.0,0.0028051925339278405,2,203.07600300000001,2.8310687127941492e-11,2.8310687127941492e-11,0,2,1.0,-0.004286999999971623,1467,83,33.57291289384104,230.09007836063205,163.8052317358794,3.322624403544649
NDARCG037CX4,R4,ThePresent,available,124,500.0,60.02308245722747,130,0,42,E8,E25,E21,E17,False,False,False,False,144,250,0.0023334857185004546,58.818771682879095,562.2459293801627,-0.00041057969489573487,0.9635537002469543,6000,0.9866790125906023,2204,0.0024001027589182276,3.0972755736651636,0.004457709722741871,29375.0,0.004825726669575832,0.004383305357870054,28798.0,1.577537841270741e-05,2,203.064005,1.0891287871572786e-10,1.0891287871572786e-10,0,2,1.0,-0.00792899999989579,1165,30,27.628267801972978,313.3875568793593,157.71482127662588,1.8897510729613733
NDARCG438NML,R5,ThePresent,available,143,500.0,60.022951481977366,130,0,42,E8,E25,E21,E17,False,False,False,False,203,229,0.001813209347794626,0.35586290927032677,321.11705764731363,-0.0001309445640154633,0.7382878808942018,6000,0.9635051482202316,1259,0.001854989110971644,2.381908569177343,0.0020080767467273715,38.0,0.003960107847023213,0.0019311080947989623,12566.0,0.004380304579283798,2,203.071993,2.1871393585115584e-11,2.1871393585115584e-11,0,2,1.0,-0.003319999999984571,1884,30,72.44224986677948,125.35578251052426,338.76287337850573,5.5947027600849255
NDARCG785NND,R7,ThePresent,available,1683,500.0,100.82609794487627,130,0,34,E8,E25,E21,E17,False,False,False,False,0,246,0.0023116262400815126,-1711.6648490453556,843.4165834469026,0.00046693770880647424,0.9487554188759835,6000,0.9834231339612481,2942,0.00130030077968918,3.85131745857388,0.0033987012164922287,-18757.0,0.004810977995157832,0.003270624594659006,10132.0,0.0037131829895687,2,203.070004,2.398081733190338e-11,2.398081733190338e-11,2,2,0.9999999999999998,0.0005210000000207085,1406,72,61.11512575044481,163.54495023570763,1372.9964960343139,6.174118065433856
NDARCG947ZC0,R4,ThePresent,available,1428,500.0,96.29426162074202,130,0,34,E8,E25,E21,E17,False,False,False,False,0,242,-1.0,-1.0,-1.0,-1.0,-1.0,-1,-1.0,-1,-0.0018262651117820826,0.8246902401739641,0.0006244413732580348,5937.0,0.0028209692153717296,0.00048394404296513036,9676.0,0.0013300238493602937,2,203.07,1.6431300764452317e-11,1.6431300764452317e-11,2,2,0.9999999999999999,-0.0005969999999945084,0,48,,,6100.061731031486,
NDARCH001CN2,R4,ThePresent,available,538,500.0,60.02332293319764,130,0,42,E8,E25,E21,E17,False,False,False,False,140,230,0.0020778385061865174,334.9979949183025,401.0174450760628,-0.0001434176886368112,0.7775981376311224,6000,0.9196334610615391,1571,0.0018937283954287747,3.63376344309448,0.00818767623802404,19725.0,0.012954236843915314,0.006153687119665491,43848.0,0.010688646438454135,2,203.063995,9.703349235223868e-11,9.703349235223868e-11,2,2,1.0000000000000007,-0.00021299999997710322,1047,106,24.95132927062267,333.0569807924589,192.5371943549511,2.1410888252148994
NDARCH514JCT,R7,ThePresent,available,1872,500.0,118.63316986610486,130,0,34,E8,E25,E21,E17,False,False,False,False,0,233,0.00015244102482821862,2446.6320611927918,568.218957197056,2.9682747118715853e-05,0.968625516018013,6000,0.9924790950772004,1667,6.750294082805176e-05,5.026675574548026,0.0007130839420271418,14163.0,0.0011080598722739278,0.0007119008327379525,14067.0,4.044246063766399e-06,2,203.071997,3.4638958368304884e-11,3.4638958368304884e-11,2,2,0.9999999999999998,0.0008199999999887667,10,4,87.56308509957863,164.03565676881172,102914.16352196754,7.270999999999999
NDARCH755TLW,R11,ThePresent,available,831,500.0,60.01859270061369,130,0,42,E8,E25,E21,E17,False,False,False,False,274,237,3.841159140757024e-06,-335.617747085539,743.6556743993257,1.72498892564926e-06,0.8846001358478282,6000,0.993448475922192,2915,5.0921221433612006e-06,3.228992148910726,6.696323525655854e-06,-23889.0,5.923885816131687e-06,6.675064633502676e-06,-23818.0,1.7432316915825524e-08,2,203.066,2.5202062658991053e-11,2.5202062658991053e-11,0,2,1.0,0.0033069999999779166,1434,177,36.760714189228274,221.11384089208585,170.65300382391445,4.781966527196653
NDARCH868WVX,R5,ThePresent,available,1166,500.0,59.98976428248621,130,0,42,E8,E25,E21,E17,False,False,False,False,184,235,0.004207949547013604,2494.3669329046807,357.8257435007275,0.0018747975348639724,0.810652628103015,6000,0.9823075722114809,1206,0.004094408709238348,3.4734799139269463,0.026007721684953328,26258.0,0.042267213736951206,0.018518505263205566,-51108.0,0.00418024657819324,2,203.07200500000002,7.549516567451064e-12,7.549516567451064e-12,2,2,1.0,0.0012279999999849727,1136,42,35.09596903494372,277.6145774086903,1073.324118352306,3.066963028169014
NDARCH889NUF,R7,ThePresent,available,846,500.0,60.02329036804817,130,0,42,E8,E25,E21,E17,False,False,False,False,188,241,0.004257935042946806,2525.1499429447895,457.55915096471483,-0.0006113666308863669,0.7943529192514188,6000,0.9981449162171321,1371,-0.0014640748882037318,3.9548289238438237,0.01626553767162375,-35988.0,0.01787864820063516,0.009188126565684233,40462.0,0.0207651993001082,2,203.06399499999998,8.038014698286133e-11,8.038014698286133e-11,0,2,1.0000000000000002,-0.002883000000104163,1252,167,27.43855818375078,266.5118517499858,171.18729432706417,2.2568370607028756
NDARCJ330NBP,R8,ThePresent,available,755,500.0,60.02349009222407,130,0,42,E8,E25,E21,E17,False,False,False,False,183,237,0.010839063434666762,-4016.631837806763,2222.3484142274015,0.0004692827247571053,0.5133095121094501,6000,0.8932235551246276,3340,-0.0003141209244572155,2.451639974007958,0.019540481319565577,36639.0,0.0400307360963094,0.019501982487661603,36157.0,0.0012396904121285829,2,203.073994,8.881784197001252e-11,8.881784197001252e-11,0,2,1.0000000000000002,0.003508000000063357,1017,272,41.64216592426735,227.40486957653383,161.9464993855387,9.57536873156342
NDARCJ433TCG,R7,ThePresent,available,894,500.0,60.018445652810435,130,0,42,E8,E25,E21,E17,False,False,False,False,133,247,0.004419016790251495,4270.392837545667,3036.761041867904,-0.004964034505171621,0.9883098836590625,6000,0.9903445903036681,4681,-0.004969656790554937,0.06899486585043658,0.00019185620429638595,15541.0,0.0007870818515325832,0.00016312785278723517,44963.0,0.0005404113268239571,2,203.06600600000002,3.5860203695392556e-11,3.5860203695392556e-11,0,2,0.9999999999999996,-0.005542999999956226,1059,173,32.849222086002214,311.13648044898525,183.07168023832023,3.3089990557129374
NDARCK113CJM,R9,ThePresent,available,349,500.0,30.003285242515034,130,0,42,E8,E25,E21,E17,False,False,False,False,133,239,0.010693111025707283,1.6685903307526426,258.1204103775576,0.0004364705683981945,0.9243945856696072,6000,0.9917617767860545,1012,0.01305224078148911,11.620936903905383,0.013522459237517914,24.0,0.015451526893308212,0.003737009020717637,31002.0,0.00468497071853717,2,203.27599999999998,2.1649348980190553e-11,2.1649348980190553e-11,0,2,0.9999999999999999,-0.005019000000014693,1284,154,51.9696919695407,223.04216649764254,200.63569364557137,2.305272585669782
NDARCK647MU6,R3,ThePresent,available,1732,500.0,117.46507672538779,130,0,34,E8,E25,E21,E17,False,False,False,False,0,256,0.0011543373870911838,225.15833039871617,343.6280229003917,0.00028456398386246735,0.8482366594860229,6000,0.9799089544422704,1347,0.001126986665270047,5.089132386127817,0.0016914561022495888,432.0,0.002139395319958869,0.0012911679454932104,-31739.0,0.0015994646805822588,2,203.06400599999998,1.0769163338864018e-10,1.0769163338864018e-10,2,2,1.0000000000000004,0.00019500000007180614,104,425,100.25309787409913,66.74753249714105,312.377150899769,42.34490384615385
NDARCK816LRX,R10,ThePresent,available,4035,500.0,59.84991038908036,130,0,42,E8,E25,E21,E17,False,False,False,False,187,225,0.0023238260559672297,-77.52061345942968,280.44232161573615,-0.0003002509756811594,0.6047276823393762,6000,0.9831322118076345,1100,0.002160740267352664,2.480361390636456,0.002363647358674295,-75.0,0.003452081652566317,0.0022739286122547817,-14054.0,0.002624017414736113,2,203.065997,1.6764367671839864e-11,1.6764367671839864e-11,0,2,0.9999999999999999,0.0067640000000053395,627,491,82.78625519293882,146.56231820983047,320.2561125539666,25.910813397129182
NDARCL016NHB,R3,ThePresent,available,514,500.0,118.8372936716606,130,0,34,E8,E25,E21,E17,False,False,False,False,0,246,0.0011692367247412283,1512.376532295626,236.53919484069402,0.00014874956829119643,0.49348493626843587,6000,0.9995071728522715,927,-0.0005740505853730327,3.3846543347468176,0.004817822069942158,-44716.0,0.009345325281036976,0.00253381307902783,-41867.0,0.0028633808707417435,2,203.07000100000002,5.617728504603292e-11,5.617728504603292e-11,2,2,1.0000000000000002,-0.0008639999999739063,1582,93,20.42255315551812,232.5319319623162,177.75023443049534,2.497926675094817
NDARCL201KJZ,R11,ThePresent,available,63,500.0,60.023364120864784,130,0,42,E8,E25,E21,E17,False,False,False,False,248,228,0.004233241867112702,12.150325840991048,162.61022915579903,-5.690965871680068e-05,0.8801058897628813,6000,0.9971383277094108,637,0.004474321827346036,6.875194268814237,0.004713817440455768,24.0,0.004778748563745759,0.0018853085325099238,14791.0,0.0016051389033304591,2,203.065998,1.5210055437364645e-11,1.5210055437364645e-11,0,0,0.9999999999999999,0.008596999999998143,1156,10,24.976974629316338,322.93610047321386,228.2594355758749,1.292370242214533
NDARCM050BN2,R8,ThePresent,available,286,500.0,60.01872110190327,130,0,42,E8,E25,E21,E17,False,False,False,False,170,130,0.009155952591710318,-979.8992630562977,446.08985700170126,-0.004550282272421632,0.8684426876479828,6000,0.8709126867089595,1749,0.0007364909619430944,2.4787783743045537,0.01797200836664731,11962.0,0.033792754192933996,0.015296251908715716,-14944.0,0.026959233228866883,2,203.286003,8.426592756904938e-11,8.426592756904938e-11,0,2,1.0000000000000002,-0.00731199999994541,1402,33,30.992958395828328,241.91811199358523,531.1316234510133,1.2812196861626248
NDARCM080BVQ,R10,ThePresent,available,124,500.0,30.003172043998806,130,0,42,E8,E25,E21,E17,False,False,False,False,144,229,0.0029270148900099407,-87.1398400114198,263.0658130081404,-0.00021191659896864265,0.4304344157573272,6000,0.9816766930669747,1031,0.00304395681862297,3.6070418602322,0.00910203985760513,24617.0,0.013328350928789277,0.00861135646835185,11446.0,0.013858804945065962,2,203.076,1.8984813721090177e-11,1.8984813721090177e-11,0,0,0.9999999999999999,-0.009893999999990055,1502,57,52.59225636241735,207.8152252253407,136.82985749133755,1.9419507323568574
NDARCM214WFE,R11,ThePresent,available,182,500.0,60.02329211472744,130,0,42,E8,E25,E21,E17,False,False,False,False,374,240,0.004196481430640663,87.72568679494594,415.01261634633346,0.0008072580532930741,0.8024317239439731,6000,0.9967555349248545,1627,0.005579216379322647,3.190509335444526,0.005800651754200807,33.0,0.006535819738609476,0.00468947301479248,40561.0,0.0076285659831499325,2,203.066,3.2085445411667024e-11,3.2085445411667024e-11,0,2,1.0000000000000002,-0.007543000000035905,2147,32,57.083519988947074,128.2829388436644,171.29311348453703,4.439049836981835
NDARCM268ULX,R10,ThePresent,available,1091,500.0,60.02337018939873,130,0,42,E8,E25,E21,E17,False,False,False,False,212,225,0.0028259545429819163,-13.881648475505283,280.2847853820599,0.0002834396624424838,0.6264986645858007,6000,0.9911543873226905,1099,0.003602008092572665,3.6177723694068074,0.0037150316933555246,23.0,0.003436683598078298,0.0019131045874219185,-18870.0,0.0015302318315087195,2,203.075995,1.587618925213974e-11,1.587618925213974e-11,2,2,0.9999999999999999,-0.0005490000000030417,1032,225,28.801385369536863,312.86280379126845,168.38578525849036,3.8140019379844965
NDARCM638LMA,R11,ThePresent,available,842,500.0,60.02337041308487,130,0,42,E8,E25,E21,E17,False,False,False,False,98,222,0.002348701325854267,68.90158338128987,258.11910643848773,-0.0010793296027971303,0.9658599517976127,6000,0.9584638411447493,1012,0.0016338776121560717,4.3570359065428095,0.0017298401593540623,26.0,0.002992947766129313,0.0005622043259971213,35578.0,0.0016800178468394113,2,203.07599299999998,2.6645352591003757e-12,2.6645352591003757e-12,0,2,1.0,-0.0028260000000049253,1380,191,30.991420127102703,231.49997123409005,159.97941173717112,2.9276231884057973
NDARCM639ZNA,R10,ThePresent,available,144,500.0,30.003132911943577,130,0,42,E8,E25,E21,E17,False,False,False,False,150,220,0.002311130336367273,29.742869648987543,321.2967186284838,0.00020373401842682553,0.9806716912947463,6000,0.9981201775721669,1259,0.0027713409947430637,16.072182384649587,0.0028282463023343854,22.0,0.0028364657436310593,0.0008732451880961914,12876.0,0.0008795629968708818,2,203.06599699999998,2.2315482794965646e-11,2.2315482794965646e-11,0,2,1.0,0.002051999999983967,773,33,44.28456764860341,459.5169551215887,447.44939534117714,1.8124579560155238
NDARCM707DHW,R11,ThePresent,available,258,500.0,60.023463954974744,130,0,42,E8,E25,E21,E17,False,False,False,False,158,239,0.005553764117781639,-20.350573926203896,544.5867349612222,-0.0011984561229804527,0.9167099037654569,6000,0.9835213445710518,2135,0.004643572681202356,4.144669606944272,0.004796444498173233,39.0,0.006062698822371244,0.0038551220722566116,-33806.0,0.0043408469780959365,2,203.06599500000002,2.8532731732866523e-11,2.8532731732866523e-11,0,2,1.0000000000000002,-0.006964000000057318,1197,45,27.211727008598356,302.17423637527276,212.52125656966732,1.7543525480367586
NDARCM826PV9,R4,ThePresent,available,416,500.0,60.02329077173591,130,0,42,E8,E25,E21,E17,False,False,False,False,197,235,0.034878163064748696,2011.5243224139992,172.50897319981487,0.009990366084169514,0.6334499684926114,6000,0.9850529048504265,676,0.0008718622344014551,3.987271225877585,0.04719195626172913,1950.0,0.07766362777103511,0.04612066105732058,2071.0,0.002371307825816925,2,203.065993,3.0309088572266774e-11,3.0309088572266774e-11,2,2,0.9999999999999997,-0.0016780000000034484,1190,107,25.69099557792748,294.3963558995102,146.8301006486355,2.0671596638655463
NDARCM953HKD,R8,ThePresent,available,792,500.0,60.02362417380364,130,0,42,E8,E25,E21,E17,False,False,False,False,291,235,0.004661020461315048,214.63238258350168,214.90538035887437,-0.0036227432223912503,0.8465126584039478,6000,0.9025427386704211,842,0.0003555883211650711,2.143510813563712,0.0055528325417873335,-12162.0,0.010796581643366495,0.0038378201327839956,-35507.0,0.008158438915292573,2,203.27800100000002,4.418687638008123e-11,4.418687638008123e-11,0,2,0.9999999999999994,-0.00547699999996695,1340,195,32.015909063196304,239.92829215303553,158.23479501521282,2.6616119402985077
NDARCN669XPR,R1,ThePresent,available,881,500.0,113.25259446039146,130,0,32,E8,E25,E21,E17,False,False,False,False,1,229,-1.0,-1.0,-1.0,-1.0,-1.0,-1,-1.0,-1,-0.0008012579667930174,6.364507417191863,0.00633564719732964,-8138.0,0.008068182454677351,0.004811312395512314,-3466.0,0.007591783764070825,2,258.40401099999997,5.3734794391857577e-11,5.3734794391857577e-11,2,2,1.0,-9.49999999494306e-05,1465,63,16.207565376499257,306.58715047700645,807.696234887409,1.5830102389078495
NDARCN681CXW,R8,ThePresent,available,209,500.0,60.01870720505629,130,0,42,E8,E25,E21,E17,False,False,False,False,336,242,0.001918671184836013,-17.41025835708517,298.839570540731,0.0003578458907352189,0.9060926220272032,6000,0.9919671352509638,1172,0.002593265739804844,10.165167250065554,0.0027233038680393265,36.0,0.002824832655247292,0.0009982101977757676,-45853.0,0.0010583894363818314,2,203.06400499999998,6.439293542825908e-12,6.439293542825908e-12,0,2,1.0,-0.004986000000012825,1140,14,22.651224547253726,330.3065448083548,210.62565981264353,1.1877456140350877
NDARCP073AFY,R9,ThePresent,available,459,500.0,30.003287637031477,130,0,42,E8,E25,E21,E17,False,False,False,False,134,213,0.010657112100547048,26.578613027080102,181.9764198257122,-0.00035651957715492695,0.690845905397019,6000,0.9960963282049362,714,0.011052999227096807,5.818894117823465,0.011626998113297706,30.0,0.014064292916139032,0.00527903330372123,-14757.0,0.006383549034803721,2,203.286004,1.2356782264077992e-10,1.2356782264077992e-10,0,0,1.0000000000000004,-0.015472999999923968,1159,203,49.522904346181924,242.26249050639797,154.99801338685344,1.9027092320966352
NDARCP452ZVH,R9,ThePresent,available,117,500.0,30.003192636447068,130,0,42,E8,E25,E21,E17,False,False,False,False,170,213,0.011978453455181856,47.68599083455414,281.31590457251076,-0.002345968222602533,0.8978249929299574,6000,0.9872927215978934,1103,0.011539207706821715,7.1579601631486325,0.011922774033516586,21.0,0.016030575149831576,0.0066318772467808835,-6655.0,0.011435353420392938,2,203.275998,1.4210854715202004e-11,1.4210854715202004e-11,0,0,1.0,0.01423199999999993,1330,52,60.62222479549158,222.8026575985784,307.02663365413434,2.2064285714285714
NDARCP642KML,R7,ThePresent,available,3022,500.0,108.51517911674996,130,0,34,E8,E25,E21,E17,False,False,False,False,1,234,0.0027377783441757545,-1763.701269093679,823.1200474842076,0.0008403996297799874,0.9213837504756844,6000,0.988771932446154,2850,0.001231954560421235,3.4026388976803035,0.0054696864232657415,-48998.0,0.005220008061608775,0.0054263197246739135,-48938.0,1.5429427344585897e-05,2,203.069997,3.730349362740526e-11,3.730349362740526e-11,2,2,1.0000000000000002,-0.0010050000000470232,481,436,144.92326861671623,139.00675089959248,537.0469338006208,21.633097713097715
NDARCR582GKJ,R5,ThePresent,available,1602,500.0,119.1373755191544,130,0,34,E8,E25,E21,E17,False,False,False,False,0,226,0.0,-3000.0,266.6666666666667,0.0,,6000,,523,0.0,,,,,,,,2,203.067995,2.5091040356528538e-11,2.5091040356528538e-11,2,2,0.9999999999999999,0.0010059999999786665,1277,222,20.705223940792152,290.67086271050664,151.88782816106433,3.951918559122945
NDARCR715LEY,R8,ThePresent,available,328,500.0,60.018752440742674,130,0,42,E8,E25,E21,E17,False,False,False,False,263,222,0.007298812987304964,72.64423885745563,349.3803952119765,-0.0009641770835514305,0.8418726130481724,6000,0.9738158650914428,1370,0.008168930950939244,7.714044354347726,0.008498472960502601,23.0,0.011602367521574817,0.0032513538082430404,14636.0,0.005448553825612101,2,203.27600700000002,4.6629367034256575e-12,4.6629367034256575e-12,0,2,1.0,0.0051959999999907,1488,71,38.79690860038645,214.36831396362606,189.84000580675576,3.417741935483871
NDARCR743RHQ,R7,ThePresent,available,547,500.0,118.18051973417568,130,0,34,E8,E25,E21,E17,False,False,False,False,0,236,0.0016640789561577333,-38.30767456247999,310.30197807402186,0.0003039325713382289,0.9034227399635156,6000,0.9918105556525182,1216,0.002079532899779159,5.590172758478138,0.0022647614716815485,-75.0,0.002027720129822071,0.00111830262734104,17716.0,0.0008527974960153619,2,203.069993,3.241851231905457e-11,3.241851231905457e-11,2,2,1.0000000000000002,7.799999999125644e-05,1672,156,23.211120186447893,204.89012606380595,245.43370875397392,3.687362440191387
NDARCT277WK9,R9,ThePresent,available,58,500.0,30.003140487956745,130,0,42,E8,E25,E21,E17,False,False,False,False,139,218,0.020827478555956045,11.92280909527588,294.00257154845315,-0.0032089168389618163,0.9799725088632834,6000,0.9937792898080301,1153,0.020388078296285937,10.035505562044284,0.021020141389142138,22.0,0.025336183246338993,0.003713647806830539,10580.0,0.0050233028181497046,2,203.286,1.5765166949677223e-11,1.5765166949677223e-11,0,0,1.0,0.009487999999968402,1159,30,47.250229879204205,287.1233805614084,253.31960979606578,1.4051251078515963
NDARCT889DMB,R8,ThePresent,available,1410,500.0,60.013757508354885,130,0,42,E8,E25,E21,E17,False,False,False,False,273,229,0.0034001211724915717,3121.336295232226,999.874516362178,-0.0024257885966686796,0.9231701161672492,6000,0.9321191263921725,1838,-0.0002630073095056419,2.3033380261261973,0.0033727996618806047,3696.0,0.0047827697672723464,0.003322260540890652,4177.0,0.0004659227898147068,2,203.061996,5.717648576819556e-11,5.717648576819556e-11,0,2,1.0,0.007431999999942443,883,310,108.11096533205075,117.9627465740963,197.82292763372186,20.726591166477917
NDARCU621EBN,R7,ThePresent,available,946,500.0,60.01868623507494,130,0,42,E8,E25,E21,E17,False,False,False,False,300,227,0.004540257116789234,11.54090564628481,317.711255697511,0.00038827678033430396,0.9704108168036965,6000,0.9954777950283609,1246,0.005541808238651963,19.647306298360196,0.005742210046598675,34.0,0.005773220934933781,0.0014960578484232065,-19698.0,0.0013528607174781476,2,203.066,8.22675261247241e-11,8.22675261247241e-11,0,2,1.0000000000000002,-0.0034289999999494057,918,301,56.35221089772785,219.01079480680673,145.01078678196689,12.494618736383444
NDARCU736GZ1,R5,ThePresent,available,229,500.0,60.02335144270756,130,0,42,E8,E25,E21,E17,False,False,False,False,112,239,0.0005141141350047219,-946.3734707170427,588.4373126633456,-0.0001302574741788768,0.8276469872386435,6000,0.9263653105386686,2306,0.0002572195225943142,2.4699876862545143,0.0005794806071657592,-25617.0,0.0012266014626373524,0.0005734248573811001,-25729.0,3.388973131127331e-06,2,203.064007,2.964295475749168e-11,2.964295475749168e-11,0,2,1.0,0.004580000000030789,1014,58,24.037959567086226,364.3620506225163,127.25060019972383,1.6608974358974358
NDARCU744XWL,R5,ThePresent,available,486,500.0,60.02335446235112,130,0,42,E8,E25,E21,E17,False,False,False,False,149,234,0.0007516971787959895,163.9454210207235,594.318918285421,-0.00014354787721023102,0.802415612435424,6000,0.9713341744751885,2329,0.0006996882021980118,3.6378204607299476,0.0010884624305495365,4999.0,0.0017643823111728072,0.0010842226775589334,4945.0,1.1390393982555359e-06,2,203.06599400000002,7.716050021144838e-11,7.716050021144838e-11,0,2,1.0000000000000002,-0.0072629999999596585,1085,132,22.68009860571004,311.62534674657235,123.8186438755209,1.752700460829493
NDARCV378MMX,R7,ThePresent,available,44,500.0,60.02337321155695,130,0,42,E8,E25,E21,E17,False,False,False,False,183,225,0.001623933989002555,403.59352240754265,436.5941884851012,-0.00026642504988342653,0.6841380888062973,6000,0.9478958490636654,1712,0.0012464171411333681,3.094661959139328,0.0028400545285409023,-22047.0,0.004742265670189266,0.0028002387314109735,-22110.0,1.4900738837817298e-07,2,203.074001,5.96189764223709e-11,5.96189764223709e-11,0,2,1.0000000000000002,0.004525000000033723,1332,18,31.6823631774307,269.3380712676072,117.5310268161059,3.088093093093093
NDARCV606ZZ5,R5,ThePresent,available,189,500.0,60.02345249218951,130,0,42,E8,E25,E21,E17,False,False,False,False,198,234,0.0007361325370324711,49.98076160523826,265.3311083812196,5.062500876153097e-05,0.894316458988934,6000,0.9864287333078361,1041,0.0009442649596626227,4.515787978586793,0.001028371270794674,33.0,0.0011871716955650165,0.0005632033052795684,-43776.0,0.0005497515294346628,2,203.063999,1.1679546219056647e-10,1.1679546219056647e-10,0,2,1.0000000000000004,-0.0037029999999089315,1598,44,43.32868886561907,204.0986643006,152.9650606536285,2.9510513141426786
NDARCV981XUY,R5,ThePresent,available,108,500.0,60.023456592282514,130,0,42,E8,E25,E21,E17,False,False,False,False,156,239,0.008636140741245392,335.0395906664537,618.5803484947751,-1.3652606320451605e-05,0.909943067732666,6000,0.9843973335588869,2425,0.007521848291957895,5.018447999915249,0.024258202419493585,15031.0,0.03297046025825435,0.02265937240034883,14648.0,0.0003215643221479471,2,203.073996,4.3298697960381105e-12,4.3298697960381105e-12,2,2,1.0,-0.000643999999991336,1234,14,23.74722397184296,302.32270161952533,266.5550663798911,1.01192868719611
NDARCW497XW2,R4,ThePresent,available,67,500.0,60.02332666523576,130,0,42,E8,E25,E21,E17,False,False,False,False,212,224,0.0010663594864771984,-88.60246417461292,400.6111542733814,0.0001984842141974121,0.8541637394913812,6000,0.9748825597335463,1570,0.0015553223355738255,3.663705179228589,0.0017704072958396428,47683.0,0.0024383412699018146,0.0017699064981815226,47639.0,4.3919236094214394e-07,2,203.074005,7.471800955727304e-11,7.471800955727304e-11,0,2,1.0000000000000004,0.005031000000035347,1105,13,34.723670217341684,325.2064931548595,120.4641932794949,4.166162895927601
NDARCW932EU6,R7,ThePresent,available,1253,500.0,119.07818046901642,130,0,34,E8,E25,E21,E17,False,False,False,False,0,71,0.0015226355196443322,37.628110510772764,136.37707953560852,-2.732317716178045e-05,0.3446727528075892,6000,0.9967469038566025,534,0.001457297673876093,2.7002103895319682,0.0024915543199412688,-24762.0,0.0049274945825379165,0.0023447880143475514,-38514.0,0.003980461960519046,2,203.07,1.9539925233402755e-11,1.9539925233402755e-11,2,2,1.0,-0.000780000000010319,1293,169,15.973983680685384,273.2712329850245,217.2436186220511,2.4936117556071156
NDARCW933FD5,R2,ThePresent,available,158,500.0,119.88577184422742,130,0,34,E8,E25,E21,E17,False,False,False,False,0,247,0.0014304354968796948,-11.440510905097419,161.15222358732447,-0.0004104847253605154,0.8675475539004532,6000,0.9914599807234138,632,0.0012111009263889056,3.4226426720649554,0.0012129428683638687,3.0,0.0016256617206848152,0.0006034342656856366,-6431.0,0.0008289411435538094,2,203.069999,3.4638958368304884e-11,3.4638958368304884e-11,0,2,0.9999999999999998,0.0022950000000130444,1157,31,15.231528133538374,341.72060748062347,134.5095616274442,1.539896283491789
NDARCX021XWF,R9,ThePresent,available,521,500.0,30.003207508404465,130,0,42,E8,E25,E21,E17,False,False,False,False,168,237,0.01621760879192556,45.97731225862753,332.16761159694437,-0.0015878075144488163,0.8945766879918395,6000,0.9824609904393312,1303,0.018203156084118557,10.495669262412607,0.018837305922869328,27.0,0.022886617854959303,0.007074257078445513,39992.0,0.010716117973235845,2,203.28599599999998,1.3089529460330596e-10,1.3089529460330596e-10,0,0,1.0000000000000007,-0.01240899999993808,1205,169,55.12717810070932,221.63508916463906,264.0826733545646,2.8659585062240662
NDARCX053GU5,R4,ThePresent,available,116,500.0,60.02328044770088,130,0,42,E8,E25,E21,E17,False,False,False,False,163,238,0.0001331542350344557,73.83024964105135,321.89557006224413,3.306693104846223e-05,0.8499886338020983,6000,0.9922166599572139,1262,0.00018441485855982261,2.8470704375342306,0.0002140389030779326,16575.0,0.00032801616460809304,0.00021136586570624978,15258.0,5.54326552644765e-05,2,203.072002,7.30526750203353e-11,7.30526750203353e-11,0,2,1.0000000000000007,0.002632999999995274,1517,28,32.94845879093211,231.5910834986322,188.62404018582987,2.2487013843111407
NDARCX462NVA,R7,ThePresent,available,190,500.0,60.02337897568842,130,0,42,E8,E25,E21,E17,False,False,False,False,174,241,0.0007067674519915083,17.96486497704955,94.44295743601624,-0.00021377233595478085,0.8731012341250757,6000,0.9967908717920198,371,0.000493187382237845,1.9960745709866896,0.0005513839459175846,48411.0,0.0008791734834906906,0.0005496135175973056,24.0,0.0011272237408123265,2,203.066003,7.893685705084863e-11,7.893685705084863e-11,2,2,1.0000000000000007,0.0007679999999834142,1399,194,48.397341192769964,183.2768652203824,212.8914307506386,8.772973552537527
NDARCX505WVX,R8,ThePresent,available,491,500.0,60.01421739685685,130,0,42,E8,E25,E21,E17,False,False,False,False,449,225,0.005132367265974312,1636.7418626277993,212.47407355092955,-0.0020169294132616083,0.7589163621001699,6000,0.987247663589885,833,-0.0011972725938211586,1.3396332427515234,0.008060704295484718,29545.0,0.016883421609455624,0.006016197166297969,9428.0,0.01105367312685121,2,203.287999,2.5868196473766147e-11,2.5868196473766147e-11,0,2,1.0000000000000002,-0.0067220000000234635,1193,76,31.170714404634417,279.2871058752758,319.83275155793183,2.286663872590109
NDARCZ388PF5,R7,ThePresent,available,38,500.0,119.86676719630984,130,0,34,E8,E25,E21,E17,False,False,False,False,0,234,0.008744702468967112,-1697.5561883464181,769.804140321746,-0.007439211791023818,0.975240056777877,6000,0.9856230939731743,2812,-0.0074698460255363894,1.3461267789996507,0.004217271790774077,11968.0,0.01585607854775255,0.004077030799845539,4985.0,0.013546176657558825,2,203.069998,2.1760371282653068e-11,2.1760371282653068e-11,2,2,0.9999999999999998,-0.00012499999995504554,1669,13,18.627296581674276,223.26238040979632,153.33994361016613,2.035721989215099
NDARCZ465CMY,R11,ThePresent,available,506,500.0,60.018970838067034,130,0,42,E8,E25,E21,E17,False,False,False,False,1417,221,0.004997366935564559,12.248009147819895,224.22591303778188,-0.0004697872565262372,0.7436356129694748,6000,0.9962154071712859,879,0.004857483351025,3.869054815778138,0.01070556132794392,15345.0,0.015596294209982067,0.007398824077814041,-9781.0,0.016463422290790845,2,203.076007,8.071321389024888e-11,8.071321389024888e-11,0,2,1.0,-0.0057999999999238175,1383,51,35.74338295773412,219.96975897929298,765.7437547724448,5.267780187997108
NDARCZ915NC1,R4,ThePresent,available,484,500.0,60.023306788211755,130,0,42,E8,E25,E21,E17,False,False,False,False,128,238,0.000584826346114432,2262.109981320765,799.948930276417,5.4241725278446714e-05,0.9767113700528274,6000,0.9978045687819468,2305,9.959242995577783e-05,3.6833127092654343,0.0006805928834435442,2262.0,0.0008192970763660575,0.0006448346339719684,1931.0,4.654810770262567e-05,2,203.06400499999998,1.63202784619898e-11,1.63202784619898e-11,0,2,0.9999999999999999,-0.005638999999967161,1932,73,55.154512622896156,138.50113420207242,277.9761492825695,4.679001035196689
NDARDA573XGG,R5,ThePresent,available,762,500.0,60.018632224878495,130,0,42,E8,E25,E21,E17,False,False,False,False,131,232,0.002220162699997937,241.77340414165667,480.94026623911225,5.4546509130403394e-05,0.7036504936029316,6000,0.9881743300484678,1885,0.0021194167859127596,2.645255649704993,0.004266812197112776,-23824.0,0.007986789308100779,0.003948720648217831,-23239.0,0.00020159315009291067,2,203.06600699999998,3.26405569239796e-11,3.26405569239796e-11,0,2,1.0000000000000002,0.0060730000000082905,1882,106,47.04254797883421,150.8020739117386,259.3336320899786,3.2048405951115835
NDARDA665DRH,R4,ThePresent,available,45,500.0,60.02339626100376,130,0,42,E8,E25,E21,E17,False,False,False,False,153,225,0.009816875770022984,3086.5739188864272,899.3200469986604,0.000241595781758599,0.9063623839858972,6000,0.9871474355177136,1676,0.0014407989657428282,5.8333895893262895,0.009992232723548504,3009.0,0.014023895462745467,0.004489432768273147,-50197.0,0.0013622178317229212,2,203.063998,4.707345624410664e-11,4.707345624410664e-11,0,2,0.9999999999999996,0.0031410000000661703,1343,10,26.720771772284582,272.1666953460647,234.9037999879752,1.5265524944154876
NDARDB033FW5,R9,ThePresent,available,243,500.0,30.003268943310896,130,0,42,E8,E25,E21,E17,False,False,False,False,37,217,0.01357989705111485,21.455401399319445,155.24589305482309,-0.00915068804600507,0.8151372281309796,6000,0.9925072005889117,608,0.0051591988114600565,0.9649682640506809,0.0056046048357449385,18.0,0.017575585505873365,0.004678403360308919,4077.0,0.010100352291834439,2,203.276004,5.828670879282072e-11,5.828670879282072e-11,0,0,1.0000000000000002,0.01217600000003115,1445,73,71.73721146315071,192.10568367762608,254.7734072729143,3.0724775086505187
NDARDC389TLD,R3,ThePresent,available,246,500.0,119.88588070870544,130,0,34,E8,E25,E21,E17,False,False,False,False,0,230,0.0017303164686216987,-4.5217531676054,161.0997528799078,-0.0003439137307664732,0.8185042917976704,6000,0.9940106781316213,632,0.0016131947813955543,3.195388228267627,0.0016179051729967905,4.0,0.002017751231749292,0.0005842965096140854,-31083.0,0.0008551086578583691,2,203.069994,5.81756864903582e-11,5.81756864903582e-11,2,2,1.0000000000000004,-6.999999999868895e-05,969,50,165.09486459293294,81.70916233231364,486.4580267467127,22.279834881320944
NDARDC504KWE,R11,ThePresent,available,675,500.0,60.01872222438653,130,0,42,E8,E25,E21,E17,False,False,False,False,482,222,0.002533179582907886,1033.8260228705174,456.32065151340277,0.0015075457663413074,0.917507098840141,6000,0.999586802555869,1789,0.001313812966069542,2.8111838600785606,0.004109644912790412,-22483.0,0.004934337170831937,0.004052682522483387,-50650.0,0.00024289952993060198,2,203.06600400000002,3.0309088572266774e-11,3.0309088572266774e-11,0,2,1.0,-0.00738600000003202,1242,147,59.33277004937281,197.7831818387274,149.37480260268566,9.12720611916264
NDARDC814WW2,R7,ThePresent,available,593,500.0,118.67509899337811,130,0,34,E8,E25,E21,E17,False,False,False,False,0,240,0.006170614678845795,570.8188732074727,755.1270758398382,-0.002660315711150918,0.7054131796853823,6000,0.9414530665119824,2960,0.0016629591312181968,3.5075450662223036,0.013415941544631013,5143.0,0.023695405737983333,0.012048831260860957,4971.0,5.769971429004164e-06,2,203.06999299999998,8.881784197001252e-11,8.881784197001252e-11,2,2,1.0000000000000002,0.00019499999987782003,856,58,15.009693803221714,444.65370573651023,337.865922253453,1.6765887850467287
NDARDC843HHM,R5,ThePresent,available,5309,500.0,59.95182425323704,130,0,42,E8,E25,E21,E17,False,False,False,False,335,239,0.013937582874777225,-2925.6189183490037,426.57897567112076,-0.013433544105286651,0.908885070198168,6000,0.9971851156946562,911,-0.006470111145206854,2.195726280236714,0.015896047618232077,-45497.0,0.03009368878991761,0.013317159078447124,-4689.0,0.02572403547056693,2,203.06400499999998,1.1102230246251565e-11,1.1102230246251565e-11,0,2,0.9999999999999999,-0.0053369999999775646,591,521,46.93689000952349,209.645616000497,361.5430606446126,12.519357021996617
NDARDE283PLC,R4,ThePresent,available,72,500.0,118.4208576464234,130,0,34,E8,E25,E21,E17,False,False,False,False,0,240,0.001967865451714223,720.8881041306747,436.678660362068,-3.7892815897121454e-06,0.7443108707721668,6000,0.9736441759650746,1712,0.00021641174035219975,3.364586471127354,0.0021151433128049177,-10900.0,0.003726547743599355,0.002056309243928748,503.0,0.0031715037150078225,2,203.06799900000001,1.4788170688007085e-10,1.4788170688007085e-10,2,2,1.0000000000000007,0.00098600000006627,42,373,181.32309799979268,,271.37895019198504,110.31952380952379
NDARDE319VD1,R7,ThePresent,available,349,500.0,119.86647096349333,130,0,34,E8,E25,E21,E17,False,False,False,False,0,236,0.003073860948971942,2937.6662590955907,421.4067456622343,-0.00602832621571785,0.9733464492273803,6000,0.9994820270727451,888,-0.005390142580032461,2.6924514942644944,0.006984512276362312,26664.0,0.0076666591766067,0.005706941464268175,25806.0,4.1715677854508096e-05,2,203.069994,6.94999613415348e-11,6.94999613415348e-11,2,2,0.9999999999999996,0.0007879999999765686,1014,47,14.384683814134501,386.16842062592076,226.6357528589434,1.4079092702169624
NDARDE355JYM,R10,ThePresent,available,219,500.0,30.003213826189388,130,0,42,E8,E25,E21,E17,False,False,False,False,375,224,0.002833377355137496,-3.528565367334732,372.801717524097,-0.00032809900991643875,0.9201912783605666,6000,0.9957421774838955,1462,0.0028234658253029213,4.19652725673596,0.002903170856484413,25.0,0.0032523258002987543,0.0011943596601825279,-14361.0,0.001419450017437901,2,203.06600600000002,4.118927421359331e-11,4.118927421359331e-11,2,2,0.9999999999999999,-0.0006929999999459282,1025,105,55.117439020629014,301.01388556340083,205.06265420399342,4.211307317073171
NDARDE597GKQ,R4,ThePresent,available,10859,500.0,55.34627849690737,130,0,42,E8,E25,E21,E17,False,False,False,False,157,251,0.003573631614508468,-823.864957528941,664.8583228294958,-0.0017667634771273042,0.9385076146842319,6000,0.9937079997841695,2606,-0.00017203992097126477,2.3610336047207015,0.001814265842370245,-832.0,0.005065407386441918,0.0015203575811560124,6238.0,0.0024706891653770813,2,203.072001,7.949196856316121e-11,7.949196856316121e-11,0,0,1.0000000000000002,0.009346000000045249,10,65,58.31296016730405,140.8642614061452,6192.274580330689,12.617999999999999
NDARDE769PHW,R11,ThePresent,available,566,500.0,60.004678913003936,130,0,42,E8,E25,E21,E17,False,False,False,False,627,233,0.013832263725537456,-2726.906365193506,218.4586893523826,0.0005928096889168777,0.4288659860242824,6000,0.9993176429802823,702,0.0046722388695364155,2.292537073376592,0.04608998592415811,-7852.0,0.0754654160323425,0.045919886594980815,-7910.0,0.0005259947299826803,2,203.076006,1.0613732115416497e-10,1.0613732115416497e-10,0,2,1.0,-0.006195999999901192,1329,67,38.04851520116369,229.9743123179309,385.19188624634705,6.024537246049662
NDARDE877RFH,R5,ThePresent,available,144,500.0,60.02341461988692,130,0,42,E8,E25,E21,E17,False,False,False,False,215,231,0.0013720274490755758,28.907187680450544,164.0494342053589,-0.0007913498204127705,0.9380340025077388,6000,0.9261580647962133,643,0.0006902222576635908,2.5135205050080542,0.000939583358245054,37.0,0.0018758548573030228,0.000925658632109942,20006.0,0.0014852413293910036,2,203.075995,8.204548151979907e-11,8.204548151979907e-11,0,2,1.0000000000000004,-0.006656999999949899,1246,83,59.47426502779948,189.86853218869115,133.27819531003908,8.288780096308185
NDARDF166XVA,R10,ThePresent,available,947,500.0,30.00315553920818,130,0,42,E8,E25,E21,E17,False,False,False,False,90,228,0.0033636792313946114,40.61071309104874,254.8858437856726,-2.3104483790192865e-05,0.8480958046045683,6000,0.9934765063852663,999,0.0037952781180140066,5.383310468007666,0.0039442950209803715,24.0,0.004163532197350956,0.0019008222240344214,9067.0,0.002018926881107506,2,203.066007,8.01581023779363e-11,8.01581023779363e-11,0,2,1.0000000000000002,0.0071370000000462565,1167,250,61.6068169538062,192.8406454199371,302.5076006714304,4.2017223650385604
NDARDF373ZDW,R3,ThePresent,available,1156,500.0,104.97383725272603,130,0,34,E8,E25,E21,E17,False,False,False,False,5,234,0.0010236506908542845,2871.018456331752,258.63650217456205,-0.00039843401855174404,0.7036339669232486,6000,0.9962519561978996,635,-0.0007730889467988735,3.240339816612386,0.005532958180016238,-29593.0,0.009367380661044594,0.005442984220582561,-13820.0,0.007613638488406838,2,203.070007,7.993605777301127e-11,7.993605777301127e-11,0,2,0.9999999999999999,0.004021999999925957,1,74,367.04584813406086,,5112.102055091016,215.07
NDARDF374LGN,R5,ThePresent,available,384,500.0,119.75547013738067,130,0,34,E8,E25,E21,E17,False,False,False,False,0,238,0.011207690774051758,-2061.6543855025416,498.83005137347175,-0.000555745605986187,0.7704285641825578,6000,0.9902302412232563,1917,-0.008511212490570966,3.6705773155431234,0.010652771262587494,-2218.0,0.019167838905341943,0.008814046267478092,-1787.0,9.035201526822259e-05,2,203.072,8.570921750106208e-11,8.570921750106208e-11,0,2,1.0,0.0025520000000861533,0,71,,,2437.7024102440164,
NDARDF560NND,R8,ThePresent,available,162,500.0,60.018866042576484,130,0,42,E8,E25,E21,E17,False,False,False,False,358,237,0.024120963744872815,27.87979886806654,223.47837311557845,-0.0032648422870289054,0.9220373457120711,6000,0.997362632702601,876,0.022459471689139133,6.7048182810697865,0.02353626081930999,28.0,0.03208092401810529,0.009600097360440355,-17250.0,0.015672227973693637,2,203.286,3.2862601528904634e-11,3.2862601528904634e-11,0,2,1.0,0.004308999999962594,1472,25,30.424457091147374,238.43961508755123,317.2124612113913,1.5787160326086955
NDARDF568GL5,R4,ThePresent,available,435,500.0,119.13169209933555,130,0,34,E8,E25,E21,E17,False,False,False,False,0,238,0.0012380130186775038,-1032.8915181061627,562.5791340525549,-0.0010677916547376328,0.9337439893938801,6000,0.9473920054756345,2205,-0.0004962568791226462,4.898391275781944,0.006327177013226328,14979.0,0.00930637979501317,0.0026776881002762726,41762.0,0.004526441248561444,2,203.07199400000002,3.197442310920451e-11,3.197442310920451e-11,0,2,1.0000000000000002,-0.0027379999999941227,1,73,125.0543333147009,,786.9574641949087,87.78
NDARDF877LW4,R10,ThePresent,available,48,500.0,30.003177772962204,130,0,42,E8,E25,E21,E17,False,False,False,False,119,241,0.0032150315937205395,40.74112409614032,366.3034929492122,0.0004302232407709872,0.9439590833693153,6000,0.9860156893445534,1436,0.004497673495578604,8.245059721608003,0.004792974710147005,30.0,0.0045755970957402515,0.0017958928904137884,-23427.0,0.0014062325628815945,2,203.075998,3.83026943495679e-11,3.83026943495679e-11,2,2,1.0000000000000004,-0.001982000000020028,968,20,45.17611701923513,369.5496742347362,169.98982007906474,1.3540289256198346
NDARDG484ZJ1,R7,ThePresent,available,868,500.0,107.20536716419288,130,0,34,E8,E25,E21,E17,False,False,False,False,0,248,-1.0,-1.0,-1.0,-1.0,-1.0,-1,-1.0,-1,-0.0006913305088081526,0.7088234651135923,0.0001129698010039579,-7871.0,0.0007127331756227977,7.681881241435868e-05,-36078.0,0.0006367347901226816,2,203.070001,7.815970093361102e-11,7.815970093361102e-11,2,2,0.9999999999999999,0.0013639999999291508,1129,63,18.05917614747696,287.9888500125027,1061.8265804741538,2.459211691762622
NDARDG747ULB,R7,ThePresent,available,27,500.0,60.02341298836944,130,0,42,E8,E25,E21,E17,False,False,False,False,507,233,0.005493389067267871,510.9865343213986,720.50887198895,-0.002168559422434671,0.8981577312798722,6000,0.9878495637361893,2825,0.0020890106120539883,3.312611586887746,0.01104384417405398,9394.0,0.01822773913503027,0.010661408106911206,9590.0,0.00016055965282700535,2,203.06400299999999,4.141131881851834e-11,4.141131881851834e-11,2,2,1.0,-0.0017760000000260866,1057,9,21.704443105226403,359.5459546904429,349.8737898911667,0.974824976348155
NDARDG929LYJ,R4,ThePresent,available,104,500.0,119.41346688541897,130,0,34,E8,E25,E21,E17,False,False,False,False,0,242,0.000805557630603392,1810.9119084752288,1231.7057309070974,-0.00020952035938732262,0.920803554188967,6000,0.9297032292436639,3603,0.00024320376851784715,3.2288739072736963,0.001231053405312172,30041.0,0.0016754866205824148,0.0008121056714404367,46726.0,0.0010917570497643108,2,203.069993,4.39648317751562e-11,4.39648317751562e-11,2,2,0.9999999999999994,-0.0007829999999094749,1463,51,39.05434004306848,163.34070412773627,390.7373593122526,4.869063568010936
NDARDH086ZKK,R5,ThePresent,available,209,500.0,118.94887161740229,130,0,34,E8,E25,E21,E17,False,False,False,False,0,237,0.002987334628848951,-2433.6866607614675,756.9692770136315,-2.302489889108545e-05,0.9268910856522546,6000,0.9979690852655222,2050,-6.352559652460745e-05,2.7569766678453136,0.003418121444459253,-4192.0,0.004263428052685513,0.002981291308963597,-2330.0,0.0005903442552253149,2,203.07200200000003,2.5757174171303632e-11,2.5757174171303632e-11,2,2,1.0000000000000002,-0.0006420000000242171,1092,24,16.74436049452096,357.9009020352225,295.2810238632453,1.2539285714285715
NDARDH214UVC,R9,ThePresent,available,890,500.0,60.00891060180048,130,0,42,E8,E25,E21,E17,False,False,False,False,144,227,0.0004730548008166485,-20.619738139203896,371.0330638235265,0.0008895703391182052,0.8717848774948543,6000,0.9982552888911597,1454,0.001393741601166437,2.7267741162242256,0.0017568719896385334,40680.0,0.0009841826437300574,0.0017051724569128331,41005.0,5.64358891707523e-05,2,203.063994,5.040412531798211e-11,5.040412531798211e-11,0,2,0.9999999999999996,0.004798999999984875,866,165,29.145764108612422,354.4865337734635,241.32715561555028,4.946570438799076
NDARDH220WVH,R9,ThePresent,available,102,500.0,60.00877875040395,130,0,42,E8,E25,E21,E17,False,False,False,False,155,239,0.0051640601227411305,114.31080493696034,441.63752415937336,0.009435550544638554,0.9927591396087637,6000,0.9989384185929008,1731,0.01542695846527742,4.037593624733426,0.015777752911365562,44.0,0.008233572653466432,0.011332114069055176,-13680.0,0.002979228470822902,2,203.06400399999998,3.141931159689193e-11,3.141931159689193e-11,2,2,1.0,-0.00017699999996574652,1195,14,29.80798520368794,307.4217815162589,304.60301228850125,1.3545104602510458
NDARDH305AV2,R7,ThePresent,available,108,500.0,60.02342108419633,130,0,42,E8,E25,E21,E17,False,False,False,False,253,236,0.02103320197215654,2212.511459945373,267.7706994087822,-0.009687408085830122,0.9056834391045108,6000,0.8869388134793094,1050,-0.010647525200160737,6.818693191579879,0.17339503161376038,-7043.0,0.18399416385787853,0.07620630875125002,17145.0,0.12560827128261684,2,203.072003,7.527312106958561e-11,7.527312106958561e-11,0,0,1.0000000000000007,-0.008927000000009256,1350,23,26.126435650736322,268.6830817001753,149.94530954908726,1.4182518518518517
NDARDH670PXH,R1,ThePresent,available,6947,500.0,85.90627926214272,130,0,34,E8,E25,E21,E17,False,False,False,False,0,272,0.0,-3000.0,266.6666666666667,0.0,,6000,,523,0.0,,,,,,,,2,203.079993,3.952393967665557e-11,3.952393967665557e-11,0,2,0.9999999999999999,0.002035999999979129,0,2,,,207449.5752217233,
NDARDJ092YKH,R4,ThePresent,available,507,500.0,60.02312707659739,130,0,42,E8,E25,E21,E17,False,False,False,False,135,225,0.0007371562319498132,51.878824889771366,214.41832053274786,-0.00019142943898214993,0.8833655253276164,6000,0.9802152735122001,841,0.00064908945510317,3.9923654768997547,0.0007121433208915221,30.0,0.001083454934657485,0.00030713936236456414,-5552.0,0.0005080381238666324,2,203.066007,3.0031532816110484e-11,3.0031532816110484e-11,0,2,1.0,-0.004832999999968373,966,158,177.62583397963564,98.0690688494111,173.56187519264273,26.906718426501033
NDARDJ204EPU,R8,ThePresent,available,348,500.0,60.013983396842356,130,0,42,E8,E25,E21,E17,False,False,False,False,263,240,0.02751575080122696,-31.39473516679043,418.4159653827888,-0.0016750770114806887,0.9508798447071066,6000,0.9954365035172829,1640,0.028782415501365646,6.379246601726188,0.02912650450042262,20.0,0.0366544952647296,0.012767570754459166,6999.0,0.01895207040129418,2,203.277998,6.461498003318411e-11,6.461498003318411e-11,0,0,1.0000000000000002,-0.008508999999956348,1532,50,31.668707505228184,220.5324618068203,265.239842230257,2.0559268929503918
NDARDJ544BU5,R8,ThePresent,available,403,500.0,60.0235151058691,130,0,42,E8,E25,E21,E17,False,False,False,False,405,239,0.005260218935058808,-61.24341744921482,209.88019390692125,-0.0006292726849517292,0.684043856578136,6000,0.9492682421208671,823,0.005897102132667074,2.883955395238163,0.00663072534538955,34977.0,0.014054389684845,0.006150126786007865,22.0,0.012119464144594423,2,203.276001,6.716849298982197e-11,6.716849298982197e-11,0,2,1.0000000000000002,-0.0030099999999510666,1333,111,39.32077660940275,233.2964819068243,214.7825672004038,3.796376594148537
NDARDJ947WXC,R3,ThePresent,available,1561,500.0,108.17816028034487,130,0,34,E8,E25,E21,E17,False,False,False,False,0,245,0.0018574661164195568,1789.891780565258,1323.904449575177,-0.002172786172201447,0.9894703292317785,6000,0.9747106976288654,3804,-0.002006089791577706,0.6419332820159204,0.0004674942028110264,46743.0,0.0012174785734898087,0.0004653182825895448,30456.0,0.001695243418535858,2,203.07000100000002,1.0147438445073931e-10,1.0147438445073931e-10,2,2,1.0000000000000002,-7.199999994001427e-05,1084,94,17.477291793631366,289.2771579790809,800.9705359253862,2.2049723247232476
NDARDJ970ELG,R7,ThePresent,available,329,500.0,60.02337082034759,130,0,42,E8,E25,E21,E17,False,False,False,False,159,233,0.0022687109208067865,-87.77807808619558,240.00823032894638,-0.0006671580057994283,0.9093578099239243,6000,0.9551931970515452,941,0.001954492274575899,3.8067385087866694,0.0019954219009676553,16.0,0.003426519263735662,0.001824629002156314,-9563.0,0.0025982127544483423,2,203.07200699999999,1.5076828674409626e-10,1.5076828674409626e-10,0,2,0.9999999999999999,0.005904999999869339,987,76,23.36100914410997,364.91994620559905,150.82057298372123,1.723353596757852
NDARDK197BHM,R4,ThePresent,available,138,500.0,119.81349496841872,130,0,34,E8,E25,E21,E17,False,False,False,False,0,228,0.0024296111026784594,-2.663548131724022,222.85452576985415,0.0004456668824506242,0.9647812870613162,6000,0.9964912154255824,874,0.003297572203823237,9.72996039118585,0.0033289872470489723,12.0,0.0031246276270010757,0.0011060361232524741,-37454.0,0.0007504638099262528,2,203.06999299999998,2.398081733190338e-11,2.398081733190338e-11,2,2,1.0000000000000002,-0.0004280000000491275,1243,27,20.479890595664653,304.9655928671686,385.8838702666959,1.8616009654062753
NDARDK794WV3,R9,ThePresent,available,226,500.0,30.00326392342697,130,0,42,E8,E25,E21,E17,False,False,False,False,139,211,0.01829212854518901,31.788078279452037,183.0265033852963,0.005486728816968818,0.8543964866815376,6000,0.9987147367122048,717,0.02547011710170075,3.2655998475861576,0.03168010227282765,43919.0,0.038662712780853765,0.03163699523771269,43961.0,1.5226043630710284e-05,2,203.27599999999998,1.6542323066914832e-11,1.6542323066914832e-11,0,0,1.0000000000000002,0.01346699999996684,1086,101,45.976277979445,291.7405719648688,169.29495840839917,1.5325782688766114
NDARDL033XRG,R11,ThePresent,available,303,500.0,60.023336692821886,130,0,42,E8,E25,E21,E17,False,False,False,False,106,235,0.003917564813035557,29.030521805637257,365.19714961318505,-0.0002787564389943542,0.8783155348019537,6000,0.9805302462366999,1431,0.0045898986918602195,7.620987988708196,0.0049323207144835665,33.0,0.005711214288327517,0.001512048015672363,-4729.0,0.002104435803213349,2,203.066002,6.650235917504688e-11,6.650235917504688e-11,0,2,1.0,-0.004823000000076116,1301,85,28.00702137322353,270.5978451541191,130.3442641014761,3.2221598770176794
NDARDL129FV3,R4,ThePresent,available,149,500.0,60.01357333407074,130,0,42,E8,E25,E21,E17,False,False,False,False,160,246,0.012119267631092081,3282.843129238238,901.6829177481251,-0.004093775634050715,0.7085802046596832,6000,0.9555591116074537,1484,-0.006984669902287991,4.2775190037183854,0.02851771949457159,6773.0,0.041517858491664644,0.026286261513064083,7230.0,3.7697584102831805e-06,2,203.074007,8.504308368628699e-11,8.504308368628699e-11,0,2,1.0,0.002273000000084842,1052,22,26.163094044526577,354.5843297928613,224.91387998172402,1.674429657794677
NDARDL305BT8,R5,ThePresent,available,427,500.0,118.98433396665037,130,0,34,E8,E25,E21,E17,False,False,False,False,0,240,0.004383139986685196,-1743.454319284172,584.2881520938836,-0.0016010691598580629,0.8537365754342492,6000,0.9724925045612663,2290,-0.0016134581771678413,3.476650057023067,0.00754187605792438,44729.0,0.011362725580856842,0.004745257565356606,39579.0,0.010248135305027948,2,203.072001,9.037215420448774e-11,9.037215420448774e-11,2,2,1.0000000000000002,-0.0008809999999332541,806,79,346.2709251567272,90.82649046152864,232.13512297238682,56.697642679900746
NDARDL377ZT7,R9,ThePresent,available,352,500.0,30.00326055841783,130,0,42,E8,E25,E21,E17,False,False,False,False,330,232,0.003954617734870124,148.81307969427937,322.85098557428313,-0.0006622404112320144,0.7049387041971794,6000,0.9855924296550169,1265,0.0036131403293541294,5.235750098080061,0.0037679022812026866,26.0,0.005990446320559352,0.001985365101324813,7366.0,0.004328466171336691,2,203.275996,6.661338147750939e-11,6.661338147750939e-11,0,0,0.9999999999999999,0.008623999999952189,1166,134,60.60254861819479,232.659488108354,305.9474296769988,4.764493996569468
NDARDL389KT5,R9,ThePresent,available,76,500.0,30.003298250869236,130,0,42,E8,E25,E21,E17,False,False,False,False,394,221,0.0060873631209855715,26.599065308872703,355.246180941622,-0.00013943565775931195,0.8037484855366993,6000,0.9753270441563581,1392,0.007961313034176236,3.3430760996625413,0.00812316294032284,16.0,0.012747954893419022,0.007486249845688003,29084.0,0.011717949026644844,2,203.28599499999999,1.0980105713542798e-10,1.0980105713542798e-10,0,0,1.0000000000000002,0.015963000000077124,1068,25,46.78372401012707,324.4116277581251,135.99549152019924,1.6016385767790264
NDARDL471LWJ,R11,ThePresent,available,116,500.0,30.003220281327945,130,0,42,E8,E25,E21,E17,False,False,False,False,91,210,0.0007774149038589766,106.51367203855759,287.1632826596213,-0.00023098213019149657,0.6018058786474588,6000,0.972040175872001,1126,0.0006180992528443617,2.136280345874306,0.003604313780013698,40383.0,0.007352306055105305,0.0034888722694849717,39539.0,0.0022210877669929033,2,203.065996,7.438494264988549e-12,7.438494264988549e-12,0,0,0.9999999999999999,0.009885000000015232,840,50,42.6158590777472,416.94547844100515,163.31882479601424,0.8499880952380953
NDARDL511UND,R1,ThePresent,available,185,500.0,119.30785282717278,130,0,34,E8,E25,E21,E17,False,False,False,False,0,237,0.005316756707443001,-23.676815088954932,287.23663966894685,0.00295447736082989,0.70546543874314,6000,0.995199025828151,1126,0.008745110950586393,3.8422110764124033,0.009028187754437686,65.0,0.00919817588847591,0.0060375401829854975,-10047.0,0.00346750687007098,2,203.07,3.907985046680551e-11,3.907985046680551e-11,2,2,0.9999999999999999,-0.0009380000000202678,1431,32,17.89470835418838,263.80151788667126,329.23379854999945,1.5017889587700912
NDARDM118LR6,R4,ThePresent,available,447,500.0,60.01845385978038,130,0,42,E8,E25,E21,E17,False,False,False,False,151,241,0.0006496012421714351,1455.7878233273855,631.3067615348115,-0.00014690716155068713,0.8262968395325259,6000,0.9921555043519689,2475,0.00010285825560056491,2.677973343360275,0.0005342107949302486,1415.0,0.001069755765131056,0.0004784654264468507,38636.0,0.0006238367177283994,2,203.072003,4.3853809472693683e-11,4.3853809472693683e-11,0,0,1.0000000000000004,-0.008253000000003001,1022,70,27.713722427927934,351.8378346527584,217.06499163608672,2.514412915851272
NDARDN393BJH,R4,ThePresent,available,256,500.0,60.02329867767599,130,0,42,E8,E25,E21,E17,False,False,False,False,154,230,0.0008157462076049377,238.58186460858414,426.8452938326717,-0.0007171165636609901,0.941643685724394,6000,0.8070877765580987,1674,0.00024588527984805895,4.717238504377269,0.00315242957586982,27659.0,0.004564339458526216,0.0030973812434983423,27915.0,2.9712899839726484e-07,2,203.073997,3.008704396734174e-11,3.008704396734174e-11,0,2,0.9999999999999997,-0.004184999999939385,1099,51,25.12035907843912,333.61666127688665,176.40385803757292,1.7911191992720656
NDARDN489EXJ,R4,ThePresent,available,1220,500.0,59.98944348202685,130,0,42,E8,E25,E21,E17,False,False,False,False,160,228,-1.0,-1.0,-1.0,-1.0,-1.0,-1,-1.0,-1,-0.002511728233829796,1.0155502088042714,0.0017597235884200457,3852.0,0.0030637152758796514,0.0006374346919869295,3107.0,5.139173010398912e-05,2,203.072,1.176836406102666e-11,1.176836406102666e-11,0,2,0.9999999999999999,0.0063140000000237815,1005,124,28.943839523023485,323.4295216154635,327.0235833181197,3.22236815920398
NDARDN924BV2,R4,ThePresent,available,30,500.0,119.82314717509037,130,0,34,E8,E25,E21,E17,False,False,False,False,0,237,0.0011290246853710023,2597.2051829795373,965.0125260019579,2.229646146577591e-06,0.8280311501761424,6000,0.9982843360717945,2294,0.0004818725446713203,2.808476684981497,0.001184978964424746,2724.0,0.0014340774258239442,0.001155662486169688,36458.0,0.0012108192417226765,2,203.06999299999998,5.81756864903582e-11,5.81756864903582e-11,0,2,1.0,0.002505999999940815,1543,18,14.098075050510825,252.2131740654478,190.9364267026997,0.9628127025275437
NDARDN996CPF,R7,ThePresent,available,581,500.0,59.99465467350604,130,0,42,E8,E25,E21,E17,False,False,False,False,282,235,-1.0,-1.0,-1.0,-1.0,-1.0,-1,-1.0,-1,-0.0039303623769543754,4.422343312470656,0.01624432061928972,46315.0,0.022183814534575866,0.005164416108826385,27742.0,0.011012654749359783,2,203.072006,1.1013412404281553e-10,1.1013412404281553e-10,0,0,1.0000000000000002,0.008503000000077898,454,74,39.41191512507783,354.99770277995816,1607.9114767854894,9.004735682819383
NDARDP292DVC,R8,ThePresent,available,650,500.0,59.98984307083459,130,0,42,E8,E25,E21,E17,False,False,False,False,245,221,1.4842025555154062e-06,-2486.9231534148844,646.127533433322,-8.892590714060683e-07,0.8055746360237545,6000,0.8842238799869803,1780,-1.8123365260207696e-06,1.500585528651694,1.8241531944557402e-06,-6011.0,3.561852025753612e-06,1.7209455651429528e-06,-5755.0,1.0403157750760722e-07,2,203.071995,7.205347429817266e-11,7.205347429817266e-11,0,2,1.0000000000000002,0.005779000000058608,809,53,30.686688469701473,423.7373849166283,495.71334922812133,3.2728924598269473
NDARDP619NZB,R11,ThePresent,available,141,500.0,60.02334425455406,130,0,42,E8,E25,E21,E17,False,False,False,False,184,224,4.009935893054647e-06,1809.079077869849,834.6233790579289,3.7503666945069003e-06,0.8955038234361995,6000,0.9946511610115437,2826,4.824211117711918e-06,3.067033294208338,9.344644792440368e-06,13778.0,5.828392747598384e-06,9.331671108397688e-06,13749.0,4.5893244440847096e-10,2,203.075995,1.6764367671839864e-11,1.6764367671839864e-11,2,2,0.9999999999999999,0.0008459999999951451,1341,29,33.21018578703484,266.0277673704106,166.03094784673152,2.463512304250559
NDARDP725ZVY,R8,ThePresent,available,373,500.0,60.02362232117621,130,0,42,E8,E25,E21,E17,False,False,False,False,184,224,9.509196466610448e-07,2431.1234753206613,365.6599001657941,7.64960739043792e-07,0.7970356722238466,6000,0.9961103243717303,1285,-6.999681377211191e-07,3.244436565272852,1.7915668087973276e-06,2629.0,2.932211261877931e-06,1.7584124110614353e-06,2550.0,1.0600546906027122e-08,2,203.076003,3.019806626980426e-11,3.019806626980426e-11,0,2,0.9999999999999999,-0.0034439999999963293,1482,70,29.33002543847868,228.46625979404,208.25602844777654,2.0149325236167344
NDARDR067YMC,R2,ThePresent,available,2810,500.0,75.05515327106258,130,0,34,E8,E25,E21,E17,False,False,False,False,0,238,0.0008713081591150687,2343.129139984152,329.7098119297957,-0.0003636271713472132,0.6813305228763351,6000,0.905927387025629,1293,-8.55437538939682e-05,1.322268166243173,0.0013056614078233958,12115.0,0.001822670638525998,0.0012344722849313879,11975.0,1.04288305484662e-06,2,203.069998,2.1760371282653068e-11,2.1760371282653068e-11,2,2,1.0000000000000002,0.0007319999999844706,625,65,33.114995862556036,257.48293163620855,3526.1674596211024,9.645744000000002
NDARDR103FJQ,R9,ThePresent,available,91,500.0,30.00327558433969,130,0,42,E8,E25,E21,E17,False,False,False,False,145,228,0.01049552839834186,262.94194578112314,370.3450424164155,-0.005951152717476769,0.8235292370430133,6000,0.8480987245344117,1451,0.004709408563058697,2.4388790637517044,0.0141724167866153,8052.0,0.03145030478435481,0.014163107271157785,8085.0,3.3017238092250545e-06,2,203.285998,1.6653345369377348e-11,1.6653345369377348e-11,2,2,0.9999999999999999,0.00023600000000491002,1122,54,54.690197818613264,281.25625155496135,159.8655996579246,2.610837789661319
NDARDR240WKM,R7,ThePresent,available,673,500.0,118.8386890206869,130,0,34,E8,E25,E21,E17,False,False,False,False,0,245,0.0027476164244634917,-1622.6787577597556,512.5115087146452,0.0003241795076125519,0.6878678928395597,6000,0.957931912457622,2009,0.00047944244007257865,4.2495860735999305,0.049282136984850004,18829.0,0.07007221749240501,0.026827391160427132,22068.0,0.006536074968351745,2,203.07000000000002,8.79296635503124e-11,8.79296635503124e-11,0,2,0.9999999999999999,0.0024150000000915947,3,123,8.295786526014023,,1940.2656837916243,10.11
NDARDR304HHJ,R9,ThePresent,available,336,500.0,60.02354482159561,130,0,42,E8,E25,E21,E17,False,False,False,False,233,228,0.007219200238319239,955.9745409487538,225.30264291124425,0.0005608261428632208,0.6428333341239268,6000,0.995854201983435,883,0.0015129726668353038,3.1682447027024354,0.011772731139133819,-5571.0,0.016396571458325432,0.009536580178885094,-50178.0,0.0020806568617684987,2,203.276007,7.971401316808624e-11,7.971401316808624e-11,0,2,1.0,0.007592000000074191,869,88,37.57771265464105,220.18270095265282,1915.0549096627117,3.7088607594936707
NDARDR439HY2,R7,ThePresent,available,324,500.0,118.97380326384142,130,0,34,E8,E25,E21,E17,False,False,False,False,0,230,0.008168540636861314,674.2715058080272,691.4546924804514,0.008329348890874727,0.8263401509718981,6000,0.997781768485853,2710,0.012891014917256914,2.2655517425114122,0.032153433733554324,28148.0,0.024444682551800375,0.031699432256729734,27997.0,0.0004333719391345914,2,203.07199400000002,3.5083047578154947e-11,3.5083047578154947e-11,2,2,1.0,-0.0006529999999584275,1061,44,14.800914242964522,369.0427044110952,254.46930237613063,1.5569180018850142
NDARDR458MR7,R4,ThePresent,available,402,500.0,60.01816640707291,130,0,42,E8,E25,E21,E17,False,False,False,False,166,235,-1.0,-1.0,-1.0,-1.0,-1.0,-1,-1.0,-1,-0.0007811604416341492,2.40693552891349,0.0020552806964107967,22411.0,0.004588272267882592,0.0017016553218075782,-41351.0,0.002738565278878019,2,203.063997,2.1316282072803006e-11,2.1316282072803006e-11,2,2,1.0000000000000002,-0.0007920000000430454,1463,76,34.07284969155124,230.5213473569792,198.60887860937632,2.507525632262474
NDARDR804MFE,R5,ThePresent,available,694,500.0,119.16681332281016,130,0,34,E8,E25,E21,E17,False,False,False,False,0,232,0.006110191369993538,-1254.4504150534854,476.16356084693444,0.00830942296844315,0.9803885630222038,6000,0.9962507321890368,1866,0.008085257242188892,4.470396132045384,0.03722559900810662,20299.0,0.0346647477562544,0.03425854391427339,19968.0,0.0011108625069724265,2,203.063999,9.636735853746359e-11,9.636735853746359e-11,2,2,1.0,0.0003540000001074801,1867,230,24.533078708485426,187.72243582421353,140.38917611746575,3.6442956614890196
NDARDR898FMV,R10,ThePresent,available,174,500.0,30.003148132609567,130,0,42,E8,E25,E21,E17,False,False,False,False,82,245,0.007564087118491621,61.07070595164595,283.65033349712564,0.004262723461112539,0.9752234864337631,6000,0.9985616660625302,1112,0.012715097725811064,5.974578726427609,0.013138405946933275,28.0,0.010987247904523472,0.006672911322071852,-14143.0,0.003687956995723219,2,203.066003,3.1308289294429414e-11,3.1308289294429414e-11,0,2,0.9999999999999997,-0.0029960000000053143,1073,71,43.73833700889033,317.43572937772825,143.6527566121257,1.746542404473439
NDARDT499DWP,R5,ThePresent,available,882,500.0,60.02330196567581,130,0,42,E8,E25,E21,E17,False,False,False,False,120,234,0.001634665038859143,-300.14450134058217,545.838829436748,-0.00017980088602234824,0.9721466148561528,6000,0.9989977074126694,2139,0.0013242059413884535,3.0605310481038446,0.0016425925427340292,-50542.0,0.0002855682896424957,0.0015064776710585397,-42094.0,0.0011615323276719862,2,203.073995,2.9753977059954195e-11,2.9753977059954195e-11,0,2,1.0000000000000002,-0.00531500000005958,1494,172,35.97498106031567,206.26471567294806,199.43692336499146,3.280013386880857
NDARDU482DGK,R7,ThePresent,available,546,500.0,119.87626194725866,130,0,34,E8,E25,E21,E17,False,False,False,False,0,245,0.0031333288980573432,21.25989775721808,264.368470482559,0.0006917664088438375,0.8016420199574505,6000,0.9923338864442008,1036,0.004679646794809041,5.378348748535417,0.00471365005013421,9.0,0.004457396679212878,0.002131366781888836,45422.0,0.0015226980631790604,2,203.069999,2.9753977059954195e-11,2.9753977059954195e-11,2,2,1.0000000000000002,0.0005749999999392451,1657,80,39.32684795300682,207.61874878787256,138.37236919013503,5.3573808086904045
NDARDU566NUY,R8,ThePresent,available,917,500.0,60.013885224216985,130,0,42,E8,E25,E21,E17,False,False,False,False,294,238,1.2791600039331822e-06,-188.60689343506425,531.8656238718332,3.1627669286939033e-06,0.9849263792581371,6000,0.9984592773757363,2085,4.558249886887708e-06,6.83095178377208,4.559914405111774e-06,-5.0,3.987773032671174e-06,4.558697759042413e-06,32.0,6.926120973196576e-09,2,203.073993,3.9745984281580604e-11,3.9745984281580604e-11,0,2,0.9999999999999997,0.00500800000005138,812,118,39.37505269159767,384.24640350660314,319.6378064637559,9.152229064039409
NDARDU602LPX,R7,ThePresent,available,95,500.0,119.4737252714801,130,0,34,E8,E25,E21,E17,False,False,False,False,0,232,-1.0,-1.0,-1.0,-1.0,-1.0,-1,-1.0,-1,-0.0019423407838137356,1.177640584869574,0.0017727969718380494,4443.0,0.00331218681645776,0.001515282788663703,4019.0,1.165039403355642e-05,2,203.066005,1.84297022087776e-11,1.84297022087776e-11,2,2,0.9999999999999999,0.0015559999999919117,1155,19,14.275047198632388,336.1963443268487,285.28022501902,1.336285714285714
NDARDU617ZW1,R7,ThePresent,available,433,500.0,60.02334680866336,130,0,42,E8,E25,E21,E17,False,False,False,False,156,219,0.004950329670099906,30.92016794919505,254.79580629795578,0.00014263992000830694,0.8929724307082927,6000,0.9947304449216116,999,0.005679798024951705,9.014558546709656,0.005987612785013567,31.0,0.006359228158994665,0.002605544992819174,-23848.0,0.0029338654488153437,2,203.073994,2.0872192862952943e-11,2.0872192862952943e-11,0,2,0.9999999999999999,0.0023439999999868666,1200,90,30.8084467322328,286.5538617093173,194.37200274537838,2.4756333333333336
NDARDU760YZC,R4,ThePresent,available,778,500.0,60.018508791388236,130,0,42,E8,E25,E21,E17,False,False,False,False,206,226,0.0021243194631007075,2723.7123440394075,1548.8595653080586,-0.0021237648805698165,0.9925630767745234,6000,0.9742714349320939,3312,-0.0015192506914411404,1.0358794763991157,0.0011406597076734238,3699.0,0.002359248627330327,0.0010879861947895384,4084.0,3.8204660142452654e-05,2,203.07600499999998,7.682743330406083e-11,7.682743330406083e-11,2,2,1.0,0.000422999999931476,1008,34,24.347522477371967,348.5677604132734,770.7979062359068,1.4725396825396826
NDARDU853XZ6,R5,ThePresent,available,2841,500.0,59.99887379755974,130,0,42,E8,E25,E21,E17,False,False,False,False,195,238,0.8444409416543512,453.40893445422853,595.1571749782735,0.7109242764877305,0.9665336683522694,6000,0.9974679861100691,2333,1.2994879406260251,4.19752013603479,1.651103340335961,443.0,1.3989026523622596,1.102013632494403,-18133.0,0.7878443391831454,2,203.074004,2.1871393585115584e-11,2.1871393585115584e-11,0,2,1.0000000000000002,-0.005843000000015533,1076,388,82.62061898136949,130.64693082725387,256.6846134029117,17.694014869888473
NDARDV204BYM,R7,ThePresent,available,140,500.0,119.8423625003275,130,0,34,E8,E25,E21,E17,False,False,False,False,0,244,0.0016178591418184998,16.93094302594878,336.12436464105167,-0.0003353141325717743,0.8941889258837428,6000,0.9785116352903734,1317,0.0016543727077598972,7.406401328351467,0.0016679510548126026,11.0,0.002224009228586303,0.0006974396037977923,35439.0,0.0008348811496812938,2,203.068001,8.104628079763643e-11,8.104628079763643e-11,0,2,1.0000000000000004,0.0036660000000465045,1342,37,12.541393385908075,294.0710670417004,124.67762551170777,1.0912593144560356
NDARDV222JZ6,R4,ThePresent,available,551,500.0,119.71243361890384,130,0,34,E8,E25,E21,E17,False,False,False,False,0,243,0.003011578799988367,5.9266104882404775,259.2581462162811,-0.0004454139293130774,0.7607753222552499,6000,0.9913686601812344,1017,0.0028436045483938173,3.766961612611381,0.0029635968902765736,37.0,0.004602118351735948,0.0024387372960825607,43600.0,0.003491688350233178,2,203.070002,1.5987211554602254e-11,1.5987211554602254e-11,2,2,0.9999999999999999,0.0009060000000037637,1353,102,21.075693850911918,269.5890845802388,171.32459801434385,2.8436363636363637
NDARDV245WJG,R5,ThePresent,available,44,500.0,119.74540346079762,130,0,34,E8,E25,E21,E17,False,False,False,False,0,243,0.0007596577830026659,-1778.8403703926083,254.28974144413954,-0.00011222598238451326,0.5870414310628923,6000,0.9940967208093285,997,-0.0006365008965757503,3.8628336617006442,0.00146766376732814,4572.0,0.0021363053687781814,0.0010784789501219064,-15401.0,0.00211091931929729,2,203.063999,1.199040866595169e-11,1.199040866595169e-11,2,2,0.9999999999999998,0.0015960000000244513,251,15,110.45110445239787,117.82860335847701,1429.697482334531,18.36135458167331
NDARDV550JB2,R11,ThePresent,available,236,500.0,60.023485663722674,130,0,42,E8,E25,E21,E17,False,False,False,False,146,220,0.004135785174431898,30.088860283482976,311.9593793549984,-0.0003720670776319502,0.9790681821489311,6000,0.9915016557692397,1223,0.004491202419946105,12.929069474972197,0.004649212440469116,23.0,0.005282778386000963,0.0012181531529753588,4980.0,0.0015302746145993435,2,203.066004,8.248957072964913e-11,8.248957072964913e-11,0,2,1.0000000000000002,0.007562000000051101,1181,67,24.110875737268408,306.08505819617784,127.8138891007069,1.7026333615580016
NDARDV648WB5,R8,ThePresent,available,78,500.0,60.02363011379832,130,0,42,E8,E25,E21,E17,False,False,False,False,263,236,0.015562297266611517,21.422983491338453,301.60239450895887,-0.0009140820010584306,0.9527412180720458,6000,0.9810511284359513,1182,0.018673452738397083,12.256124448164853,0.019917517376870968,27.0,0.021051725934761345,0.004133017079212235,13778.0,0.0044399566422523885,2,203.286003,1.0158540675320182e-10,1.0158540675320182e-10,2,2,0.9999999999999996,9.999999993968938e-05,1773,25,32.588815686293124,193.89814133100822,207.92058747573606,1.68580372250423
NDARDW178AC6,R8,ThePresent,available,148,500.0,60.02349589372044,130,0,42,E8,E25,E21,E17,False,False,False,False,285,219,0.00401209067184535,9.385941953061332,170.8458415600873,0.0006222016811388924,0.7471241100479588,6000,0.9923147093221047,670,0.00529232505525665,4.406515539999312,0.005551048846340439,21.0,0.00891494637893148,0.004652972956786163,13049.0,0.009265758789411637,2,203.275997,1.361133428190442e-10,1.361133428190442e-10,0,2,0.9999999999999996,0.006789999999899121,1268,36,28.459943988852842,286.3139718898475,135.59861510527773,1.573596214511041
NDARDW550GU6,R11,ThePresent,available,180,500.0,60.02354730609078,130,0,42,E8,E25,E21,E17,False,False,False,False,178,231,0.019029335979923588,3973.9062809061547,907.0110436074428,-0.017083065972635123,0.9882455242121179,6000,0.9996820293042579,803,-0.014319122520599097,4.090871664857168,0.020062439984744187,18877.0,0.03716965919895542,0.011894872881114208,18248.0,0.0028950976931345056,2,203.066006,3.497202527569243e-11,3.497202527569243e-11,0,2,1.0000000000000002,0.007340999999958396,2017,39,81.85063043764336,113.29446912061589,211.4617942434494,5.205666831928607
NDARDW582ZX8,R11,ThePresent,available,377,500.0,60.02340888969943,130,0,42,E8,E25,E21,E17,False,False,False,False,254,223,0.009846184328596796,-5218.206822584097,1567.0085859832818,-0.0012539839108792455,0.681057644494699,6000,0.9870690253411546,854,0.0018883423904887836,3.290912988790763,0.004895429595972347,5500.0,0.00830091102323522,0.004743303274322334,5865.0,0.00016123447377714394,2,203.07600200000002,1.6209256159527285e-11,1.6209256159527285e-11,0,2,0.9999999999999999,0.007075999999996273,1300,171,44.52352851537434,215.63429482275433,165.14575793196244,7.1702
NDARDW783JM1,R11,ThePresent,available,653,500.0,60.0101752096327,130,0,42,E8,E25,E21,E17,False,False,False,False,1247,219,0.004920259124359453,31.298647608714326,161.59193795689168,0.00036049371420745943,0.8422322340810788,6000,0.999208645025496,634,0.0051600755764048805,8.540794567853247,0.005608728140785503,43.0,0.005760450716867532,0.0015323656785850642,-8356.0,0.0015814125185691721,2,203.065998,7.682743330406083e-11,7.682743330406083e-11,0,2,1.0000000000000002,0.003124000000039882,1404,128,26.34452901940194,245.80321851278208,111.41541307453285,2.076025641025641
NDARDW969AW5,R11,ThePresent,available,263,500.0,30.003198765102344,130,0,42,E8,E25,E21,E17,False,False,False,False,150,235,2.76512223587022e-05,-6666.620118407201,2133.8823713166776,-4.466645955565494e-06,0.9833618192006405,6000,0.9895459187281116,516,-4.745785082758569e-06,1.4174475375581124,4.378511920372044e-06,-3479.0,7.274338743320712e-06,4.276525069193283e-06,-3429.0,1.886629798421329e-09,2,203.067999,2.964295475749168e-11,2.964295475749168e-11,0,0,1.0,0.01047400000003105,1173,108,45.38035576868617,270.1459446405115,187.95139614928638,1.1240323955669225
NDARDX173WLD,R9,ThePresent,available,440,500.0,30.003260895720047,130,0,42,E8,E25,E21,E17,False,False,False,False,180,232,0.008171666642843349,-16.657411766083406,322.10952625881976,-0.0014081480282209632,0.8958332189464309,6000,0.9740170965337825,1262,0.008593080989334643,9.914726414706726,0.008994784810063085,28.0,0.012318800805926977,0.002063710675903689,14352.0,0.0034900480431873586,2,203.276002,4.4297898682543746e-11,4.4297898682543746e-11,0,0,0.9999999999999996,-0.010807999999967722,1182,209,55.04523568782835,246.70049384000563,136.5132207196769,2.797005076142132
NDARDX451ZGM,R4,ThePresent,available,1241,500.0,94.14953225593679,130,0,34,E8,E25,E21,E17,False,False,False,False,0,254,0.004074141636442041,989.03040211404,528.0946930731135,-0.0013972119426084294,0.6807769710936001,6000,0.8026478734958074,2071,0.001215379916676524,2.621033656521488,0.02123410939354041,-16764.0,0.032050502825034966,0.019923189158522956,-16197.0,0.0003072702305694716,2,203.069993,4.529709940470639e-11,4.529709940470639e-11,2,2,0.9999999999999996,0.0006610000000354362,901,80,17.179544989726388,314.0618359757802,1470.4014301193258,2.908257491675916
NDARDX544FJ0,R11,ThePresent,available,135,500.0,60.02330053443087,130,0,42,E8,E25,E21,E17,False,False,False,False,143,228,0.0016452564574640782,173.22420360733867,365.3256299841001,-0.00042947458625008814,0.9097385569774998,6000,0.9469126497715212,1432,0.0015958982024903024,4.254401029762898,0.0017266661997463854,29.0,0.0027318129525776896,0.0010236555963479596,21975.0,0.0019569696770802524,2,203.065999,1.765254609153999e-11,1.765254609153999e-11,2,2,0.9999999999999997,-0.0014649999999927837,1699,35,43.089220944269286,189.64143429900213,155.65892836836196,4.908151854031784
NDARDX857DLB,R4,ThePresent,available,2196,500.0,60.023294622322005,130,0,42,E8,E25,E21,E17,False,False,False,False,254,254,0.0006390106588164026,-43.59066568819038,363.2806757559472,0.000291819280596064,0.9327332829461854,6000,0.9962989004212202,1424,0.0009794512672939605,4.637929408250994,0.0010115607067185694,37.0,0.0010270536451879358,0.0006818381226716874,-23528.0,0.0006429085124833859,2,203.074,1.1390888232654106e-10,1.1390888232654106e-10,0,2,1.0000000000000002,-0.0043210000001428685,1177,287,41.89752112457171,214.99116554712745,259.6561875790293,8.059490229396772
NDARDX872VH6,R4,ThePresent,available,245,500.0,60.023074355367804,130,0,42,E8,E25,E21,E17,False,False,False,False,158,224,0.0014173213534268818,8.276848435898662,311.69539650872235,0.00047359157659251385,0.8995119648617651,6000,0.9920859822683805,1222,0.0022393332219223377,5.812694014186689,0.002352321788249629,29.0,0.0019625137484074956,0.0014107455647663387,-40646.0,0.0006927678321157516,2,203.07399800000002,7.582823258189819e-11,7.582823258189819e-11,0,2,0.9999999999999996,0.00355199999996244,1165,59,25.856937451229797,309.7137356679807,143.16638164928005,2.0754678111587985
NDARDY421HTK,R9,ThePresent,available,676,500.0,60.02341223025211,130,0,42,E8,E25,E21,E17,False,False,False,False,141,232,0.0028270617830175432,-614.1060842980978,478.6209727760866,-0.002438662278357387,0.9117942299760167,6000,0.8517426859448287,1876,-0.0013260294057109616,2.8392990751581446,0.008373750008529851,18714.0,0.01275353613326027,0.007433527171826135,18362.0,8.874978890504107e-06,2,203.074006,7.51620987671231e-11,7.51620987671231e-11,0,0,0.9999999999999999,-0.008268000000064809,1046,169,23.477298252578155,321.85824449628285,153.59139134534635,2.0024760994263864
NDARDY714NV9,R4,ThePresent,available,690,500.0,117.93417592172163,130,0,32,E8,E25,E21,E17,False,False,False,False,0,223,0.004787374941481755,1207.7506286778269,652.2618810415352,-0.0019689889418138106,0.9204931434300933,6000,0.9659363459905047,2557,-0.0006027365182642843,2.7007400422011174,0.0030910939031122144,11612.0,0.00610269638255624,0.0028666121246771594,1210.0,0.00633907316188819,2,203.068003,3.375077994860476e-11,3.375077994860476e-11,0,2,1.0000000000000002,0.0025380000000101315,1385,167,35.01287912114471,204.41098782650124,297.98188268732997,4.914115523465704
NDARDY776AKH,R5,ThePresent,available,1182,500.0,119.76991506432337,130,0,34,E8,E25,E21,E17,False,False,False,False,0,240,0.0007177357660096567,-1654.3892383638938,1218.8185202682566,-0.00026541134632369554,0.8811643642984008,6000,0.935393723800819,3735,0.00012936739288181028,4.208928536206182,0.0009933103693340831,-16250.0,0.0014476347682697633,0.0008959047537578879,-15947.0,2.891733531106065e-06,2,203.07399600000002,1.3367085216486885e-10,1.3367085216486885e-10,2,2,1.0000000000000002,-0.0007039999999043351,1247,210,22.800693066498695,290.9903068870254,146.65058265579387,3.6813552526062545
NDARDZ147ETZ,R6,ThePresent,available,461,500.0,60.0040887895291,130,0,42,E8,E25,E21,E17,False,False,False,False,213,230,0.0013088448169593179,3008.8024841676774,885.0219716594187,-0.0009074852766836069,0.9492179234663395,6000,0.9842234236652805,1725,-0.00013462205550356308,1.2027246434648875,0.0004986395472922166,17441.0,0.0021516787190422274,0.0004907879195442831,17488.0,2.0427350742716933e-07,2,203.06399499999998,7.87148124459236e-11,7.87148124459236e-11,0,2,1.0,-0.006456000000072256,1386,11,31.62514559846618,250.77362929733866,1175.1264794672873,2.099848484848485
NDARDZ266KET,R7,ThePresent,available,618,500.0,119.50621377563704,130,0,34,E8,E25,E21,E17,False,False,False,False,0,233,0.004815255562697608,-1201.0655998278262,898.209019541586,0.0036343088967176903,0.9377600034265924,6000,0.9806362809082528,3521,0.0066959138206285065,2.652029981230643,0.02120247145410894,17735.0,0.048548336821166826,0.018523809003217553,11265.0,0.01842042560562928,2,203.067995,9.481304630298837e-11,9.481304630298837e-11,2,2,0.9999999999999999,-0.00042499999989515703,1164,84,13.8961345084895,329.13100149410286,158.49329000338415,1.8506099656357387
NDARDZ321FMY,R4,ThePresent,available,66,500.0,60.023301020256554,130,0,42,E8,E25,E21,E17,False,False,False,False,134,236,0.0006473856545653782,53.137918320452336,136.4364808526458,-0.0014079104908675966,0.9904746578693803,6000,0.9992640918267406,535,-0.0007743882056868008,,,,,,,,2,203.065993,2.1871393585115584e-11,2.1871393585115584e-11,0,2,1.0,-0.00741400000001525,1311,12,32.80040974825697,271.97554676764804,192.99219576227634,4.513905415713197
NDARDZ440NGK,R7,ThePresent,available,397,500.0,60.000556853541845,130,0,42,E8,E25,E21,E17,False,False,False,False,848,232,0.002990506703761487,-62.175199985676244,482.252573381361,-0.0007535111074505257,0.8725356691729451,6000,0.9475843611575706,1891,0.0028909010385974837,8.851087891144628,0.003203243257757261,49.0,0.004378887960025996,0.0012899930808747213,-439.0,4.626509100396801e-06,2,203.073996,9.992007221626409e-13,9.992007221626409e-13,0,2,0.9999999999999999,0.0052300000000023005,945,58,27.15062223841449,369.8329704023659,117.29525321454835,2.4992698412698413
NDARDZ528DLZ,R5,ThePresent,available,502,500.0,60.023241757845135,130,0,42,E8,E25,E21,E17,False,False,False,False,153,241,0.001678682138532708,22.64396109675046,198.8407940209412,-0.0003379845565310396,0.6572759584424862,6000,0.9963526192859916,780,0.0014503295543534572,2.186417208982943,0.001515069469392321,24.0,0.0018544593034778487,0.0008572218876503047,-13205.0,0.0008124094181376352,2,203.073995,1.809663530139005e-11,1.809663530139005e-11,0,2,1.0000000000000002,0.0025859999999919923,1457,61,60.18104854287071,192.31912870328114,335.11663888035696,6.9770281400137275
NDARDZ627XFA,R4,ThePresent,available,190,500.0,60.02335510726326,130,0,42,E8,E25,E21,E17,False,False,False,False,486,231,0.0007280301231485303,105.28475093209953,441.9318919735247,0.0011018873848361946,0.9808215574783626,6000,0.9910647900820544,1732,0.002123765622750738,5.5822213212688965,0.0021749383531767833,53.0,0.0022494152427647582,0.0017884654740102774,-29660.0,0.0017565524317952406,2,203.06399299999998,6.428191312579656e-11,6.428191312579656e-11,0,2,1.0000000000000002,-0.0037889999999570273,500,32,20.32544685073777,734.0522510619734,147.34304103767832,1.2586199999999999
NDARDZ794ZVP,R11,ThePresent,available,6108,500.0,30.003223529232006,130,0,42,E8,E25,E21,E17,False,False,False,False,187,247,2.6742935441907402e-06,3655.461225998778,2131.332487818174,-3.0877115076867273e-06,0.9888353189901147,6000,0.9855517844869643,3521,-3.997415326600509e-06,0.1846153549190326,2.1526246770974067e-07,37269.0,1.4961799434694148e-06,2.098527963487493e-07,37042.0,6.608956203080426e-08,2,203.065994,3.097522238704187e-11,3.097522238704187e-11,0,2,0.9999999999999997,0.007889000000005631,2,2,200.0156564833671,33.30927465973226,204005.61306125554,29.27
NDAREB303XDC,R8,ThePresent,available,1444,500.0,59.99418358854035,130,0,42,E8,E25,E21,E17,False,False,False,False,174,0,0.0018601905841905337,213.14148535020885,323.8184008866992,-0.0005921374476703067,0.7261094221601282,6000,0.9838435969194096,1269,0.0007982648906929306,2.935807947883657,0.005817892121937114,-6945.0,0.0094711081840557,0.005721953943814933,-6793.0,0.00012181654452069271,2,203.07200699999999,3.375077994860476e-11,3.375077994860476e-11,2,2,1.0000000000000002,-0.0012339999999894265,831,180,26.722463150368117,366.1360250346131,293.2078401972723,3.986365824308063
NDAREB953UMY,R8,ThePresent,available,332,500.0,60.01395331548912,130,0,42,E8,E25,E21,E17,False,False,False,False,337,217,0.042107278397402574,-1839.3256103059916,517.5553060573785,-0.0015939906333502277,0.7710424282593238,6000,0.9785222475759386,2029,-0.007677450091915214,5.4442369504345836,0.1161737744328546,12004.0,0.1539106573323092,0.1159245217562932,11959.0,5.519553076747952e-05,2,203.276003,2.2648549702353193e-11,2.2648549702353193e-11,0,2,1.0,-0.0059210000000169665,1378,68,35.716352157659784,216.5451928854346,497.1070691600113,2.727656023222061
NDAREC078VFT,R5,ThePresent,available,415,500.0,60.00407132824979,130,0,42,E8,E25,E21,E17,False,False,False,False,378,239,0.0021779740889817235,125.4964128405864,233.0031181746506,0.00024059875756865079,0.8007431757853646,6000,0.9894501560960898,914,0.002536733919915099,4.795279260981797,0.0037213051558253503,-38197.0,0.003958029867011999,0.0026874908965858653,33.0,0.004060077368951254,2,203.074001,2.864375403532904e-11,2.864375403532904e-11,0,2,1.0000000000000002,-0.0075959999999996065,1022,43,25.83854439252516,340.5264366345769,491.6728068118058,2.1159980430528376
NDAREC277JCP,R6,ThePresent,available,254,500.0,60.02340461037745,130,0,42,E8,E25,E21,E17,False,False,False,False,102,236,0.00144472821786861,-138.19136635659055,337.8867477302896,3.777566264679759e-05,0.713542349533975,6000,0.9518146667838272,1325,0.0018309035671670141,4.726897152102043,0.0018712911106259647,21.0,0.002311263072132328,0.0010324107039560032,-20983.0,0.0013419210525625596,2,203.06400299999999,2.375877272697835e-11,2.375877272697835e-11,0,2,1.0,0.006243999999980897,1650,62,48.29517451665095,185.22764399071824,151.81863136165356,5.70100606060606
NDAREC480KFA,R5,ThePresent,available,308,500.0,60.023373331786196,130,0,42,E8,E25,E21,E17,False,False,False,False,204,242,0.0005796108437668215,2215.33807642436,744.5858440973783,-0.0001941004992691804,0.9237320285847019,6000,0.9860001037176974,2244,0.0002646914316363027,3.7425665501112504,0.0008308526373975926,29184.0,0.0011316766863786437,0.0008306811576291061,29221.0,3.4874167970165397e-07,2,203.063997,6.45039577307216e-11,6.45039577307216e-11,2,2,1.0,0.0015229999999278173,1109,45,33.096002972611764,319.94519233937325,257.6824830140654,2.6970423805229937
NDAREC542MH3,R3,ThePresent,available,168,500.0,119.297055096144,130,0,34,E8,E25,E21,E17,False,False,False,False,0,235,0.021967112159558478,-1153.7327411457081,859.2286136696898,0.008461531610603402,0.9508891457654541,6000,0.9829733639635537,3368,0.020389699777053866,3.370611087934,0.04145197462737354,-19740.0,0.03723043783314464,0.04134882197451979,-19807.0,0.00015927321977217412,2,203.069995,4.796163466380676e-11,4.796163466380676e-11,2,2,1.0000000000000002,-3.899999999035098e-05,1050,38,14.703245478086963,365.4010500694886,469.98356552123005,1.7105523809523808
NDAREC647MKW,R4,ThePresent,available,642,500.0,60.01848288597087,130,0,42,E8,E25,E21,E17,False,False,False,False,235,218,0.0024724467094925104,2713.045474081385,368.5138155277483,-0.0002525657198461532,0.7583417442804652,6000,0.9948542996231173,1009,0.00029990228659770244,2.9238230083152303,0.0032009608797620094,5236.0,0.005485930770135294,0.0026370682035825334,-8578.0,0.005367895689757986,2,203.074001,4.0967229608668276e-11,4.0967229608668276e-11,0,2,1.0,0.0068520000000249015,688,176,30.27026411519972,424.6186093313699,268.17178533023457,6.0824709302325575
NDAREC648WEL,R4,ThePresent,available,245,500.0,60.02326712726413,130,0,42,E8,E25,E21,E17,False,False,False,False,114,237,0.0026695366846023016,32.36159907775757,179.97087502223897,-0.0006690607190470722,0.9824427845545775,6000,0.9866617147148641,706,0.0022702293524445717,11.158214102752382,0.002507474948053268,29.0,0.0033111249647095166,0.00037136156749673256,11290.0,0.0010930666264574907,2,203.07199400000002,1.1657341758564144e-10,1.1657341758564144e-10,0,2,0.9999999999999998,-0.0026870000000905067,1777,54,32.49485443083746,192.09777933839155,157.95397882717523,2.130776589758019
NDARED628HMQ,R5,ThePresent,available,381,500.0,60.02327044364742,130,0,42,E8,E25,E21,E17,False,False,False,False,360,243,0.013664709279113979,-402.12923209946746,231.20872043586104,0.04276394293211289,0.9183135389479041,6000,0.9994622096860765,907,0.04828586195940887,2.6767892461748874,0.058854133338216506,-466.0,0.028336616831422846,0.05866178210786096,43109.0,0.02731340631023471,2,203.064006,1.6209256159527285e-11,1.6209256159527285e-11,0,2,0.9999999999999998,-0.006771999999995842,1377,60,29.484813995352564,252.90373849104463,269.06304557570684,2.266318082788671
NDAREF074ZAQ,R8,ThePresent,available,169,500.0,60.009370589070144,130,0,42,E8,E25,E21,E17,False,False,False,False,206,218,0.006208189245395547,-11.655299276998836,377.0404128023428,-0.0027154561526328623,0.7804843776046021,6000,0.9887838471449008,1478,0.0040334773135019715,2.816484329705733,0.005845339137916965,32308.0,0.00949478545328436,0.004655110827722764,-21778.0,0.009830199617542648,2,207.716001,5.229150445984487e-11,5.229150445984487e-11,2,2,1.0,-1.8000000047767685e-05,1313,53,49.76493568978806,225.80133774205277,415.55808152913244,6.8427722772277235
NDAREF150LNT,R10,ThePresent,available,1006,500.0,60.00903280258295,130,0,42,E8,E25,E21,E17,False,False,False,False,280,225,3.2389651080823844e-06,-16.229186931055917,321.73534650548373,6.136869769699283e-06,0.9736289924902871,6000,0.9997186326376225,1261,9.646753725567976e-06,5.075015413378485,9.654204684855673e-06,-5.0,6.976647281947733e-06,8.962356942350324e-06,-201.0,2.353224609040991e-08,2,203.065997,1.2212453270876722e-12,1.2212453270876722e-12,0,2,1.0,0.003057000000002465,1332,200,29.12008690288258,245.40631319105685,151.19207448558205,4.005495495495495
NDAREF517UWZ,R11,ThePresent,available,205,500.0,60.02345957728924,130,0,42,E8,E25,E21,E17,False,False,False,False,106,244,0.005825569242780651,-9.743615190820043,141.08301373360513,0.0019928659906458166,0.2958881754548135,6000,0.9965608624606874,553,0.00810751444101,2.6791236591476593,0.008547590265959453,27.0,0.010915096025642276,0.008399546291724713,-15734.0,0.009403529695121517,2,203.066,3.086420008457935e-11,3.086420008457935e-11,0,2,0.9999999999999997,-0.002432999999937682,1560,46,29.337894314313928,225.40570669396027,168.05067772407654,1.9186602564102562
NDAREF624KJN,R5,ThePresent,available,699,500.0,60.02320916761637,130,0,42,E8,E25,E21,E17,False,False,False,False,160,246,0.0014089143236922135,-45.05602274204621,325.7141595691528,-0.0011176337743939346,0.9446146904631845,6000,0.9717132144074452,1277,0.0005081374273065726,1.7865322164418052,0.0005444580289534142,23.0,0.001972217459202237,0.00045764392302129046,34122.0,0.0012514125227431993,2,203.06199999999998,1.0369483049998962e-10,1.0369483049998962e-10,0,2,0.9999999999999997,-0.0022599999998776064,1181,172,26.125937553501505,282.0914770629138,141.51392957437355,2.20311600338696
NDAREF848YWD,R5,ThePresent,available,635,500.0,60.01853833091232,130,0,42,E8,E25,E21,E17,False,False,False,False,185,223,0.0011722992380831946,3017.104976760225,489.88554423031366,-0.0010616824030377915,0.885496987036053,6000,0.9618600027231243,943,-0.000549757178212748,3.0516697258945293,0.0023083038621198775,3938.0,0.005136421024990665,0.0023074329035876816,4015.0,1.3818833222073012e-05,2,203.064,1.1179945857975326e-10,1.1179945857975326e-10,2,2,1.0,0.0007790000001097979,1253,143,29.92952919752394,266.24380408478663,154.60564545888815,2.7941260973663207
NDAREF888EVV,R4,ThePresent,available,184,500.0,118.79106109517252,130,0,34,E8,E25,E21,E17,False,False,False,False,1,246,0.004471077482489862,188.46837506602645,221.5400803966102,-0.0010310477442968095,0.7417146626481277,6000,0.9911263459779238,868,0.0024706602291482975,2.8536025109300223,0.007955183560269507,14688.0,0.015092199521395665,0.007376566084956339,14958.0,0.00024146167128947984,2,203.068006,9.658940314238862e-11,9.658940314238862e-11,0,2,1.0000000000000002,-0.0035859999999211414,1462,57,21.400195903597723,252.25075017527266,226.59820094806906,1.9281600547195623
NDAREG013BLG,R8,ThePresent,available,405,500.0,60.02334593767342,130,0,42,E8,E25,E21,E17,False,False,False,False,194,238,0.040210557354392516,-777.4258465907151,719.9161819499569,0.030902102928801838,0.8616710032213106,6000,0.9801581383495777,2822,0.06306641627733575,2.457159001446704,0.21219961768859724,44048.0,0.28332072581741674,0.20081893368767081,11348.0,0.36440356514796296,2,203.066005,5.651035195342047e-11,5.651035195342047e-11,2,2,1.0000000000000002,0.0006879999999153114,1597,76,37.88008442853976,203.4901937036204,205.18393162018594,2.4240513462742643
NDAREG350WZ4,R9,ThePresent,available,216,500.0,30.003295706016168,130,0,42,E8,E25,E21,E17,False,False,False,False,109,221,0.012823439339346916,36.73479230453984,232.8331446397265,-0.0021246913728387995,0.788836445113407,6000,0.9905263170916921,913,0.012376713277827196,6.613761290824171,0.013033467756496045,27.0,0.018750881992184183,0.0057836463734911815,-33225.0,0.00956602876717264,2,203.28599400000002,8.770761894538737e-12,8.770761894538737e-12,0,0,0.9999999999999999,-0.0107759999999824,901,171,53.380283429792755,289.0523063956244,404.6449536983322,3.075449500554939
NDAREG408DJ5,R4,ThePresent,available,587,500.0,60.01845334258034,130,0,42,E8,E25,E21,E17,False,False,False,False,167,243,0.002512370611629772,32.551570420181314,305.1795481098769,-0.000782342065453932,0.6780068822663744,6000,0.9683840347419669,1196,0.002164328710196325,3.1153105438302773,0.0035160764340371573,22188.0,0.00643282080921557,0.0034648615228503833,22553.0,0.0001731444821490946,2,203.06399299999998,2.5202062658991053e-11,2.5202062658991053e-11,0,2,1.0,-0.002387999999977966,1161,123,34.35301309788802,281.6824435595875,209.54302074756535,3.031550387596899
NDAREG561ML5,R1,ThePresent,available,1512,500.0,119.64957752263778,130,0,34,E8,E25,E21,E17,False,False,False,False,0,245,0.0014565829905497589,-2760.848932832861,193.983444053234,0.0003188552598444767,0.7582759965197294,6000,0.9955247047533017,620,0.0010394849389162,5.408348877521562,0.003440713997537467,-28080.0,0.004031725048745703,0.0016378337882280841,-2719.0,0.0027228406284579183,2,203.067994,5.417888360170764e-11,5.417888360170764e-11,2,2,1.0000000000000004,0.0017849999999750284,1336,288,24.705288386037076,252.9265328367891,154.60662149766753,5.202432634730539
NDAREG590BNY,R5,ThePresent,available,1573,500.0,60.00398317094522,130,0,42,E8,E25,E21,E17,False,False,False,False,124,247,0.006466336218649624,2241.6475334583984,483.85911191974645,0.002164324434864145,0.9872348604939052,6000,0.9994381002079534,1706,0.0019697269820670815,5.668952678238625,0.009046065664580482,2228.0,0.01203702704569615,0.00429951522806138,-8306.0,0.00572426484789818,2,203.061997,2.808864252301646e-11,2.808864252301646e-11,0,2,1.0000000000000002,-0.007240000000027817,931,233,55.6883034927143,200.17535693076863,406.275049900875,14.018850698174006
NDAREG872WYW,R11,ThePresent,available,256,500.0,60.02341461724607,130,0,42,E8,E25,E21,E17,False,False,False,False,210,225,1.4423324513330102,-201.32670923897848,520.4329686153797,0.6142611569102107,0.9030325679348684,6000,0.9981333479975419,2040,1.7827603145394302,3.710196627505456,3.1752059091211944,26866.0,2.828582695884637,2.563578335171455,47345.0,1.9379408570490533,2,203.06599799999998,2.9976021664879227e-12,2.9976021664879227e-12,0,2,1.0,-0.006815999999993973,969,65,28.422489778165936,364.8427747423564,199.1604183869116,2.8596800825593394
NDAREG930XPP,R4,ThePresent,available,455,500.0,119.05952077694666,130,0,34,E8,E25,E21,E17,False,False,False,False,0,239,0.002703329253660885,370.78479713546676,235.29447688903005,0.0004344775393408982,0.8464214245024022,6000,0.9985208395223824,922,0.0014513824352525649,5.795710662295119,0.003122853742349426,394.0,0.0036243461433873927,0.0015249838570511563,-36591.0,0.001622881371373252,2,203.070005,5.062616992290714e-11,5.062616992290714e-11,2,2,1.0000000000000002,-0.0006599999999847175,1260,35,16.875448985090475,306.1485747203279,322.262288315063,1.6670793650793652
NDAREH498BDV,R10,ThePresent,available,264,500.0,30.003261382996442,130,0,42,E8,E25,E21,E17,False,False,False,False,189,234,0.0033436172586465604,-5.1643195288836266,224.97764962969885,0.001275333032037398,0.8782489676119096,6000,0.9983947289044117,882,0.004924698278010749,4.1894274942473295,0.005107335490577442,31.0,0.004530770340833429,0.004181225692768361,-43952.0,0.0030715892133035137,2,203.105993,4.0523140398818214e-11,4.0523140398818214e-11,0,0,0.9999999999999999,-0.015795000000024054,851,126,46.09942590099932,382.06403638173026,151.31140687392383,2.95235017626322
NDAREH852JE0,R4,ThePresent,available,655,500.0,116.1701997738257,130,0,34,E8,E25,E21,E17,False,False,False,False,1,252,0.000901381040608705,234.9298606808641,282.3913751067744,-0.00025717633139992705,0.9292151624027216,6000,0.9833752677322357,1107,0.0005271451920556885,2.753583830544452,0.0007746035829073774,14135.0,0.0011862855206858421,0.0007738291028660179,14085.0,8.815836894612329e-07,2,203.07,1.1901590823981678e-10,1.1901590823981678e-10,0,2,1.0,-0.0032879999998762788,1249,115,23.616188181509802,282.85759338920064,309.7711919360178,4.484339471577262
NDAREJ923AYR,R2,ThePresent,available,477,500.0,109.72454472319302,130,0,34,E8,E25,E21,E17,False,False,False,False,2,244,0.0011097511366280517,-2234.2057187370706,624.885519443013,-0.0006843498345922847,0.9627647971558713,6000,0.9574432350490159,1991,-0.0004557892008008528,1.4986411949976453,0.0005718713379041813,-4230.0,0.0012502911463480046,0.0005717414714287335,-13358.0,0.0010549309070234522,2,203.06199700000002,7.37188088351104e-11,7.37188088351104e-11,2,2,1.0,0.0016079999999095314,1259,92,40.35317132284726,229.2258545999106,911.380344500525,9.716481334392375
NDAREK109WK1,R10,ThePresent,available,5946,500.0,30.003214246321686,130,0,42,E8,E25,E21,E17,False,False,False,False,238,237,0.005458539006282051,2796.5641389097636,618.6064563503799,-0.005142315305855826,0.9771425995190086,6000,0.9715171019256178,1415,-0.005857412935042496,0.9035598179915756,0.0028698451531542516,47700.0,0.005081292143178772,0.002613543667777338,46932.0,0.0008596783383468727,2,203.06600400000002,3.2085445411667024e-11,3.2085445411667024e-11,0,0,0.9999999999999999,-0.01209300000003534,38,9,105.25467518512276,101.66427072451093,44267.70964534795,5.128684210526316
NDAREK255DEE,R4,ThePresent,available,20,500.0,60.02301703097585,130,0,42,E8,E25,E21,E17,False,False,False,False,179,234,-1.0,-1.0,-1.0,-1.0,-1.0,-1,-1.0,-1,0.0004055546093446974,1.6708784384893902,0.0006830839814287948,-41847.0,0.0002985746625983874,0.0006716471047561614,-14582.0,0.00033933920558764914,2,203.063995,7.949196856316121e-11,7.949196856316121e-11,2,2,1.0000000000000004,8.000000044755838e-06,627,0,19.795796778223963,626.1359074574817,,0.6549601275917066
NDAREK549XUQ,R3,ThePresent,available,255,500.0,119.86646859976119,130,0,34,E8,E25,E21,E17,False,False,False,False,0,232,0.005630370085188419,-13.467193330201063,439.2074761697933,0.00021983466151349125,0.9036115260441179,6000,0.977961933908303,1722,0.007846711162805725,6.017168250867268,0.007849302400275301,2.0,0.00939909106908528,0.004594370926748523,-15403.0,0.00643416576633061,2,203.06799900000001,8.570921750106208e-11,8.570921750106208e-11,2,2,1.0000000000000004,0.0009090000000272151,901,46,300.6854554536687,111.41274898879747,133.82598661361627,39.57249722530521
NDAREK575JNM,R5,ThePresent,available,74,500.0,60.02337541500068,130,0,42,E8,E25,E21,E17,False,False,False,False,142,238,-1.0,-1.0,-1.0,-1.0,-1.0,-1,-1.0,-1,6.700696492259705e-05,2.093772823654799,0.0008437352641140728,-9584.0,0.0021028987212834125,0.0007983686686893316,-9391.0,1.022282101170236e-05,2,203.063996,9.625633623500107e-11,9.625633623500107e-11,0,2,0.9999999999999997,0.0066249999999214975,1800,16,91.53982081349216,127.88107022689304,156.1913572997275,9.113433333333333
NDAREL027FPB,R10,ThePresent,available,117,500.0,60.02328892111425,130,0,42,E8,E25,E21,E17,False,False,False,False,262,219,3.0895017915137015,1724.3598974188549,664.4648097625881,-0.3951313012838476,0.8944210268554069,6000,0.9803174672015431,2577,-0.6727163252436569,3.4217019181649335,2.8776279622777134,1606.0,4.872747353255511,2.1121319078301277,33840.0,3.626964632177375,2,203.065993,5.10702591327572e-11,5.10702591327572e-11,2,2,0.9999999999999996,-0.001513999999925894,1635,27,33.88156434317141,212.3070932218952,150.55923222067094,2.574256880733945
NDAREL0366HL,R9,ThePresent,available,22,500.0,30.003314208535894,130,0,42,E8,E25,E21,E17,False,False,False,False,82,227,0.019039323858231975,43.16343671340851,450.4266362307943,0.002604109511805694,0.9851495627865837,6000,0.9957599153136791,1765,0.02440846522276235,11.07451411048866,0.02490418497490398,25.0,0.02410864879855482,0.010154363185373442,23056.0,0.008459243506050452,2,203.275996,6.750155989720952e-11,6.750155989720952e-11,2,2,0.9999999999999999,0.001759999999950491,1106,9,47.67677313630011,310.3365872143978,237.02503330782497,1.0912296564195298
NDAREL164JM1,R4,ThePresent,available,1242,500.0,60.01846175392477,130,0,42,E8,E25,E21,E17,False,False,False,False,217,239,0.009601622465371676,-526.1617872159896,896.1021437408825,0.00519549799617582,0.9094790068347618,6000,0.9844553449761339,3513,0.014569407873056384,5.496502633054075,0.02507810424576526,-13311.0,0.026309371302163098,0.01535559058709507,-925.0,0.02241956814510316,2,203.064007,4.3076653355456074e-11,4.3076653355456074e-11,0,2,1.0000000000000002,-0.0034169999999708505,720,472,123.42526439858618,111.8728281203713,183.89563953533207,19.592930555555554
NDAREL410HHK,R5,ThePresent,available,1198,500.0,118.55096442144624,130,0,34,E8,E25,E21,E17,False,False,False,False,0,239,0.004829896093207602,-560.406977647144,587.3009776654771,-0.002598389295958106,0.8141914195841344,6000,0.6848803900885526,2302,0.00010177206071065014,6.13859414257471,0.008483350247952952,7675.0,0.010976635162392495,0.004613408382696394,10056.0,0.003457602930386519,2,203.069998,3.8191672047105385e-11,3.8191672047105385e-11,2,2,1.0000000000000004,0.001650999999978708,1499,215,22.223872416585152,230.35979676944677,191.5905461967477,4.145790527018012
NDAREL650MWJ,R11,ThePresent,available,51,500.0,60.01861431762225,130,0,42,E8,E25,E21,E17,False,False,False,False,160,233,0.0067104664415104055,35.22013155984752,71.34825664435549,-0.0012387443272554018,0.6007447260645673,6000,0.9947413761765164,280,0.00492101173194178,3.0340127637759444,0.007975266193950285,17868.0,0.01623532595686998,0.007724921520056594,30510.0,0.014966531984374178,2,203.066002,4.285460875053104e-11,4.285460875053104e-11,0,2,1.0000000000000002,0.005801000000028505,1199,13,28.055771995307353,304.5574013125971,420.3796839742059,1.881793160967473
NDAREM155HGQ,R3,ThePresent,available,17,500.0,119.84687571316933,130,0,34,E8,E25,E21,E17,False,False,False,False,0,245,0.0012114921551707302,10.956689105042024,175.28713486632006,-0.00014369303381478956,0.8268353752078589,6000,0.9962869580932083,687,0.0011951437859019363,4.7025132913915435,0.0012308245027572915,17.0,0.0018299751243803278,0.00048163054092084044,17297.0,0.0009518093457540487,2,203.068001,1.9761969838327786e-11,1.9761969838327786e-11,2,2,0.9999999999999999,0.0009429999999891753,1715,8,14.078578837730111,224.52199499218568,145.98326567694977,1.0626355685131195
NDAREM609ZXW,R7,ThePresent,available,296,500.0,60.023415046215575,130,0,42,E8,E25,E21,E17,False,False,False,False,168,284,0.0010883591740097648,2204.986265495817,394.34782218379013,3.962381567956817e-05,0.7522885837275461,6000,0.9399939696875528,1545,2.9020583306848478e-05,3.5736795403942963,0.003148765590935957,29937.0,0.003773673025874825,0.00281261572365621,20771.0,0.003987497517406964,2,203.066003,4.729550084903167e-11,4.729550084903167e-11,0,2,1.0,-0.006633000000037605,1115,86,28.008160637169702,312.12703317202335,192.89654879703696,2.9984663677130046
NDAREM687HPE,R10,ThePresent,available,559,500.0,30.003166649668604,130,0,42,E8,E25,E21,E17,False,False,False,False,42,230,0.0008236138684926349,73.15996827175421,202.3689716810099,-0.0005337411401900346,0.967487238955992,6000,0.8121774100037492,793,0.0005250265654465317,2.2078772225665184,0.0006220621462080834,26.0,0.0015166769062818996,0.00038095980933968847,42987.0,0.0009217639833231735,2,203.073993,2.120525977034049e-11,2.120525977034049e-11,0,2,1.0000000000000002,-0.004450000000042593,563,268,41.737001992257966,434.83329030198695,142.401514189001,2.4050266429840144
NDAREM703YFD,R4,ThePresent,available,81,500.0,60.023258129331964,130,0,42,E8,E25,E21,E17,False,False,False,False,151,230,0.49534786342211273,7147.678216375426,1863.0476708615959,-0.023216471343256814,0.9342166416604002,6000,,0,-0.03782044453713651,2.6459170790682305,0.053461513108947124,3732.0,0.07800037733945063,0.04580076585548372,26184.0,0.06879614173248179,2,203.065997,1.8207657603852567e-11,1.8207657603852567e-11,0,2,0.9999999999999999,-0.0023890000000078176,664,18,20.801423818205883,575.8700897230624,150.86760379319225,0.8534789156626507
NDAREN151YXN,R7,ThePresent,available,760,500.0,113.1280041583915,130,0,34,E8,E25,E21,E17,False,False,False,False,0,245,0.0007559743828944199,1751.6533101465989,1679.195168539188,-0.0007509104938600701,0.9549918792761583,6000,0.9196047814096328,4539,-0.0002727434689067541,1.532159238791779,0.0005762619412017663,50487.0,0.0009191742770631787,0.00046689224021694546,34259.0,0.001268353944791032,2,203.07000599999998,9.547918011776346e-11,9.547918011776346e-11,2,2,1.0000000000000002,0.0013989999998925819,1207,69,18.298300434378604,286.1450445088852,578.5128297293214,2.0748218724109364
NDAREN417DJE,R5,ThePresent,available,2167,500.0,85.92599782559489,130,0,34,E8,E25,E21,E17,False,False,False,False,0,230,0.007351713543887461,-1970.1828379551084,735.4014972040528,-0.0016078658958277622,0.9340782551784536,6000,0.9749916752229787,2472,-0.003757541014743125,2.138741771015791,0.007350057123218823,-9370.0,0.014624334575044182,0.00731997890878443,-23491.0,0.013357538777048237,2,203.068001,3.175237850427948e-11,3.175237850427948e-11,0,2,1.0,0.0037989999999651068,62,224,212.97783729677332,115.74203018079393,1114.4790036071695,44.089677419354835
NDAREN483AA8,R11,ThePresent,available,372,500.0,59.99581489238436,130,0,42,E8,E25,E21,E17,False,False,False,False,767,235,0.010895521896113246,1316.5866316263466,958.1195496435769,-0.0053191109059199364,0.9668293536730833,6000,0.9197623196387374,3561,0.0008696529157216477,3.0230383243403907,0.005816783633463293,1201.0,0.012335548605780594,0.003979998668547497,14695.0,0.005634571591379932,2,203.066,5.67323965583455e-11,5.67323965583455e-11,0,2,1.0,0.00794899999994338,1350,21,26.85449656813908,270.59213989285917,163.6595573397773,1.5157259259259261
NDAREN667YTZ,R4,ThePresent,available,2922,500.0,27.553782955623078,130,0,34,E8,E25,E21,E17,False,False,False,False,0,242,0.0037276231166251494,468.71088342657504,636.3456603694873,-0.0001568048835457724,0.8266499265183938,6000,0.9946512042659372,2494,0.0027198918301705177,3.046879513972791,0.004912691285827266,-12893.0,0.007017926489666343,0.004908486978847769,-12969.0,1.0036667102594245e-05,2,203.070007,6.350475700855895e-11,6.350475700855895e-11,2,2,1.0000000000000002,0.0004080000000407372,2,28,37.449060066930144,,13479.63548665023,30.46
NDAREN691WTC,R10,ThePresent,available,429,500.0,60.013757790939145,130,0,42,E8,E25,E21,E17,False,False,False,False,344,249,0.0065702832741522214,-92.58757514539869,415.4385499787095,0.0033698346406979664,0.9668568481084513,6000,0.9974978846009556,1628,0.010689643520920252,4.874551655673606,0.010852579560746431,25.0,0.00988389768621156,0.00971163404710306,7856.0,0.008680964388213662,2,203.065999,1.7430501486614958e-11,1.7430501486614958e-11,0,2,0.9999999999999999,-0.005989000000006275,1161,42,30.99703576241598,299.2836977113243,378.43717853410914,3.153479758828596
NDAREN969HF7,R7,ThePresent,available,84,500.0,119.88583260184333,130,0,34,E8,E25,E21,E17,False,False,False,False,0,246,0.0010954926118686924,-87.57814021521156,258.4763323386277,0.00013993751070363197,0.8486292014136895,6000,0.9837855593535015,1014,0.0015819196176798582,6.500883191739677,0.001582091578309811,-1.0,0.0021358045558866087,0.0007522619904281688,-12935.0,0.0010666436756159273,2,203.070007,6.750155989720952e-11,6.750155989720952e-11,2,2,0.9999999999999998,0.00030200000007910976,1262,19,15.909262384523677,310.7810376077531,132.1422317826329,1.4225515055467512
NDAREP061MTY,R9,ThePresent,available,108,500.0,30.003217284971466,130,0,42,E8,E25,E21,E17,False,False,False,False,112,235,0.017302201287508884,75.5654574392478,340.53265420065486,-0.0049210552162916995,0.8984207573396062,6000,0.9866030381677888,1335,0.014401276602997668,3.503720372228959,0.015347143287751247,32.0,0.02457746874427341,0.013889901433689277,5004.0,0.021304537331731314,2,203.27600199999998,5.972999872483342e-11,5.972999872483342e-11,0,0,1.0000000000000002,-0.013936000000091273,1260,51,49.440779144423104,259.84873719069765,157.5024962574885,1.5488333333333333
NDAREP458FBK,R11,ThePresent,available,904,500.0,60.00134808568011,130,0,42,E8,E25,E21,E17,False,False,False,False,1315,219,0.006801082192394919,-1735.3569451205542,875.3888722713567,-0.003132437894194589,0.9265752783918001,6000,0.8887806858914803,2981,0.0013305546593956083,4.816495228635371,0.007605147681925834,-26012.0,0.008340370793485964,0.0038886845429499752,-1720.0,0.007461020110024959,2,203.066,4.696243394164412e-11,4.696243394164412e-11,0,2,1.0,0.0056109999999630076,1726,107,81.4701948919665,122.10294773775655,245.40308049103382,9.796373117033605
NDAREP505XAD,R7,ThePresent,available,7004,500.0,59.97956101241313,130,0,42,E8,E25,E21,E17,False,False,False,False,133,247,0.005888050990806758,-258.4990553082635,453.96618356011646,-0.00028013349479006836,0.8223342820550145,6000,0.9734000587628859,1780,0.006387398820638007,3.4272918589032093,0.007924288127848745,19053.0,0.014584088017521056,0.007109805735685698,19247.0,0.000123201551319993,2,203.075993,7.915890165577366e-11,7.915890165577366e-11,0,2,1.0,0.0038350000000730473,287,238,152.38190397951269,95.41790136558467,1110.22938264624,31.423937282229964
NDAREP587HDK,R11,ThePresent,available,1174,500.0,30.003232676234298,130,0,42,E8,E25,E21,E17,False,False,False,False,103,228,0.06475236735049945,-1842.3656359378353,194.34329634667986,-0.032611193563933306,0.6617213232647141,6000,0.9750307833700271,762,-0.04469664007541353,1.9619090354878577,0.22293530499323327,40854.0,0.32994637584124314,0.1730375548357823,35108.0,0.3259443584250429,2,203.063999,1.6653345369377348e-11,1.6653345369377348e-11,0,0,1.0000000000000002,0.01405299999996659,858,17,40.97888218836116,335.3689653061492,4638.325094793694,0.6263519813519814
NDARER115FTJ,R7,ThePresent,available,1302,500.0,105.51162660743532,130,0,32,E8,E25,E21,E17,False,False,False,False,5,228,0.004145924373117022,-1012.968583224804,317.65980698941786,0.0036841947879402083,0.8154968194813189,6000,0.9925559224305012,1245,0.006027638743450063,3.0930425526164185,0.012900503142893358,47931.0,0.013839710901750107,0.012235627239252447,46140.0,0.005956327164756593,2,203.067999,7.682743330406083e-11,7.682743330406083e-11,2,2,1.0000000000000004,0.0011180000000393165,937,230,168.38842889224952,137.1739783801832,544.0417130336358,27.190597652081106
NDARER136KZ5,R11,ThePresent,available,323,500.0,60.01874442560474,130,0,42,E8,E25,E21,E17,False,False,False,False,265,223,0.00041643128673423264,2969.8114912020715,146.6414650323368,-0.00032556989548581663,0.8153683493984889,6000,0.9884573888124611,317,-0.0003397778332944302,4.843270649597615,0.003045168488644383,4298.0,0.0038072216840756143,0.0030447786286153748,4333.0,1.094474130981099e-06,2,203.065998,1.4876988529977098e-10,1.4876988529977098e-10,0,2,0.9999999999999999,-0.005159000000126738,9,14,88.82259185598184,95.20423152349707,29098.6140255994,30.834444444444443
NDARER379GTP,R7,ThePresent,available,7059,500.0,59.822290348718504,130,0,42,E8,E25,E21,E17,False,False,False,False,870,219,0.0047681128954311335,-2424.16061369942,464.94855930356124,-0.001367258337521323,0.7461289322995742,6000,0.9925369545231066,1488,0.0022536000573438976,2.4004532550271773,0.003397409881916116,-2378.0,0.00762712470515935,0.00272314124180297,-17196.0,0.006373216620015366,2,203.06600600000002,3.7192471324942744e-11,3.7192471324942744e-11,0,2,0.9999999999999996,0.006611000000074828,322,394,49.51675416728957,253.71195930167372,625.4025433540279,16.470621118012424
NDARET067PK6,R9,ThePresent,available,264,500.0,30.003278881604135,130,0,42,E8,E25,E21,E17,False,False,False,False,92,212,0.009688615555248532,-43.31792282801024,443.6576464108507,0.00012798132855662233,0.9417693106226293,6000,0.9860890212938653,1739,0.011696133274773455,4.422388747338656,0.012042992567288443,26.0,0.012438943107015328,0.005358922844874119,-13823.0,0.0029294936134670207,2,203.28600600000001,3.6637359812630166e-11,3.6637359812630166e-11,2,2,1.0000000000000002,-0.0006229999999837406,679,65,53.555998547429134,283.0112597305848,2515.239191390964,2.359779086892489
NDARET484TTP,R9,ThePresent,available,67,500.0,30.003268987075128,130,0,42,E8,E25,E21,E17,False,False,False,False,102,210,0.07978309296018966,773.7612209730904,630.1244068691691,0.008016404705884618,0.7984648495518143,6000,0.9538152456810418,2470,0.044244764649557906,4.77440810482282,0.14785362194794813,15309.0,0.2222063044755755,0.1337018113424316,15052.0,0.00400011728252439,2,203.28600500000002,1.0125233984581428e-10,1.0125233984581428e-10,0,2,0.9999999999999999,0.0062049999999113535,1416,36,59.3420152888571,215.99256916696217,183.3211436770924,2.8609745762711865
NDARET550NXC,R1,ThePresent,available,623,500.0,117.88266946935381,130,0,34,E8,E25,E21,E17,False,False,False,False,0,229,0.002424824275675054,-155.63433245730823,175.47126350789054,0.0006130045723866328,0.6908322311624191,6000,0.9989685713584181,688,0.002445878663776258,3.9550923699302003,0.004521647389572074,-23082.0,0.004702525479519983,0.004478843936095071,-22779.0,0.00011067176139650282,2,203.067997,4.618527782440651e-11,4.618527782440651e-11,2,2,0.9999999999999996,-0.0007950000000053959,822,69,290.0787458956433,91.49866690596818,359.86199587120177,53.14428223844281
NDARET558NB3,R8,ThePresent,available,100,500.0,60.02349897484431,130,0,42,E8,E25,E21,E17,False,False,False,False,284,229,0.003824402157112051,15.714151153080087,211.94831572595314,0.00033715511947407425,0.9596929152902702,6000,0.9991016958029711,831,0.004364949706292787,9.492828051282162,0.004500538636619819,25.0,0.004298866878147977,0.0014107715148065074,-46975.0,0.0011182147751325805,2,203.06400699999998,6.94999613415348e-11,6.94999613415348e-11,0,2,1.0000000000000002,0.002895999999917598,721,16,22.369984022096396,529.288406495223,221.79567093043173,1.000374479889043
NDARET632ELD,R1,ThePresent,available,344,500.0,117.90738777347975,130,0,34,E8,E25,E21,E17,False,False,False,False,0,234,0.0040795666696411565,-519.3256872918063,315.5922234974814,-0.0014245476341624586,0.8399134592494402,6000,0.9791596528507729,1237,0.00028875968930208013,2.2276117711570484,0.002768191426691007,-565.0,0.005892920822429103,0.0022532759139112465,4362.0,0.004913628207494244,2,203.06999299999998,1.0302869668521453e-10,1.0302869668521453e-10,0,2,1.0000000000000002,0.004205999999878123,2042,105,80.875188268309,104.55129766162065,359.67074812254504,6.454711067580804
NDARET888KD2,R8,ThePresent,available,206,500.0,60.02353390182573,130,0,42,E8,E25,E21,E17,False,False,False,False,243,239,0.0061637886828436825,2980.5027570329653,154.4846644095999,0.002660746962049926,0.7008178845214054,6000,0.9976121354857074,322,0.008444390624466273,2.6193784692573088,0.015580887908468507,15768.0,0.03752957809468866,0.01555035776421778,15840.0,2.436155191534728e-06,2,203.28600300000002,3.2307490016592055e-11,3.2307490016592055e-11,0,0,1.0000000000000002,0.008385999999992101,1272,57,31.828251429739808,270.8176533320913,199.92986581759786,2.6709040880503143
NDAREU591YYA,R4,ThePresent,available,610,500.0,116.55843500469733,130,0,34,E8,E25,E21,E17,False,False,False,False,0,232,0.0005920663202265352,1594.5173823394089,697.2572387841082,-5.301482487694198e-05,0.912130967991507,6000,0.9758487013233779,2734,0.0001759762064952481,2.012795882768419,0.0008176219188434801,-39775.0,0.0009197445482876347,0.00071011972912672,-38772.0,0.00019843862138466996,2,203.070003,1.0391687510491465e-10,1.0391687510491465e-10,0,2,1.0000000000000002,0.002878000000064388,1134,90,18.417217096428868,329.5033129183688,311.664163562437,2.5274338624338624
NDAREV342ABE,R5,ThePresent,available,118,500.0,119.34554876028822,130,0,34,E8,E25,E21,E17,False,False,False,False,0,228,0.0013463194508046706,33.19689897935263,208.50474218565705,1.544269948191859e-05,0.9130399444768139,6000,0.9976488458529271,817,0.0014885429238495234,9.557036340938197,0.0014952746498814173,8.0,0.0016449507024110896,0.0004965726082739498,-5451.0,0.0005016439285685738,2,203.07000499999998,5.240252676230739e-11,5.240252676230739e-11,2,2,1.0000000000000002,0.001500999999922695,1865,29,14.416894268942402,199.1886376510357,432.6176282229798,0.9868203753351207
NDAREV376NRN,R11,ThePresent,available,84,500.0,60.02353223994894,130,0,42,E8,E25,E21,E17,False,False,False,False,480,228,0.0013872232242179562,48.982748125862855,180.3513636312751,0.0001915964840380764,0.7491843977476855,6000,0.9943565249022169,707,0.0017341152436298802,6.021486393002655,0.0036101305403525635,41303.0,0.004924867091444575,0.0018457768292886732,25.0,0.0027796795460966165,2,203.06600600000002,1.7430501486614958e-11,1.7430501486614958e-11,2,2,0.9999999999999999,0.0015019999999939606,1989,16,60.796936131695475,141.43264668120906,168.69354984235565,4.040819507290096
NDAREV527ZRF,R2,ThePresent,available,179,500.0,118.53936657086827,130,0,34,E8,E25,E21,E17,False,False,False,False,0,237,0.0038193152387719035,-61.9110124644584,318.8829031191625,3.3215392027216434e-05,0.9612137366949601,6000,0.9939956723947456,1250,0.004189034031961457,13.503988099452359,0.00423261752057627,30.0,0.004710200904676274,0.0015796000781784078,24221.0,0.0019630398518191284,2,203.079995,2.220446049250313e-12,2.220446049250313e-12,2,2,1.0,-0.000688000000004631,2063,65,34.84336352916441,156.16395920033332,315.01647365439436,2.865215705283568
NDAREV601CE7,R2,ThePresent,available,25,500.0,119.68811581437863,130,0,34,E8,E25,E21,E17,False,False,False,False,0,241,0.00998483307787873,-3359.134887733777,2333.6324132934474,-0.0017159381793001806,0.14838041532876392,6000,0.19042940848505935,4215,-0.00950763470674668,3.4486786783794874,0.018932270125439535,-16763.0,0.025726393959431403,0.01674584112348411,-24853.0,0.016388449998367284,2,203.067994,5.0182080713057076e-11,5.0182080713057076e-11,0,2,1.0000000000000002,0.002019000000014014,1777,17,40.86802857276769,169.4445312969202,699.2022190679834,4.1126561620709055
NDAREV617HAP,R4,ThePresent,available,1290,500.0,60.01349906993591,130,0,42,E8,E25,E21,E17,False,False,False,False,154,243,0.0022680388594725777,-2378.432349767576,747.8696247277654,-0.0014629534069841433,0.9355129678104989,6000,0.9756155302893007,2088,-0.0004940568513979469,2.274682790421727,0.0030767642423184015,-19471.0,0.0042651859962521185,0.0030212858682834584,-19585.0,3.0016142233638826e-08,2,203.073999,1.5731860258938468e-10,1.5731860258938468e-10,0,2,1.0000000000000004,-0.004663999999884816,1105,76,34.46706715724013,288.86150308842076,595.8191226867763,4.121122171945702
NDAREV848HWX,R7,ThePresent,available,313,500.0,118.79891788126375,130,0,34,E8,E25,E21,E17,False,False,False,False,0,242,0.0018462909663666072,390.2968591447512,334.3057816265214,0.0005822664470743419,0.6416511210201589,6000,0.9976754973800084,1310,0.0017182871019247503,2.0727069624556345,0.0023740960444498,397.0,0.0022628403932387856,0.002314881753902098,-14048.0,0.0017759533605394198,2,203.067996,1.9539925233402755e-11,1.9539925233402755e-11,2,2,0.9999999999999999,-0.00012199999998874502,1212,60,21.62947413283607,320.14684747080224,207.79570505816184,2.862871287128712
NDAREW074ZM2,R7,ThePresent,available,343,500.0,60.02335609734778,130,0,42,E8,E25,E21,E17,False,False,False,False,158,228,0.002270907192393756,-150.69546774371344,427.03907486789126,-0.0002270749611559954,0.8186393171182147,6000,0.9981409926224584,1674,0.0020927573095235515,2.8694513918614697,0.002617968532752199,-9710.0,0.004260217528292712,0.002574362622012273,-9876.0,7.790141674187713e-07,2,203.076003,2.7755575615628914e-11,2.7755575615628914e-11,0,2,0.9999999999999999,0.0059450000000272705,882,96,24.254742761980275,396.736637564484,123.38964138771287,1.7637981859410432
NDAREW201WD9,R4,ThePresent,available,195,500.0,60.02336885309578,130,0,42,E8,E25,E21,E17,False,False,False,False,151,224,0.0009579583015469339,57.82882625305056,186.57960547404602,-0.000526372278834789,0.9643757325923985,6000,0.9908968040246559,731,0.0004144008728462341,3.7579008020951323,0.0005066295648943959,37.0,0.0012579794340235565,0.00019942108426823066,7917.0,0.0008581289881302331,2,203.071996,5.6066262743570405e-11,5.6066262743570405e-11,0,2,0.9999999999999999,-0.007734999999944567,883,45,23.321207574024964,417.1596133290592,202.52010319111812,1.2511211778029447
NDAREW430AYU,R8,ThePresent,available,62,500.0,60.02342981555604,130,0,42,E8,E25,E21,E17,False,False,False,False,200,223,0.020634562116697154,18.946827456602854,527.4987805386729,-0.004745128496634839,0.8957516619303205,6000,0.9514659021251843,2067,0.020380244157081027,3.2469148856309227,0.021229925440588156,28.0,0.03930566845913462,0.016914933850431666,-24098.0,0.034038001533016886,2,203.276008,3.4638958368304884e-11,3.4638958368304884e-11,0,2,0.9999999999999998,0.006006000000041277,1484,9,32.006415992010524,236.99458345512366,211.02323552954599,3.522735849056604
NDAREW557WZM,R9,ThePresent,available,128,500.0,30.003225382865512,130,0,42,E8,E25,E21,E17,False,False,False,False,88,222,0.008531243186194887,2947.9220060462108,133.7963448656803,-0.004503407291073597,0.6699239531900857,6000,0.9816660760503813,314,0.0031820674417217627,6.2214940794843026,0.09073622897294675,-8199.0,0.10355826117499242,0.05513110873646172,5288.0,0.07298400930973094,2,203.27599800000002,1.3000711618360583e-10,1.3000711618360583e-10,0,0,0.9999999999999999,-0.010102000000117734,1100,67,48.056496795147865,288.5668007299083,223.8586860732701,1.553090909090909
NDAREW594DC5,R9,ThePresent,available,136,500.0,30.003275953762973,130,0,42,E8,E25,E21,E17,False,False,False,False,278,228,0.004845819351425889,43.80884775011999,122.6881526996424,3.5066430215406186e-05,0.7297030773766046,6000,0.9959078733479619,481,0.004916566955889988,6.037430085283201,0.005403196518223606,30.0,0.0074269405978715656,0.002668407747830879,23244.0,0.003942888143413033,2,203.276006,3.419486915845482e-11,3.419486915845482e-11,0,2,1.0000000000000002,-0.005154999999988624,1112,97,56.74164879842817,262.25779646506726,233.32024990709232,3.7929136690647476
NDAREW671HZW,R4,ThePresent,available,617,500.0,60.00884891932161,130,0,42,E8,E25,E21,E17,False,False,False,False,202,252,0.0006743159802414719,-739.2886338175596,393.8840065534789,-0.0002168834975190758,0.4844676291815583,6000,0.7219801899770626,1544,-0.0002075199504901789,4.4328176629139735,0.005305808077333931,-7218.0,0.0073962622206792845,0.0042005920354749255,47966.0,0.0024921329211461674,2,203.082001,1.3183898417423734e-10,1.3183898417423734e-10,0,2,1.0000000000000007,-0.005516999999935881,937,82,25.355350394538927,375.0496162330307,289.3160400025855,2.083094983991462
NDAREX065KJU,R4,ThePresent,available,382,500.0,60.023295192785284,130,0,42,E8,E25,E21,E17,False,False,False,False,146,238,0.019283672567005583,2091.4585420167887,588.5400328467399,0.005537733158266866,0.9631469014363115,6000,0.9950051399134259,2062,0.007528624315735841,6.246072791162218,0.024776534273741248,1809.0,0.03238346840180796,0.023846495943695915,2387.0,0.0024788685705582764,2,203.063996,9.603429163007604e-11,9.603429163007604e-11,0,0,0.9999999999999999,-0.008265000000078102,732,77,22.214138312797637,496.2606402986858,163.58239286464698,1.4971584699453553
NDAREX336AC1,R4,ThePresent,available,346,500.0,102.14480108026481,130,0,34,E8,E25,E21,E17,False,False,False,False,0,248,0.0013323263649282929,-2094.6423391282956,319.41322010887717,-0.00034399319826624057,0.8160971732522048,6000,0.9898492919380989,1252,-0.000286255990114179,2.4777567815423724,0.000975522989830441,-2052.0,0.001599377251800654,0.0009604865547335026,-5145.0,0.0013683337270072105,2,203.06799700000002,3.4638958368304884e-11,3.4638958368304884e-11,2,2,0.9999999999999999,0.0005390000000411264,1023,116,139.75901745550922,107.18840994843501,1241.0850720092064,26.87041055718475
NDAREX589EXG,R5,ThePresent,available,235,500.0,60.01858284396803,130,0,42,E8,E25,E21,E17,False,False,False,False,162,227,0.0010272057826394832,-11.398690112651426,348.3202120886886,-0.0006879042692168463,0.9200588789138335,6000,0.9503478757692139,1366,0.0005013911765816723,3.0123056699141397,0.0006577966461660856,3786.0,0.0013441209015076902,0.0005343811027849824,25.0,0.001453432649044338,2,203.07600499999998,2.4424906541753444e-11,2.4424906541753444e-11,0,2,1.0,0.003639999999979767,1542,33,37.221620620178896,208.51677958438844,301.9129358926858,2.8174124513618675
NDAREY359ANG,R10,ThePresent,available,113,500.0,30.003073646076725,130,0,42,E8,E25,E21,E17,False,False,False,False,114,228,0.012286164177545878,1643.1180387048294,527.2400469951864,-0.00545401922312273,0.8584204240093217,6000,0.9389090160413378,2067,-0.006238897648525269,1.2840772494978332,0.008693462463356555,24226.0,0.01592298890448722,0.0073150241839537895,1448.0,0.016998974135181644,2,203.066002,6.461498003318411e-11,6.461498003318411e-11,0,0,1.0,0.010811999999927631,1028,46,43.964744640712105,332.012123632542,198.53428340343055,2.035
NDAREY366VH0,R10,ThePresent,available,125,500.0,30.003130061513012,130,0,42,E8,E25,E21,E17,False,False,False,False,59,242,0.0012136971309398585,-221.31683591550413,415.5650135201422,7.93243308694855e-05,0.7204708051388506,6000,0.9517863596844938,1629,0.001556875139527313,6.23385965255314,0.0028247727655468257,7282.0,0.003851603770327152,0.002318732661500337,7807.0,7.222629782441562e-05,2,203.065998,4.007905118896815e-11,4.007905118896815e-11,0,0,0.9999999999999996,-0.008428999999976348,720,63,42.7278834750661,460.4363244253058,175.649268399103,2.3191111111111113
NDAREY512KVX,R3,ThePresent,available,636,500.0,119.16614590296464,130,0,34,E8,E25,E21,E17,False,False,False,False,0,234,0.003554686764448445,16.385132866421788,538.8064241201757,-0.003190870366308063,0.9177969134304318,6000,0.8170799289298312,2112,-0.00026536216867795024,3.096121687937018,0.0069333903296926284,37850.0,0.012215017177539797,0.006766515548303497,37671.0,4.9884322446125395e-06,2,203.069998,3.863576125695545e-11,3.863576125695545e-11,2,2,1.0000000000000004,0.0005469999999206303,1430,118,16.985024107391276,261.5185587101766,188.9343587268121,2.5993006993006995
NDAREY897LB1,R5,ThePresent,available,418,500.0,59.994530663961655,130,0,42,E8,E25,E21,E17,False,False,False,False,206,243,0.0019587070358834053,-3.317293674166969,122.10872264114893,0.00037258607781345246,0.34967448547128627,6000,0.9949426992601126,479,0.002342659128831328,1.4502164208667983,0.002501760454415422,34.0,0.0021322754255847323,0.0023357030866075507,-6128.0,0.0017955585656438998,2,203.07200600000002,5.1181281435219717e-11,5.1181281435219717e-11,0,2,1.0,-0.007376999999954604,867,66,23.69393895722943,418.65804112418454,264.24279892557155,1.6344867358708188
NDARFA089ZZG,R7,ThePresent,available,929,500.0,119.30807505945977,130,0,34,E8,E25,E21,E17,False,False,False,False,0,248,0.0012551470660820622,215.45191684747098,425.0282508512876,-1.9908344784769047e-05,0.940925731746698,6000,0.9974519190298714,1666,0.0010867099749701202,6.093545440046586,0.001344836199048722,239.0,0.0018126575423079378,0.0008142659704622538,31780.0,0.0011377190245062698,2,203.06599799999998,8.815170815523743e-11,8.815170815523743e-11,2,2,1.0000000000000002,0.0008760000000618366,1288,132,23.74908378985445,283.09916848160435,157.19821613714544,3.7455590062111805
NDARFA165XBV,R5,ThePresent,available,157,500.0,60.01858427753089,130,0,42,E8,E25,E21,E17,False,False,False,False,152,215,0.0020661922982907364,198.776889394323,156.6974630313763,-0.00043979701328607695,0.5319765004633648,6000,0.986648543237391,614,0.0002968258081407352,4.4532994445798355,0.010140286685039829,-47469.0,0.010642999910305479,0.005075693781659216,-34044.0,0.008226499242363914,2,203.066002,7.027711745877241e-11,7.027711745877241e-11,0,2,1.0000000000000002,0.003892000000026725,826,31,312.0101489072576,95.89016006723386,255.80686361091065,36.25943099273608
NDARFA233CUK,R4,ThePresent,available,1139,500.0,115.14596414076995,130,0,34,E8,E25,E21,E17,False,False,False,False,0,219,0.0016679532938094607,3036.9349795553985,789.1498701813983,-0.0006921816533528284,0.8792302877695941,6000,0.971250969235708,1509,-0.0010967134266816323,3.3422806711284703,0.0032736110535877463,19710.0,0.005040231322995827,0.003197511940889211,19152.0,4.245928483181168e-05,2,203.06599599999998,2.9753977059954195e-11,2.9753977059954195e-11,0,2,1.0000000000000004,0.0031799999999396274,971,90,18.787146776383803,371.7233448936712,457.45605518483643,2.5847270854788875
NDARFA239AFD,R11,ThePresent,available,736,500.0,60.02343895225944,130,0,42,E8,E25,E21,E17,False,False,False,False,289,231,0.0019660613813319303,314.8826582754839,408.47079866569965,-0.0006300425403909559,0.8632212197305875,6000,0.8597819011465929,1601,0.0017616526164119628,2.870144806903227,0.0024615812962323637,23095.0,0.003884655258287159,0.002456404004829766,22971.0,1.9000295758821867e-05,2,203.06599599999998,5.395683899678261e-11,5.395683899678261e-11,0,2,0.9999999999999997,-0.003218000000022323,1469,206,39.742345533569996,213.84129444672465,125.35891929109414,5.305139550714773
NDARFA358RJJ,R9,ThePresent,available,87,500.0,30.00323718385239,130,0,42,E8,E25,E21,E17,False,False,False,False,152,228,0.004592399505903325,63.417127846434425,189.14645044609247,-0.0008523076039848755,0.8469024516823567,6000,0.9897445006176039,742,0.004047256636837147,3.821995572667915,0.0050022810365458435,-6421.0,0.007229538413160368,0.004371542201069973,50659.0,0.0033489662581869355,2,203.28600500000002,6.17284001691587e-11,6.17284001691587e-11,0,2,1.0,-0.005832000000066757,1257,43,46.21804454746443,267.8260441960683,164.32735895591884,1.1917263325377883
NDARFA737TG6,R5,ThePresent,available,991,500.0,60.01860184884669,130,0,42,E8,E25,E21,E17,False,False,False,False,151,228,0.002959475153043904,-41.64259132466982,558.6843129796717,-0.0003643733317972949,0.9624424295797405,6000,0.9941888769462258,2190,0.002937071705054277,4.8073154037849735,0.0038622740910828615,-24452.0,0.004128054724162414,0.0029618004239764864,21.0,0.004178623438204871,2,203.073993,1.4765966227514582e-11,1.4765966227514582e-11,2,2,1.0000000000000002,-0.0005809999999990078,1355,236,29.81699644397324,229.2701650838767,146.41393098339435,2.81509963099631
NDARFA804ZLW,R7,ThePresent,available,100,500.0,119.74111039636726,130,0,34,E8,E25,E21,E17,False,False,False,False,0,232,-1.0,-1.0,-1.0,-1.0,-1.0,-1,-1.0,-1,-0.3400653999298186,3.340266824266464,0.5511867877393167,-3040.0,1.1222144962157068,0.47359675490714187,7523.0,0.917180751604621,2,203.064004,8.970602038971265e-11,8.970602038971265e-11,2,2,1.0000000000000002,0.001959999999877049,220,42,729.1546818805373,80.0345694139983,184.70160897939556,163.3950909090909
NDARFA811KTX,R4,ThePresent,available,271,500.0,60.02328746630065,130,0,42,E8,E25,E21,E17,False,False,False,False,137,239,0.0004735228158679258,76.34491807817558,354.67261582024986,-4.1518760842433386e-05,0.7203752150765429,6000,0.9935633833718632,1390,0.00048315876683635843,3.730394437002943,0.0005241627978260463,35.0,0.000621560439903869,0.000353359063559069,-46166.0,0.00035131659969701726,2,203.073995,6.405986852087153e-11,6.405986852087153e-11,0,2,0.9999999999999999,-0.0030279999999285505,1368,65,29.009963609473,254.20043376116962,167.11440962776732,1.6460526315789474
NDARFB506UJ3,R4,ThePresent,available,687,500.0,104.05385300391079,130,0,34,E8,E25,E21,E17,False,False,False,False,0,233,0.009054195086127375,-1503.3824453614332,483.49644156581854,0.0013900216333239531,0.8028522643084728,6000,0.9527046384967699,1896,0.008404345530180672,2.8532107830701645,0.015382389956826564,-14998.0,0.028512419075046817,0.012897046419648181,-22992.0,0.025637976896577715,2,203.06999299999998,9.636735853746359e-11,9.636735853746359e-11,2,2,1.0000000000000002,0.0008369999998630592,1233,160,114.16855595630015,95.25599239547641,921.26305547109,19.19043795620438
NDARFB757VY3,R4,ThePresent,available,190,500.0,60.013426740919364,130,0,42,E8,E25,E21,E17,False,False,False,False,160,230,0.0017903241496080623,44.62410655870582,182.05378018146533,-0.002107355324585312,0.9080344646431181,6000,0.9957362720477376,714,-0.0002188832344213929,0.1019499804355197,0.00011203685871365286,-31001.0,0.0015630514025269584,7.013269648065192e-05,-13920.0,0.00122313464705199,2,203.064,6.572520305780927e-11,6.572520305780927e-11,0,2,1.0,0.006773000000074742,1417,20,30.99356859052754,249.00702785509012,303.2121488236421,2.205723359209598
NDARFB969EMV,R5,ThePresent,available,686,500.0,118.66257098086838,130,0,34,E8,E25,E21,E17,False,False,False,False,0,245,-1.0,-1.0,-1.0,-1.0,-1.0,-1,-1.0,-1,0.00013237332166967714,1.6650765086349795,0.0003510451172406129,3427.0,0.0009904507737882211,0.0002939407133773288,16697.0,0.0009753170704168814,2,203.068005,2.8199664825478976e-11,2.8199664825478976e-11,2,2,1.0000000000000002,0.000756999999971803,989,64,11.261644676691349,389.2458827700389,268.3781405908941,1.1354095045500505
NDARFC203HCD,R7,ThePresent,available,608,500.0,60.023412141131054,130,0,42,E8,E25,E21,E17,False,False,False,False,108,239,1.2372874312131862e-06,1741.6071242057228,447.8239505819774,-4.570025945861509e-07,0.7639206808403985,6000,0.9147445975377567,1756,-1.055414919387423e-06,1.7821944288934182,1.0339072402412896e-06,-11672.0,2.3147038945907064e-06,9.597663666853988e-07,-25638.0,1.930866344116823e-06,2,203.066002,6.661338147750939e-11,6.661338147750939e-11,0,2,0.9999999999999999,-0.005315000000047767,1197,123,36.54990639023235,247.24505893735272,292.4342200614607,5.844444444444444
NDARFC339HXZ,R10,ThePresent,available,189,500.0,30.00324985840714,130,0,42,E8,E25,E21,E17,False,False,False,False,49,233,0.0012902298764457694,2426.854534082387,1455.545869029274,-0.0014945155640113486,0.9930292858157884,6000,0.9821071882975279,3426,-0.0006056028041826821,0.22923113282777977,0.0001495572027678913,8344.0,0.0007529046652082873,0.00014112635833960058,8530.0,7.912938296588242e-06,2,203.06600799999998,3.042011087472929e-11,3.042011087472929e-11,0,2,0.9999999999999997,0.007272000000004379,920,72,42.56982482333348,374.00495504950925,167.58172237083184,1.416086956521739
NDARFC694PW2,R9,ThePresent,available,125,500.0,30.003289842877912,130,0,42,E8,E25,E21,E17,False,False,False,False,77,232,0.013589429635992986,-9.678673894107401,173.39858561059557,0.10068053099954817,0.8775748938302685,6000,0.9998604257929667,680,0.11481191048569082,2.8673708332217314,0.1796107267774813,45786.0,0.07911499115662735,0.174164720355102,13602.0,0.10604772401381757,2,203.28600699999998,8.559819519859957e-11,8.559819519859957e-11,0,0,1.0,-0.009121000000086052,1113,34,44.47139288652384,293.93544971716807,432.3227177549075,1.5237556154537286
NDARFD316UD2,R1,ThePresent,available,859,500.0,108.80582111721424,130,0,34,E8,E25,E21,E17,False,False,False,False,0,257,0.0037507078068933783,-169.56088456665734,681.6955679603495,0.00039506213103690003,0.8855612389160235,6000,0.9618237952538481,2672,0.0042292285755233736,2.7519137866565595,0.004777555369637498,4785.0,0.006445747959143978,0.004296092668335229,-92.0,0.0056735494208962085,2,203.07000399999998,4.4853010194856324e-11,4.4853010194856324e-11,2,2,0.9999999999999996,0.0015960000000065058,987,28,24.273610172572404,315.23006520340954,2707.634360897537,4.945876393110436
NDARFE299MWU,R5,ThePresent,available,791,500.0,60.023248007487396,130,0,42,E8,E25,E21,E17,False,False,False,False,144,232,-1.0,-1.0,-1.0,-1.0,-1.0,-1,-1.0,-1,-0.000128677749090099,2.469006013800893,0.0015995102954196325,25337.0,0.0028731132315401014,0.0015348629347462924,-44967.0,0.002246981681318238,2,203.072,1.1246559239452836e-10,1.1246559239452836e-10,2,2,1.0000000000000004,-0.00013099999991782386,1003,151,31.427673450052428,299.78800449728186,375.24000288607726,5.1692721834496504
NDARFE526NK3,R5,ThePresent,available,89,500.0,60.02344390348846,130,0,42,E8,E25,E21,E17,False,False,False,False,128,254,0.014022284154188523,-917.3905501711141,593.1993693969042,0.009351825270338395,0.6548236337638006,6000,0.9929828147421316,2326,0.017745037434633966,3.7495512428018207,0.030594717833142302,12722.0,0.03211773111663311,0.029515626511354122,12948.0,1.5545358375543272e-05,2,203.064004,4.4853010194856324e-11,4.4853010194856324e-11,0,2,1.0000000000000002,-0.004968999999995759,1321,20,34.734318846018155,263.02830558948693,149.9544737376627,4.897706283118849
NDARFE555KXB,R7,ThePresent,available,103,500.0,60.02330673816565,130,0,42,E8,E25,E21,E17,False,False,False,False,162,244,0.009666855959817857,-3006.4013177534985,282.17672651681204,-9.989178504774537e-05,0.5350352995878962,6000,0.9990709718670974,547,-0.002601843487177668,3.990175392988773,0.02410717912371426,-38544.0,0.02500103805985352,0.01512568922397503,-10292.0,0.024198366051725415,2,203.073993,2.220446049250313e-11,2.220446049250313e-11,0,2,1.0000000000000002,0.0026069999999554,902,33,26.227926353100933,408.5733928597581,153.47557645254048,3.001363636363636
NDARFF070XHV,R2,ThePresent,available,42,500.0,119.64494528041486,130,0,34,E8,E25,E21,E17,False,False,False,False,0,240,0.004153457115065018,8.874121996564718,355.8015182374345,-0.00027129859088218585,0.9542621589160055,6000,0.994397940320672,1395,0.004492460263347531,10.50662676180423,0.004583050097422987,27.0,0.005003483033243869,0.001416868025056101,-5532.0,0.0016872415157957608,2,203.070002,3.907985046680551e-11,3.907985046680551e-11,2,2,0.9999999999999996,2.0000000051610766e-05,1094,26,20.452033846421028,351.46559646003226,183.84136256284174,1.8685191956124316
NDARFG568PXZ,R5,ThePresent,available,1283,500.0,59.97990354497456,130,0,42,E8,E25,E21,E17,False,False,False,False,176,237,0.007056435798296117,240.92776418133568,434.39969721560254,-0.0028557977579994035,0.4551048281000395,6000,0.7671401218741055,1703,0.00481983557593021,2.382769251582215,0.00555284233137545,57.0,0.01143508684296635,0.005474844168904424,-5440.0,0.010445026391992879,2,203.072005,8.759659664292485e-11,8.759659664292485e-11,0,2,1.0,-0.007339999999910183,1013,86,33.5201043746374,305.9903919002083,586.3631872844735,4.069002961500493
NDARFG713PLR,R5,ThePresent,available,985,500.0,96.73315583407944,130,0,34,E8,E25,E21,E17,False,False,False,False,0,226,0.00734274818952582,-2993.6226967886905,668.6386941334813,-0.0012211783682942398,0.8888465239324544,6000,0.996397770177853,1317,-0.0015811150469949747,2.8131117790464346,0.008463160679992797,-27090.0,0.012972345463641,0.00808613101400059,-25156.0,0.001853541844545995,2,203.066,5.7065463465733046e-11,5.7065463465733046e-11,2,2,1.0000000000000002,-0.0003129999999717717,1155,36,48.68282584704266,136.5205734793422,4183.616722926846,8.130077922077922
NDARFG757CEU,R3,ThePresent,available,1191,500.0,119.70003365307385,130,0,34,E8,E25,E21,E17,False,False,False,False,0,241,0.0021286139338450075,185.11267520875853,352.5661912952328,-0.0005216106352696196,0.9285941059664831,6000,0.975573301559482,1382,0.0015637166518703012,5.241527924356347,0.0019380159810195139,96.0,0.0026050007794796307,0.0006992244357795433,11177.0,0.0012321367551250406,2,203.07000100000002,2.4424906541753444e-11,2.4424906541753444e-11,2,2,1.0,-0.00045599999998008003,1092,156,17.78761259737861,346.81924008238894,161.30003837376918,3.103644688644689
NDARFG851ZNZ,R5,ThePresent,available,1093,500.0,119.80390945431412,130,0,34,E8,E25,E21,E17,False,False,False,False,0,238,0.001451831473605703,306.63578316637626,632.5106515302435,0.001227397924590566,0.858010807347721,6000,0.9958980211659919,2480,0.002850023532736047,2.909197192378655,0.0032833458852196276,46205.0,0.0022352123261739154,0.0032359848166568393,35918.0,0.002024463781420345,2,203.069997,4.973799150320701e-11,4.973799150320701e-11,2,2,1.0000000000000002,0.0016110000000136616,1811,225,23.014547570032732,190.30742902911337,146.14631398155623,3.749166206515737
NDARFG943GVZ,R5,ThePresent,available,261,500.0,119.82788763564758,130,0,34,E8,E25,E21,E17,False,False,False,False,0,241,0.0018865229163197025,21.68322624245401,223.88370847614277,-0.00040564476036641375,0.819992140524156,6000,0.9937340179357937,878,0.001667346645696385,3.716483606053663,0.0017325169848704685,25.0,0.0022035176026159505,0.0007221357406204371,35585.0,0.0010684815971890188,2,203.072005,5.839773109528323e-11,5.839773109528323e-11,2,2,1.0000000000000002,-0.0007350000000891137,1096,56,15.560662328070075,359.13141787078604,120.06234384801935,2.169361313868613
NDARFH018DLG,R5,ThePresent,available,582,500.0,60.01861820524207,130,0,42,E8,E25,E21,E17,False,False,False,False,201,241,0.004784550065083476,-1930.5910520123264,462.9269987658438,0.0005532580642862222,0.59690230936271,6000,0.9903911421350978,1814,-0.0035862164878646286,3.5373107907110506,0.007600341453533356,-8556.0,0.015011913194433868,0.006957012243119646,-21830.0,0.011985492511327845,2,203.073996,2.8754776337791554e-11,2.8754776337791554e-11,2,2,0.9999999999999999,-8.39999999706453e-05,1236,93,26.688862033996184,279.0855210554602,223.93323669057312,1.8807847896440126
NDARFH099KNX,R10,ThePresent,available,652,500.0,30.00324045547931,130,0,42,E8,E25,E21,E17,False,False,False,False,128,238,-1.0,-1.0,-1.0,-1.0,-1.0,-1,-1.0,-1,-0.0030961319165579457,2.446308896489122,0.010807702926005379,50116.0,0.007489816555793172,0.010166905196768163,50723.0,0.003466430149749203,2,203.075996,4.107825191113079e-11,4.107825191113079e-11,0,0,1.0000000000000002,-0.013749999999974807,1148,221,51.33149961880397,234.02533528712587,206.16694979600877,3.192656794425087
NDARFJ000DCY,R7,ThePresent,available,1924,500.0,116.8212710678019,130,0,34,E8,E25,E21,E17,False,False,False,False,0,239,0.0012129684836690894,-1576.9787484273693,704.1582449484752,-0.0009233990216467806,0.9204125331813203,6000,0.8636581676537578,2761,-0.0006311401620984079,2.5368409159805507,0.002726762084903406,-14252.0,0.005768342213676318,0.0027059475930445945,-14194.0,1.8474871416162414e-06,2,203.06599300000002,5.306866057708248e-11,5.306866057708248e-11,2,2,1.0000000000000002,-0.0004459999999793669,1417,283,42.506154441550116,164.0949621384006,201.49415241710082,7.30591390261115
NDARFJ179MG0,R4,ThePresent,available,669,500.0,118.24243165767379,130,0,34,E8,E25,E21,E17,False,False,False,False,0,239,0.0011470667168191461,657.7198067226564,543.7970929604526,0.00010176344634709012,0.7567629158162562,6000,0.9930442849687576,2132,0.0006101144889223451,2.1913283717992753,0.0017531882189436253,-18391.0,0.0015048257608052608,0.0016633585381025141,-18288.0,2.969887938281948e-06,2,203.06999599999997,3.597122599785507e-11,3.597122599785507e-11,0,2,0.9999999999999998,0.002555999999985156,367,74,765.3226191799795,74.64470016922458,384.7845953520526,108.31354223433244
NDARFJ372JDJ,R9,ThePresent,available,822,500.0,60.01859074755038,130,0,42,E8,E25,E21,E17,False,False,False,False,98,220,0.021540792773795697,-2120.6478966403592,630.6293301338907,0.0034659210400957464,0.698862510913969,6000,0.9956671996688007,2116,-0.017571896431108125,1.904596549393527,0.03544251266355677,-48372.0,0.057231669104718136,0.03513189387413638,-48768.0,0.004036795187255152,2,203.07400299999998,2.808864252301646e-11,2.808864252301646e-11,2,2,1.0000000000000002,0.0017439999999720374,1183,128,37.589125657576936,261.2647295957874,251.46666569828696,7.623330515638208
NDARFJ488VPT,R9,ThePresent,available,86,500.0,30.003259374945806,130,0,42,E8,E25,E21,E17,False,False,False,False,90,206,0.0069049363903846955,2748.179022676136,235.7294177188925,0.0016566508097401018,0.8144651385588949,6000,0.9976521958083447,713,0.006213083218701848,4.408336055227514,0.024135394085994622,18481.0,0.03735717680899399,0.015417506418227995,18918.0,4.5535363963310205e-07,2,203.286005,1.8840484727888906e-10,1.8840484727888906e-10,0,0,1.0000000000000007,0.009977000000120336,1039,42,53.41316575884608,323.5576006833474,192.84108507641983,1.97837343599615
NDARFJ803JF7,R4,ThePresent,available,3012,500.0,59.152712555742916,130,0,34,E8,E25,E21,E17,False,False,False,False,0,245,0.004285056735221684,539.7566175562747,805.3448025938181,-0.0009575231354820444,0.8368100879105279,6000,0.9329302708472532,3157,0.00251634865133174,4.0258735300312445,0.0039762372033924,-5678.0,0.005275964624274466,0.003966073866846348,-5729.0,2.9058841581278833e-06,2,203.070006,5.5067062021407764e-11,5.5067062021407764e-11,2,2,1.0,0.00037099999994745313,74,64,378.61466104405446,78.68162850610742,4204.637988797051,83.4245945945946
NDARFJ988HKR,R8,ThePresent,available,746,500.0,60.02351609728435,130,0,42,E8,E25,E21,E17,False,False,False,False,456,236,0.009335135017595602,2469.6156411653274,462.95517733592675,-0.0005599182670437525,0.7459282430104661,6000,0.9984546945158055,1437,0.006258350810204805,2.369474864681895,0.010954883819399396,44035.0,0.015941634458310594,0.010063193554869466,42278.0,0.0016274893878808275,2,203.28599499999999,6.328271240363392e-11,6.328271240363392e-11,0,2,0.9999999999999994,0.005268000000042169,1525,206,35.34255600709862,201.9470660273066,151.40107019486805,3.681436065573771
NDARFK027LB0,R4,ThePresent,available,1019,500.0,60.01856224156247,130,0,42,E8,E25,E21,E17,False,False,False,False,163,217,0.0017938976656356965,47.9917165190313,530.1053014272212,-0.0005809425276712963,0.9674028945477596,6000,0.9703985600919484,2078,0.0016800356683530817,3.3842788765627727,0.0017573686706449944,26.0,0.0028410323648139077,0.0013944117158767254,35822.0,0.002554479570490123,2,203.063993,2.275957200481571e-11,2.275957200481571e-11,0,2,0.9999999999999999,0.0035369999999831135,978,74,131.85200606526857,115.70564223382989,1762.172793597895,19.687985685071574
NDARFK452XCU,R10,ThePresent,available,183,500.0,30.00317899940692,130,0,42,E8,E25,E21,E17,False,False,False,False,62,225,0.0015525678511359704,14.5096913374821,167.54033241283508,-0.0003563516423692622,0.9649708275883122,6000,0.9868288235929646,656,0.0014139528825733631,11.883018028989165,0.001489911321353424,20.0,0.001989173835825639,0.00022916257259137648,4509.0,0.0007038605742091414,2,203.06599200000002,4.785061236134425e-11,4.785061236134425e-11,0,2,0.9999999999999999,0.006632999999961399,680,51,42.9388995309454,500.7873140887793,237.88848960235677,1.336470588235294
NDARFK819TD5,R8,ThePresent,available,280,500.0,60.02342002622077,130,0,42,E8,E25,E21,E17,False,False,False,False,255,230,0.0016555204387033817,-419.72053028979633,634.0013883777267,0.0009720318762796722,0.7203971712208694,6000,0.9831410122165543,2485,0.003100119084395776,2.376595592606154,0.003303620173767774,-12654.0,0.003994381825808868,0.0032851198116608986,-6566.0,0.0035113347068825365,2,203.076003,3.064215547965432e-11,3.064215547965432e-11,0,2,0.9999999999999997,0.006131999999996022,916,62,25.28265303403245,390.74900728059015,167.40918387620087,3.090393013100437
NDARFL579BAP,R7,ThePresent,available,797,500.0,117.01679108477343,130,0,34,E8,E25,E21,E17,False,False,False,False,3,245,0.19912368927580118,-2366.9417440713382,569.5845758120464,-0.020848569734520622,0.8762646581515119,6000,0.9985976897601482,1750,-0.10139057798107526,3.6642609047979655,0.18390375973729248,-2334.0,0.3302430709820052,0.1505031217848544,-22451.0,0.26183688828119533,2,203.065994,5.262457136723242e-11,5.262457136723242e-11,2,2,0.9999999999999998,0.0007819999999806001,589,68,238.48386335279977,95.59391758087975,707.4397539370963,28.71405772495756
NDARFL595DNJ,R11,ThePresent,available,61,500.0,60.023343011522506,130,0,42,E8,E25,E21,E17,False,False,False,False,178,232,0.004045623022921988,-2968.919303922441,201.09737035373962,-0.0019293687303987052,0.853368226991458,6000,0.9820166982256707,426,-0.0005811198769980151,3.176195009098098,0.007234715968714247,-3568.0,0.012205760779522649,0.005454091212581612,-10262.0,0.0076970339647072965,2,203.065997,3.2085445411667024e-11,3.2085445411667024e-11,0,2,1.0000000000000002,0.004147999999992401,2049,16,49.29819896196902,147.40022931567225,136.40018106696806,3.126451927769644
NDARFL793LDE,R6,ThePresent,available,1296,500.0,60.023364829582036,130,0,42,E8,E25,E21,E17,False,False,False,False,155,238,0.06429762573652316,-2711.563144318513,1958.828395975901,-0.06585762282440816,0.8752596446164578,6000,0.8778610696275384,4128,-0.07665088356289765,4.5186024827656235,0.2294606887258888,-28447.0,0.34054349316566934,0.22831824757288743,-28405.0,0.0003940663176100756,2,203.073994,1.511013536514838e-10,1.511013536514838e-10,0,2,0.9999999999999996,0.00730699999989716,1075,286,49.563077846704495,206.29548502757558,212.7912852254113,10.195125581395349
NDARFM006EM0,R11,ThePresent,available,508,500.0,60.0187275929084,130,0,42,E8,E25,E21,E17,False,False,False,False,495,218,0.004926566129893319,57.99794531994206,341.06663824494694,-0.0008467974598245044,0.8994939472717779,6000,0.972990641640464,1337,0.005297220155980187,5.586661959830014,0.005713441035969981,30.0,0.008218364886262496,0.0031258490020407356,43663.0,0.006780784960427081,2,203.06600600000002,4.141131881851834e-11,4.141131881851834e-11,2,2,0.9999999999999999,0.0006120000000546458,1469,65,123.75998678724302,101.78932663953516,253.75712926316896,20.61162014976174
NDARFM619GTV,R4,ThePresent,available,85,500.0,119.81346152531906,130,0,34,E8,E25,E21,E17,False,False,False,False,0,234,0.0070475921948301235,983.0724123210427,474.2312196558406,-0.00017018622102367935,0.5051059193370304,6000,0.975269515036865,1859,-0.0007948289632155848,2.835482281407157,0.019148980207193526,23753.0,0.04011290373524628,0.018059032888812377,-22363.0,0.03428413921870749,2,203.07000399999998,4.39648317751562e-11,4.39648317751562e-11,2,2,0.9999999999999999,0.00010799999997002498,1269,23,14.022889017824784,308.288493168412,132.34427011453855,1.0864775413711583
NDARFM811ZCE,R10,ThePresent,available,269,500.0,30.003174394434534,130,0,42,E8,E25,E21,E17,False,False,False,False,323,222,0.0034980768418003514,9.050809099704278,185.25185276224815,-0.004028739879785977,0.9606554511206541,6000,0.9931092448712997,727,-2.4038531980442546e-05,0.32454731711214707,0.0006445550838466169,12601.0,0.001901467024508582,0.0005360340924177865,12340.0,2.739820475157126e-05,2,203.076004,5.7065463465733046e-11,5.7065463465733046e-11,0,0,1.0000000000000002,0.010230000000028666,926,105,42.47354882499781,363.76653536295055,166.02088573312506,2.1920626349892007
NDARFN088BBV,R10,ThePresent,available,928,500.0,60.0048146887299,130,0,42,E8,E25,E21,E17,False,False,False,False,581,240,-1.0,-1.0,-1.0,-1.0,-1.0,-1,-1.0,-1,-2.521599321727223e-06,0.9532744982780423,7.771576020483318e-06,-6878.0,5.359719723297663e-06,7.729348391882131e-06,-6937.0,1.6613543801230146e-08,2,203.06599400000002,4.551914400963142e-11,4.551914400963142e-11,0,2,1.0000000000000004,0.004107999999993773,1818,101,40.487766808019536,166.80712640593444,235.1693190118415,2.607552255225523
NDARFN221WW5,R11,ThePresent,available,582,500.0,60.01865688273795,130,0,42,E8,E25,E21,E17,False,False,False,False,249,229,0.04513695394454532,1842.950975127944,835.4753303067995,-0.011712273391125858,0.8151613851323333,6000,0.8735568725132142,2794,-0.016812501239930323,4.501893927314812,0.2234493424020363,46705.0,0.23618379013589857,0.09588689137363214,-50909.0,0.010183300232808626,2,203.06600600000002,2.3314683517128287e-12,2.3314683517128287e-12,0,2,1.0,0.005987999999995518,1922,132,41.28011235802445,154.88627656717077,127.48131501586907,3.5126899063475543
NDARFN553LUV,R4,ThePresent,available,38,500.0,60.0231041963981,130,0,42,E8,E25,E21,E17,False,False,False,False,201,243,0.000591600702248377,2664.7671524036596,746.1820953011544,-3.961110447289674e-05,0.6884948916119301,6000,0.9861168887971463,1797,-4.8260194417270696e-05,2.8663320895071185,0.0011856660160163598,-42745.0,0.002348991614525936,0.0010939973009283235,42056.0,0.0016267521221570626,2,203.066,2.3314683517128287e-12,2.3314683517128287e-12,0,2,1.0,0.004192000000004668,1015,7,23.225449734328222,376.1710127057148,173.7425932860043,1.1175369458128082
NDARFN636ZYB,R9,ThePresent,available,227,500.0,30.003262999097608,130,0,42,E8,E25,E21,E17,False,False,False,False,101,238,0.009270361136214062,2845.5456361881297,162.8865707594436,-0.0038577722452603365,0.8441059186380161,6000,0.9842296314958687,473,0.000264104696938658,3.388743756906152,0.016822985574667364,17808.0,0.02751856796288178,0.014907638412866178,3474.0,0.024972555898712615,2,203.287994,4.707345624410664e-11,4.707345624410664e-11,0,0,0.9999999999999996,-0.014783999999990622,1221,119,47.38790224844181,252.27808061868438,185.4222580320121,1.7416461916461918
NDARFP503KJF,R8,ThePresent,available,80,500.0,60.02341787585192,130,0,42,E8,E25,E21,E17,False,False,False,False,444,242,5.58440605192442e-06,-1100.3180646931573,740.3039454231777,-3.339084977724847e-07,0.7756634185359317,6000,0.9085753350428745,2902,1.3499989275640494e-06,1.797988741431744,7.383485540266922e-06,-14673.0,4.366093146375153e-06,7.351228237294458e-06,-14744.0,1.584468453610474e-08,2,203.072,2.731148640577885e-11,2.731148640577885e-11,0,2,1.0000000000000002,0.005777999999973455,760,20,21.789998382334954,500.4732468928267,129.95497911636286,0.9224868421052631
NDARFP512MEK,R5,ThePresent,available,292,500.0,60.02329658126787,130,0,42,E8,E25,E21,E17,False,False,False,False,157,287,0.00329574088310611,-2276.3056464236147,739.9895900593135,-0.00024807439861317533,0.929915012760175,6000,0.9972800988019779,2175,0.000615623591631916,2.123394203709311,0.00433563280038769,-31634.0,0.0032818186965870954,0.004326089165584029,-12083.0,0.004314179821278155,2,203.076007,4.263256414560601e-11,4.263256414560601e-11,0,2,0.9999999999999999,-0.00699999999994315,1494,61,35.29576295798555,226.7962000530721,155.63923762362052,2.291352074966533
NDARFP813TL5,R8,ThePresent,available,501,500.0,60.023514148568694,130,0,42,E8,E25,E21,E17,False,False,False,False,546,229,1.3619728628171596e-05,3204.127660859698,985.6814385422853,-1.7074036564864176e-05,0.9831108064671237,6000,0.9890717450467119,1727,-2.161856619948451e-05,,,,,,,,2,203.285999,8.415490526658687e-11,8.415490526658687e-11,0,2,0.9999999999999999,-0.005270999999916657,1522,109,30.695408752510268,213.8409501488725,231.41371914909837,1.7948291721419185
NDARFP841PDJ,R9,ThePresent,available,102,500.0,30.00325424739784,130,0,42,E8,E25,E21,E17,False,False,False,False,74,216,0.026877370366995803,17.712763647827913,278.7486083764649,-0.0021486007294687064,0.8168274223025068,6000,0.9913826680716555,1093,0.02932839260436186,5.95324514212554,0.03028767026362345,23.0,0.05137361570881249,0.015210255019986817,14888.0,0.027978447092975138,2,203.285994,5.6288307348495437e-11,5.6288307348495437e-11,0,2,0.9999999999999997,0.004919000000084598,1120,46,50.681671704212405,293.83074708362597,205.05958965807136,2.358964285714286
NDARFP909LY1,R4,ThePresent,available,324,500.0,118.5281856517246,130,0,34,E8,E25,E21,E17,False,False,False,False,0,235,0.00063811834799648,1279.3105828819946,333.12299126552904,-0.0002992290546353635,0.7347999631227459,6000,0.677813444819317,1306,2.9973132362166505e-06,2.9757676165955584,0.0006201966828844672,4405.0,0.0013426532002625963,0.0006110558448824599,4179.0,1.8327703265107013e-05,2,203.069994,4.6629367034256575e-11,4.6629367034256575e-11,2,2,1.0000000000000004,0.00025000000000630524,1131,30,15.388445351260074,341.43235933572856,430.3035122295112,1.6988240495137046
NDARFR095UJK,R5,ThePresent,available,154,500.0,60.02326141089182,130,0,42,E8,E25,E21,E17,False,False,False,False,267,247,0.0013021858140266176,-99.28459568978663,299.8530225445445,0.0007618567715376137,0.2995627751232802,6000,0.9780696358814831,1175,0.002626170134633796,3.564200083254622,0.002887705048845622,-7834.0,0.0033469126911412975,0.002721564720303869,26.0,0.0028500363501173342,2,203.061994,4.696243394164412e-11,4.696243394164412e-11,0,2,1.0000000000000002,-0.003450999999991565,910,22,27.333282148146125,411.2699578654314,212.7839618795339,2.3959010989010987
NDARFR103CUN,R9,ThePresent,available,193,500.0,60.02326055395332,130,0,42,E8,E25,E21,E17,False,False,False,False,118,233,-1.0,-1.0,-1.0,-1.0,-1.0,-1,-1.0,-1,-4.099504011484357e-06,,,,,,,,2,203.06399299999998,2.7977620220553945e-11,2.7977620220553945e-11,2,2,1.0,0.0006840000000274035,788,54,24.504973165296544,464.7726743892706,138.21896291581226,1.6058756345177663
NDARFR108JNB,R2,ThePresent,available,392,500.0,119.2685734730654,130,0,34,E8,E25,E21,E17,False,False,False,False,0,240,0.0022571538389411605,-74.61014285700766,354.40621901191787,0.0020548363754415654,0.6680476327819337,6000,0.9954455580018325,1390,0.004449182701539623,2.8091633384548382,0.004596487967540997,63.0,0.0037207252064815565,0.0036623477842864065,-35476.0,0.001705339015150283,2,203.079996,5.861977570020827e-11,5.861977570020827e-11,2,2,1.0,0.00012100000006055542,1482,63,17.98348166967689,255.63444033688432,227.05289192009226,1.717085020242915
NDARFR445XKP,R9,ThePresent,available,76,500.0,30.00331860545571,130,0,42,E8,E25,E21,E17,False,False,False,False,129,242,0.00474431896561511,9.771978343957455,122.56349582814157,0.001570431009169131,0.8537643758177408,6000,0.9992318915146507,480,0.006356632287440247,3.530275396101974,0.006664863245751234,23.0,0.00927818536406764,0.0054104426693113526,-20076.0,0.007187752564327283,2,203.286001,1.0180745135812685e-10,1.0180745135812685e-10,2,2,1.0000000000000004,0.0006860000000609229,1626,27,67.11355850357822,176.85353659582003,202.45456760134127,1.6043665436654366
NDARFR601RDQ,R9,ThePresent,available,148,500.0,60.02359352739418,130,0,42,E8,E25,E21,E17,False,False,False,False,337,238,0.012418869647314146,4.787121882193378,353.41394436392164,0.0021024814138577504,0.9332268821085659,6000,0.9970282259009082,1385,0.016365289725824433,7.2958120170286485,0.016786008224960874,24.0,0.016636214830933853,0.006285527551480924,-17983.0,0.005013575758853817,2,203.285993,8.22675261247241e-11,8.22675261247241e-11,0,2,0.9999999999999997,0.006067000000108166,995,20,29.01793275774761,368.0681360886059,181.58984051105668,1.7261909547738692
NDARFR820KFF,R4,ThePresent,available,475,500.0,60.02320726410172,130,0,42,E8,E25,E21,E17,False,False,False,False,154,236,0.0021339128458920313,48.44047347876993,246.96989308527642,-0.0004607956577324693,0.7338793843975671,6000,0.9905006324363804,968,0.0019058875683890053,2.106987461113519,0.0020314019640175146,27.0,0.002987389376199954,0.0014205106162297533,-24154.0,0.0022709654290041003,2,203.063994,3.363975764614224e-11,3.363975764614224e-11,0,2,0.9999999999999996,0.003618000000010765,1194,99,29.204307574947787,277.67240286056216,262.52292446909416,3.021088777219431
NDARFR849NTP,R4,ThePresent,available,3646,500.0,60.02310548218083,130,0,42,E8,E25,E21,E17,False,False,False,False,145,227,0.003134616263251683,1343.364971438989,128.4786930568781,0.0024625890134935126,0.9336145486944658,6000,0.9976747542199221,504,0.0002792923895274869,3.6620385895322816,0.006335744891861782,-16188.0,0.009701054450230714,0.0056627844891216405,-17799.0,0.003377712694351186,2,203.076001,9.29256671611256e-11,9.29256671611256e-11,0,2,0.9999999999999997,-0.002289999999870399,66,327,348.1070658322739,101.24642001830868,777.3978108217611,56.69833333333334
NDARFR873KZX,R8,ThePresent,available,1944,500.0,60.02357396351867,130,0,42,E8,E25,E21,E17,False,False,False,False,478,221,0.009030319442138968,-20.570257458551268,390.72500111743733,-0.0004472661154624375,0.9214616461902875,6000,0.9868631470085544,1532,0.010645864626764487,8.755162453059267,0.010848507773453408,21.0,0.012231097469277731,0.004058562327142516,-18075.0,0.004454720682487683,2,203.286002,3.1530333899354446e-11,3.1530333899354446e-11,2,2,0.9999999999999997,-0.0018259999999364822,1296,312,31.98371141995525,216.81755215464418,222.5145902761309,3.3078163580246915
NDARFT176NJP,R7,ThePresent,available,211,500.0,60.01383471761111,130,0,42,E8,E25,E21,E17,False,False,False,False,233,235,0.002111593348310404,40.062983440144116,455.9871394853682,-0.0007807212810782501,0.90175267497155,6000,0.9739737459342886,1787,0.0016431227726300861,3.040159595195734,0.003958946833835796,-4597.0,0.006824700898152339,0.0038501056636058625,7560.0,0.006256724390282143,2,203.072003,4.8960835385969403e-11,4.8960835385969403e-11,0,2,1.0000000000000004,0.006134999999986827,1093,34,24.297110005810417,337.7339625659066,154.84535921320867,1.4961939615736504
NDARFT305CG1,R2,ThePresent,available,83,500.0,119.8374372559725,130,0,34,E8,E25,E21,E17,False,False,False,False,0,225,0.006175854466752881,-2.9889650559936563,169.1138046277086,-0.00046234496261970053,0.9759132042719796,6000,0.9964353143862771,663,0.0064960121303204894,15.267574203476377,0.00650806355158583,4.0,0.008133335621676296,0.0007254222640517292,10938.0,0.002022128488639782,2,203.069997,2.3092638912203256e-11,2.3092638912203256e-11,0,2,1.0,0.004106999999982326,1996,16,16.123447647410142,189.64010601188676,234.61861875480855,1.2192735470941884
NDARFT615JZ6,R7,ThePresent,available,33,500.0,119.84719995285731,130,0,34,E8,E25,E21,E17,False,False,False,False,0,233,0.0023657888342395665,-7.634767670578968,281.6981968843941,0.0004626790004834208,0.9654467608630749,6000,0.9904505125429537,1104,0.0035142814702171293,11.475056954435578,0.0035360701363981047,9.0,0.003760682594623226,0.0012758684113196046,-13059.0,0.0014315914085148913,2,203.069997,4.39648317751562e-11,4.39648317751562e-11,2,2,1.0000000000000002,0.0015619999999681759,1420,21,18.14637876549514,270.1485723746484,206.13157960805643,1.808957746478873
NDARFT698LLU,R9,ThePresent,available,57,500.0,30.00326679735206,130,0,42,E8,E25,E21,E17,False,False,False,False,83,230,0.02091247523873789,34.40153008735394,335.1380426034483,-0.0009104441839496568,0.9703916035378616,6000,0.9951808225008449,1314,0.02271251214712219,12.668208995465728,0.02340735146600593,26.0,0.02638729485432587,0.004623552062652501,14428.0,0.008848926894690724,2,203.276,4.474198789239381e-11,4.474198789239381e-11,0,2,0.9999999999999996,-0.005787000000003611,1201,30,46.82007165515495,282.63699726686883,125.54918415048694,1.2203413821815154
NDARFT787HJW,R7,ThePresent,available,5,500.0,119.5478049936205,130,0,34,E8,E25,E21,E17,False,False,False,False,0,233,0.044136197790862725,-1188.0786213703516,646.654876825083,-0.007670409858098743,0.707575206088973,6000,0.9617862542732019,2535,0.018041827765732963,3.4434176556948155,0.049893755170021724,-8277.0,0.09510632849828415,0.04798453428201678,-21803.0,0.07845826302793069,2,203.079997,3.042011087472929e-11,3.042011087472929e-11,2,2,1.0000000000000002,-3.399999999715171e-05,39,26,373.8653749174776,75.41567616910771,425.74769615914806,68.65128205128208
NDARFT964EU8,R4,ThePresent,available,120,500.0,60.02330806561481,130,0,42,E8,E25,E21,E17,False,False,False,False,123,245,0.0014764058672506774,-35.74619750463349,278.9441367094703,0.0002047330353170046,0.8473553707512836,6000,0.9887612052429763,1093,0.002001885427183913,7.139273680047856,0.002096545126439167,26.0,0.0024087372325458352,0.001560387125920394,-14829.0,0.001636491752915761,2,203.072,7.649436639667329e-11,7.649436639667329e-11,0,2,1.0000000000000004,0.004514000000038819,1212,33,29.595393941596544,298.98339860089436,149.9406937587007,2.4757260726072605
NDARFU395UBW,R5,ThePresent,available,182,500.0,118.00947021299672,130,0,34,E8,E25,E21,E17,False,False,False,False,0,240,0.0014124821304218518,-231.58431531319388,449.0420226570607,-0.0007077019139504667,0.9896488768146053,6000,0.986269531199751,1760,0.0006174719542831258,2.7092341498841557,0.0007032915618822908,-105.0,0.0017429713063278037,0.0006899071972507494,-169.0,1.210899969605753e-07,2,203.069997,9.769962616701378e-12,9.769962616701378e-12,0,2,1.0,0.0031779999999801997,1832,64,62.913276091812286,110.91996259333993,401.40778352822645,7.008788209606987
NDARFU407YL4,R7,ThePresent,available,277,500.0,111.80458557344487,130,0,34,E8,E25,E21,E17,False,False,False,False,0,230,0.002708518878564053,-1288.3233187181997,302.31859678846314,0.004220114883592537,0.9819564788416544,6000,0.9995678958625295,1185,0.004053137388956495,3.645270844502484,0.007218334732275142,-1350.0,0.007773233029454847,0.007098041554954605,30830.0,0.004149136297087003,2,203.069994,4.8405723873656825e-11,4.8405723873656825e-11,2,2,1.0000000000000004,0.00039500000001018104,0,23,,,18035.480042696203,
NDARFU444HEF,R5,ThePresent,available,764,500.0,60.023460182338034,130,0,42,E8,E25,E21,E17,False,False,False,False,283,236,0.004303386681824643,-2577.9509032325313,1269.1912289850595,-0.0036647949854054845,0.8795758736483371,6000,0.9857613939126668,2910,-0.007131175289509092,5.237296578283749,0.029478643264385495,-7622.0,0.038863353325063785,0.01526513393967577,-6890.0,0.000338044763377586,2,203.07399800000002,7.915890165577366e-11,7.915890165577366e-11,0,0,0.9999999999999996,0.008406999999955906,885,166,23.457586058740937,376.4670473160595,164.9953971345977,2.2431412429378534
NDARFV061AR5,R4,ThePresent,available,374,500.0,60.02329668994872,130,0,42,E8,E25,E21,E17,False,False,False,False,174,237,0.000778788580363257,29.14091537527713,165.4900539529651,-0.0003254684734291584,0.9542417326932016,6000,0.9943236786296289,649,0.0004471147528915572,2.1159851381988055,0.0005173957149115603,33.0,0.0011083525187234866,0.00024897843109395867,-7322.0,0.0007987053241478924,2,203.063998,4.4853010194856324e-11,4.4853010194856324e-11,0,2,0.9999999999999996,-0.004611999999966831,1458,75,28.465392026653834,240.42243060277394,167.05381487877193,1.9746090534979421
NDARFV289RKB,R11,ThePresent,available,216,500.0,60.023458866322045,130,0,42,E8,E25,E21,E17,False,False,False,False,317,229,0.013845359867321522,-3906.8164401834283,1047.1830088783643,-0.005168101306727492,0.8468544734126221,6000,0.8670618679651325,1146,0.0006524559490693154,2.3240039537443717,0.009956710400462993,40812.0,0.02514270835032028,0.0070027878827559654,40329.0,2.4075055005345902e-05,2,203.06599500000002,1.0336176359260207e-10,1.0336176359260207e-10,0,2,1.0,0.00559199999990702,1503,43,40.32727417723444,222.30560733518996,188.30378427333542,3.0123286759813706
NDARFV725DEQ,R8,ThePresent,available,370,500.0,60.01895195624429,130,0,42,E8,E25,E21,E17,False,False,False,False,647,241,1.3637948912627473e-05,-49.916725823330616,587.8176606433723,1.3106633150064797e-05,0.996150699199331,6000,0.9981660575202189,2305,2.8537292344262952e-05,7.698487380872626,2.856216472466854e-05,-6.0,2.3225313986718152e-05,2.240079398836931e-05,13560.0,1.4905431261746086e-05,2,203.285994,3.219646771412954e-11,3.219646771412954e-11,0,2,0.9999999999999997,-0.002913999999963684,1261,25,27.071286563078292,291.5228991642254,200.59190474328875,1.354385408406027
NDARFV725LGA,R8,ThePresent,available,661,500.0,60.023490974353535,130,0,42,E8,E25,E21,E17,False,False,False,False,167,230,0.0008631933111893048,12.555961106171413,220.0355616967327,-0.00032728358699893605,0.632436303230261,6000,0.9714098372303525,862,0.0005870813752258228,1.9858708628377049,0.0015242535300677245,32316.0,0.0030351508630781423,0.0015223411173773806,-14680.0,0.003248088522838362,2,203.07399999999998,1.765254609153999e-11,1.765254609153999e-11,0,2,1.0000000000000002,0.004046999999992704,896,186,39.21600595918441,286.03109552147333,197.5057388448985,12.631171875000001
NDARFV780ABD,R3,ThePresent,available,1809,500.0,119.70751734728951,130,0,34,E8,E25,E21,E17,False,False,False,False,1,240,0.002314493225116995,-20.529892528306316,159.811499166495,-0.00029179659837854635,0.7627855086795968,6000,0.9934441380674371,626,0.0020908146312539487,5.946296669570727,0.0021196762657445275,28.0,0.0028879901953610303,0.00118540183993193,3561.0,0.0015392455014185675,2,203.069995,1.3766765505351941e-11,1.3766765505351941e-11,0,2,0.9999999999999999,-0.003526999999971986,1914,309,52.22465316428333,141.2941634570684,133.91938349665517,7.165470219435736
NDARFV894LUN,R11,ThePresent,available,274,500.0,60.02345553735749,130,0,42,E8,E25,E21,E17,False,False,False,False,456,243,0.0065822956001688505,174.2713687077329,414.87537719304305,0.0006758396583498944,0.9143564525275475,6000,0.9908267442592166,1626,0.0075882348365220184,1.9931665382945927,0.008873236769615838,-30351.0,0.013710312362014865,0.008104994669044964,9978.0,0.02385577718789153,2,203.065997,3.1530333899354446e-11,3.1530333899354446e-11,0,2,1.0000000000000002,0.0061800000000059785,1529,58,30.499288686461615,225.88220244003705,168.9038255254257,2.997475474166122
NDARFW002KMK,R10,ThePresent,available,23,500.0,60.02340440450141,130,0,42,E8,E25,E21,E17,False,False,False,False,188,231,0.002041007492888992,73.20011788046305,243.98627683906457,-0.0013021494638631751,0.9734589403366589,6000,0.8279422586148414,957,0.0013908030010190242,6.170691897452073,0.0016860937219968957,31.0,0.0031426597155750696,0.0002678248836541183,9853.0,0.001757999427766208,2,203.06600500000002,3.5638159090467525e-11,3.5638159090467525e-11,0,2,0.9999999999999999,-0.00782199999995694,1244,4,27.45606330895235,299.5177472359689,129.12211975512054,2.899573954983923
NDARFW038ZNE,R7,ThePresent,available,580,500.0,60.01845191127867,130,0,42,E8,E25,E21,E17,False,False,False,False,107,229,0.0013242096199451725,28.20295703827746,276.1855270514972,-0.0008531443495534723,0.8011060141048725,6000,0.8164541087404251,1083,0.0008935847880729126,5.500204557889341,0.0062297418975744215,14077.0,0.009181550985559478,0.0035371514362008854,11375.0,0.005329073795199196,2,203.064006,1.184607967275042e-10,1.184607967275042e-10,0,2,0.9999999999999997,0.004761999999905665,923,138,25.505370221389217,369.69488042090006,151.99325179211533,2.988136511375948
NDARFW100ZXX,R8,ThePresent,available,4011,500.0,59.99961178133883,130,0,42,E8,E25,E21,E17,False,False,False,False,217,222,0.016179766102754057,286.99253502887876,738.7750241362545,-0.005597775705874546,0.8040218417240835,6000,0.8387375223467974,2896,0.010760633331512939,3.3890581725553286,0.014635467126986868,8738.0,0.027146039419916862,0.013104138663366674,9075.0,0.0005122614700173132,2,203.28600500000002,1.1146639167236572e-10,1.1146639167236572e-10,0,0,1.0000000000000002,0.00850300000008053,1032,129,85.67567557206377,114.84839899286273,1237.7679328009624,5.48656007751938
NDARFW506ZZ0,R8,ThePresent,available,644,500.0,60.01388842257679,130,0,42,E8,E25,E21,E17,False,False,False,False,255,235,0.006736405686809603,-64.06672842733693,348.4690968567482,0.0019275212669648723,0.8950052733471319,6000,0.9955826051514911,1366,0.009602888670442952,6.443641523817945,0.009840192935855127,23.0,0.013218432383896542,0.005612233651599412,-33373.0,0.008471040684187098,2,203.286002,3.241851231905457e-11,3.241851231905457e-11,0,2,1.0,0.003845999999963677,1272,65,27.414137353675372,271.96908457302857,342.1892565406807,1.3290880503144653
NDARFW578RU9,R4,ThePresent,available,468,500.0,60.023326246224855,130,0,42,E8,E25,E21,E17,False,False,False,False,114,229,0.0005303957711615649,74.97994202804135,331.07958917570795,-0.00011683868230800316,0.6745956992763764,6000,0.9818753961703451,1297,0.00048580729955860914,4.189321708956232,0.0005115238119803809,34.0,0.0007877082112547503,0.0003596745410437036,29224.0,0.0004338895286507918,2,203.064004,1.9761969838327786e-11,1.9761969838327786e-11,0,0,1.0,-0.008673999999989074,1420,143,51.98757915346859,197.97430822534662,185.12718565363406,5.278253521126761
NDARFW669WJ9,R8,ThePresent,available,459,500.0,60.01885165355348,130,0,42,E8,E25,E21,E17,False,False,False,False,380,230,0.014553747555619365,-78.44275005178505,421.3042729358128,-0.024164822054871568,0.9695572683015495,6000,0.997429791202488,1652,-0.007771635543551076,1.148795235465936,0.013266357702671778,21643.0,0.03525577804432583,0.008537853501486937,15382.0,0.029197619733005786,2,203.285998,2.3203661214665772e-11,2.3203661214665772e-11,0,2,0.9999999999999997,0.0035270000000184164,1774,9,38.90962957198194,175.55271901357423,1789.985849525808,1.6432750845546786
NDARFX020XPM,R11,ThePresent,available,113,500.0,30.003161949879647,130,0,42,E8,E25,E21,E17,False,False,False,False,70,238,0.009195455366303978,16.33344055574785,304.0272912449385,-0.000857648507229116,0.9653157134426645,6000,0.9930617718371801,1192,0.009675762104375787,6.525778358136901,0.010260343954817897,32.0,0.012037030057066574,0.005106996256103011,14984.0,0.006191127630234438,2,203.06599699999998,5.040412531798211e-11,5.040412531798211e-11,0,0,1.0,-0.014516000000043888,1120,54,53.240446537762836,287.0314293788126,187.02188786068513,2.6031874999999998
NDARFX158KKM,R11,ThePresent,available,324,500.0,30.00320580693048,130,0,42,E8,E25,E21,E17,False,False,False,False,148,223,1.3551705384609143,-3061.587905810417,892.9563989568176,-0.3348237507737035,0.7903514919061032,6000,0.9138970446922154,1689,-0.36855956143251345,3.157668240627829,1.9868653447167655,50348.0,1.5559419739938025,1.9393924434170688,50102.0,0.04861069971100784,2,203.066001,2.1760371282653068e-11,2.1760371282653068e-11,0,0,0.9999999999999999,0.015453000000043975,929,143,45.494602119759556,348.2871146394836,165.02732657204365,1.6420236813778257
NDARFX455JFY,R6,ThePresent,available,177,500.0,59.984536318007756,130,0,42,E8,E25,E21,E17,False,False,False,False,123,226,0.0016529595158087489,177.2833429613603,460.9922006698759,0.0008661816090038744,0.9057237070355713,6000,0.994845454021091,1807,0.002610087024693052,3.2911622606578232,0.0027596784321530995,74.0,0.001964887037920709,0.0023417704986263017,14119.0,0.0013205482200855702,2,203.06399499999998,7.671641100159832e-11,7.671641100159832e-11,0,2,1.0,-0.006982000000068261,1135,16,24.689224829822802,324.33895315082145,439.25106509718603,1.572704845814978
NDARFX710UZA,R6,ThePresent,available,84,500.0,60.023447361287495,130,0,42,E8,E25,E21,E17,False,False,False,False,248,222,-1.0,-1.0,-1.0,-1.0,-1.0,-1,-1.0,-1,-0.00012162364137422421,2.405228932506375,0.003895824114509723,-27617.0,0.007852426016967187,0.003788723940478579,-50567.0,0.0014546851782562672,2,203.064007,3.652633751016765e-11,3.652633751016765e-11,0,2,1.0,0.004294000000044595,870,25,23.28589220489059,426.2226960507669,289.893761274276,1.0866436781609197
NDARFY525TL2,R8,ThePresent,available,275,500.0,60.02343633881455,130,0,42,E8,E25,E21,E17,False,False,False,False,302,237,0.001925799119858225,167.69802363510735,442.101328743182,-0.0002500369790630721,0.8377224227410744,6000,0.9801108080586738,1733,0.001830387817436472,3.595265033606945,0.001931070099839242,32.0,0.002690403837519926,0.0013481338160980202,-6340.0,0.00193594074260402,2,203.06199800000002,3.9968028886505635e-11,3.9968028886505635e-11,0,2,0.9999999999999996,-0.0029579999999765857,1410,71,42.93825900271857,218.90351576519544,137.7339673692499,7.814425531914893
NDARFY623ZTE,R11,ThePresent,available,800,500.0,60.02331797029955,130,0,42,E8,E25,E21,E17,False,False,False,False,108,226,0.0030383134648717105,59.41680826012621,187.092742480878,-0.0006591068038472935,0.5060009882364456,6000,0.9878136754198756,734,0.00258192381818568,2.3868698994893567,0.002807574046323796,30.0,0.005409637051379481,0.0024946273326160976,-30249.0,0.005428425932843712,2,203.075992,9.348077867343818e-11,9.348077867343818e-11,0,2,1.0,-0.005062000000101658,1453,158,36.32537486476979,215.5572565496217,189.70179752523245,4.870874053682037
NDARFZ143BUQ,R11,ThePresent,available,275,500.0,60.02352852540299,130,0,42,E8,E25,E21,E17,False,False,False,False,125,241,0.07572145328550138,1956.8697819263884,543.7818629966571,-0.06824690401712924,0.9366897476908267,6000,0.8502093229734092,2108,-0.0753947867087498,7.3253287168841705,0.965609377565882,-8610.0,1.01927829981326,0.3443819420576145,4859.0,0.47058499318554103,2,203.06599500000002,5.440092820663267e-11,5.440092820663267e-11,2,2,1.0000000000000002,0.000655999999919344,1535,75,31.943899673050364,223.41526744375653,132.39738257713958,2.3122801302931597
NDARGA048BD8,R5,ThePresent,available,179,500.0,60.02337758662868,130,0,42,E8,E25,E21,E17,False,False,False,False,254,231,0.010580183988134352,903.7518322154302,664.5319910276341,-0.017692955554019493,0.9278116667947871,6000,0.9839132078199978,2605,-0.012421128625089789,4.154738663502801,0.04327323898065159,-45188.0,0.04671014643074599,0.01928821500780956,-18479.0,0.03846600388659297,2,203.066005,8.137934770502397e-11,8.137934770502397e-11,0,2,1.0000000000000002,-0.006547000000106229,949,32,25.36877678861401,393.60936579058114,225.9508464975336,1.402623814541623
NDARGA499CKF,R3,ThePresent,available,3067,500.0,80.5390471226463,130,0,32,E8,E25,E21,E17,False,False,False,False,0,233,-1.0,-1.0,-1.0,-1.0,-1.0,-1,-1.0,-1,-0.004335709337101334,2.333753451377413,0.01177274190796817,38688.0,0.021554710374063313,0.010407961253677657,47614.0,0.01884517314268823,2,203.070002,9.170442183403793e-11,9.170442183403793e-11,2,2,1.0000000000000002,-0.00019899999993139864,896,195,46.819132632449175,172.3338096656691,1091.9190631524662,8.913381696428571
NDARGA507DCC,R4,ThePresent,available,486,500.0,119.24804422944075,130,0,34,E8,E25,E21,E17,False,False,False,False,0,225,0.0019618427623175677,6.561454670520734,312.96215777269464,-0.0003627636725844239,0.915570023481201,6000,0.995085086405377,1226,0.0017500394210245324,6.249282556145382,0.0017532284767687043,-13.0,0.0022260803102007887,0.0008023335028450309,-6944.0,0.001256025014549301,2,203.069999,3.552713678800501e-12,3.552713678800501e-12,2,2,1.0,0.0019159999999924368,1325,53,14.502532643646944,286.4716267741167,296.1560923450978,1.5897584905660376
NDARGA589KWK,R11,ThePresent,available,79,500.0,30.003125544259202,130,0,42,E8,E25,E21,E17,False,False,False,False,44,226,0.0035056534735598086,-55.935545840955314,424.56238143,-8.793745168779014e-05,0.8406871367175094,6000,0.9962739828225615,1665,0.0038587876164513897,6.303926610180081,0.0038997776801229303,17.0,0.004327437561622874,0.001821714751583177,-44813.0,0.0017852497073813295,2,203.065999,3.008704396734174e-11,3.008704396734174e-11,0,2,0.9999999999999997,0.0035619999999971542,1111,48,45.18100236663656,296.2029984845974,367.33379631026963,1.3118451845184518
NDARGA890MKA,R11,ThePresent,available,313,500.0,30.003237940148672,130,0,42,E8,E25,E21,E17,False,False,False,False,71,218,0.004663435897802176,-1130.5679353180967,327.0379088086361,-0.0038678744116591407,0.8601466409693993,6000,0.8947266698554309,1282,-0.00032743803569163275,5.429542021004223,0.029466771297396416,-6693.0,0.0352389837612529,0.02177196966265569,-6118.0,1.5047057022713611e-05,2,203.06600600000002,1.84297022087776e-11,1.84297022087776e-11,0,2,0.9999999999999999,0.0048579999999919,1223,137,46.848287560582236,250.7027407721117,186.11548157429155,1.7237939493049876
NDARGB000CW8,R4,ThePresent,available,216,500.0,119.31887678297876,130,0,34,E8,E25,E21,E17,False,False,False,False,0,245,0.001497895511179179,239.14047509791564,366.4165508897292,0.00022805326729147515,0.9585137073875583,6000,0.9951985976511356,1437,0.0013817873620117246,6.704749129956346,0.0018852923182523895,302.0,0.002152258653422079,0.0013892446072215224,-32526.0,0.0013766678106335987,2,203.06999299999998,6.439293542825908e-11,6.439293542825908e-11,2,2,0.9999999999999999,-0.0005450000000427836,1410,24,14.811655944214307,273.1684542280902,358.5905233495663,1.2946241134751773
NDARGB060TAM,R8,ThePresent,available,209,500.0,60.023503227568106,130,0,42,E8,E25,E21,E17,False,False,False,False,208,234,0.004347167884196931,66.26147060661113,271.60115285301515,0.0001592524331384486,0.9405084256959059,6000,0.9942679837871417,1065,0.005117868425550569,12.128405550614453,0.005338059642143392,24.0,0.005926551767312993,0.0014074530519179815,19108.0,0.0022525204353023047,2,203.287999,3.4861002973229915e-11,3.4861002973229915e-11,0,2,0.9999999999999996,0.007483000000042191,1403,47,28.381586528608715,253.14506867903225,195.67676887665394,1.5310263720598716
NDARGB102NWJ,R3,ThePresent,available,836,500.0,119.81328756310545,130,0,34,E8,E25,E21,E17,False,False,False,False,0,236,0.002959086221077155,-34.805477186445586,298.5530885020718,0.00016365039649447066,0.7586266400355368,6000,0.9797924589118313,1170,0.0040896531643437395,4.716060223235324,0.004138685689393559,11.0,0.005873556065672884,0.00259483475886099,-6499.0,0.003242088968395389,2,203.069997,8.659739592076221e-12,8.659739592076221e-12,0,2,0.9999999999999999,0.004099000000017877,1620,145,25.171099884103672,222.06210462172004,118.04889692902287,3.4505
NDARGB441VVD,R1,ThePresent,available,1185,500.0,117.54790823979042,130,0,34,E8,E25,E21,E17,False,False,False,False,0,244,0.0017061296516034138,11.804615269754223,590.9266995363532,-0.0005717867676316601,0.9000263860586433,6000,0.9285292197748883,2317,0.0008894597050114005,3.262451525775405,0.001714051072126995,210.0,0.003302782787115313,0.0016022894269809049,13743.0,0.002976541247712243,2,203.07000699999998,4.1744385725905886e-11,4.1744385725905886e-11,2,2,0.9999999999999999,0.00097899999997425,1915,95,18.89215894967477,175.61900572284432,382.5853460850726,1.8081201044386424
NDARGB998HX3,R7,ThePresent,available,1246,500.0,114.70823193616447,130,0,34,E8,E25,E21,E17,False,False,False,False,0,231,0.008448864339996,-3550.4349768319958,881.3953543994568,-7.598251747863812e-06,0.4305600435654329,6000,0.9714224013155262,1178,-0.0010926941268067092,3.5180421048402395,0.018504584031733568,-27286.0,0.027590393341808548,0.013473565675123993,29291.0,0.02450116284944672,2,203.066001,2.8421709430404007e-11,2.8421709430404007e-11,2,2,1.0000000000000002,0.0013429999999995956,1274,133,23.282827516377584,255.8835849434879,409.13202828522907,4.793846153846154
NDARGC124PAW,R8,ThePresent,available,217,500.0,60.01837496796106,130,0,42,E8,E25,E21,E17,False,False,False,False,128,229,0.006266113518698356,68.07761892924525,334.1893559459482,0.0015787825102791737,0.9423044640692532,6000,0.9830752710914662,1310,0.009867883358884442,14.786096122189722,0.010619041020704125,36.0,0.011567419746356895,0.003949871193111959,705.0,1.0246727457638612e-05,2,203.286002,2.8754776337791554e-11,2.8754776337791554e-11,0,2,0.9999999999999999,-0.005476999999970591,1328,95,38.18904897734827,207.24873504432796,601.007183186474,5.016995481927711
NDARGC157LYY,R9,ThePresent,available,443,500.0,30.00332656083631,130,0,42,E8,E25,E21,E17,False,False,False,False,66,215,0.003830545345375802,707.1960567591993,644.63101410203,-0.0028914895772776446,0.9098362300876182,6000,0.6963185581173693,2527,-0.001508636102878862,2.7428389041491346,0.004416747308919534,-8070.0,0.009654460366769342,0.004156260926168676,-27840.0,0.0074805292777751515,2,203.27599700000002,1.6653345369377348e-10,1.6653345369377348e-10,0,2,1.0000000000000002,0.003959000000133737,705,97,99.61498794612334,144.31201378711512,905.439857002845,5.4643404255319155
NDARGC170UK2,R7,ThePresent,available,92,500.0,60.023373483134726,130,0,42,E8,E25,E21,E17,False,False,False,False,148,240,0.002259471729552052,75.45630879834239,335.0418631473043,0.00021578705871803022,0.6368287895244721,6000,0.9785987533218122,1314,0.0029735094633940324,4.688166945015486,0.0067195505795284,5829.0,0.010193667615029212,0.006708620974955484,5766.0,1.3238874904362985e-06,2,203.063995,2.936539900133539e-11,2.936539900133539e-11,0,0,1.0000000000000002,-0.008361000000002006,864,12,23.65941342925238,440.93287536246515,292.9531323753725,1.2119907407407406
NDARGC255BUN,R8,ThePresent,available,147,500.0,60.023405485058,130,0,42,E8,E25,E21,E17,False,False,False,False,104,237,0.0009489152583037864,29.902006805756713,442.5074285259172,-0.0001455622099943041,0.8598998911752347,6000,0.9804713265284198,1735,0.0009927830497076292,4.477303773540003,0.0010583084534182587,33.0,0.0012148414646735856,0.0004929919521363034,-45537.0,0.0005540127957947298,2,203.074007,8.926193117986259e-11,8.926193117986259e-11,2,2,1.0000000000000002,0.001285000000064518,890,30,24.20581214835975,419.5441478023336,165.49632484086337,1.729112359550562
NDARGC407NV7,R9,ThePresent,available,51,500.0,30.003283344524228,130,0,42,E8,E25,E21,E17,False,False,False,False,75,192,0.03130086171871845,1909.7246973303384,602.1851732907315,0.009006725870101826,0.9849592914195595,6000,0.9984811402730157,2270,0.01342361446753111,2.9045551192125725,0.06605261363750628,42842.0,0.08678113461743209,0.048772532424558986,3407.0,0.13887837795893238,2,203.28599599999998,9.814371537686384e-11,9.814371537686384e-11,0,2,1.0000000000000002,0.00633000000008221,940,25,45.03231449458722,376.1469734101288,135.99640435752212,1.054595744680851
NDARGC559LN8,R7,ThePresent,available,31,500.0,60.02306121912606,130,0,42,E8,E25,E21,E17,False,False,False,False,254,0,0.0024583009085271754,-2559.6564689702814,599.8500725979954,0.0008821016096553346,0.8237873318567664,6000,0.9994946390849141,1617,0.0012577719779088793,1.912447993395049,0.005943394663379308,4658.0,0.01926311095848309,0.005937598322939516,4606.0,3.224234884752382e-05,2,203.074005,7.926992395823618e-11,7.926992395823618e-11,0,2,1.0000000000000004,0.0026210000000443374,1035,14,24.93566204688775,358.71881104976615,186.7682031047377,2.829816425120773
NDARGD414HBX,R7,ThePresent,available,70,500.0,119.65397459659131,130,0,34,E8,E25,E21,E17,False,False,False,False,0,233,0.0025704827047628074,2144.4205749901953,1576.1347951484836,-0.0024328625592460644,0.9625961596618476,6000,0.9861239573535833,3944,-0.0018367982969072787,0.1276116172875754,0.00015290217223253545,2178.0,0.0006880274824135959,0.0001487181568808397,2100.0,3.084082456149506e-06,2,203.06999299999998,3.064215547965432e-11,3.064215547965432e-11,2,2,0.9999999999999998,0.00042000000006231627,1177,26,15.984697310763792,332.25733674170397,256.97641536686837,1.64661002548853
NDARGE643MYU,R9,ThePresent,available,18,500.0,30.003252497747784,130,0,42,E8,E25,E21,E17,False,False,False,False,59,212,0.023783030674498256,27.04312375770794,176.4829415050589,-0.00682730196275323,0.9604451662232835,6000,0.9869544425380034,691,0.01938833290187696,13.421778225841239,0.02112977807627685,26.0,0.03161317079219449,0.0008169050443039431,-6281.0,0.011289929958573799,2,203.275995,1.1590728377086634e-10,1.1590728377086634e-10,0,2,1.0000000000000002,-0.0033219999999105887,1246,11,47.58882572822391,271.9183374274202,136.36064091282677,2.278956661316212
NDARGE994BMX,R6,ThePresent,available,5007,500.0,60.01377705108935,130,0,42,E8,E25,E21,E17,False,False,False,False,428,225,0.0006724617120157148,39.66235580465193,97.67903720918653,-1.5140589047361144e-05,0.2935673671416043,6000,0.9932386613580908,383,0.0006226607288731634,3.491451329642244,0.0018940105881054127,47647.0,0.003222570244597366,0.001768103072681634,47221.0,0.0002695235969935859,2,203.06400100000002,1.5987211554602254e-11,1.5987211554602254e-11,0,2,0.9999999999999997,-0.006305999999996158,606,88,30.90216224140045,258.4610947215575,2432.0287326596913,3.763894389438944
NDARGF056RX6,R10,ThePresent,available,1229,500.0,59.98512581216587,130,0,42,E8,E25,E21,E17,False,False,False,False,285,231,2.4188818748543555e-06,-2580.107334137409,635.195034926354,-9.769321231567113e-06,0.9828217814632964,6000,0.9997066695563137,1665,-1.463617286992227e-05,,,,,,,,2,203.06599500000002,9.880984919163893e-11,9.880984919163893e-11,2,2,0.9999999999999999,0.0017089999999162664,1322,190,50.93926444846094,215.08855507166402,206.85327864379758,11.155408472012102
NDARGF543PM2,R5,ThePresent,available,425,500.0,119.80863488707682,130,0,34,E8,E25,E21,E17,False,False,False,False,0,241,-1.0,-1.0,-1.0,-1.0,-1.0,-1,-1.0,-1,-0.003859489586763881,2.5664877245550914,0.0026445143718379976,-3273.0,0.006747998225478188,0.002427139256965444,-3091.0,3.3231851707285313e-06,2,203.068002,6.750155989720952e-11,6.750155989720952e-11,2,2,1.0000000000000002,-0.00027599999995109407,1154,65,18.655721159270094,339.7850693518771,163.87892816420816,2.37236568457539
NDARGG058DYF,R9,ThePresent,available,77,500.0,60.02353467046952,130,0,42,E8,E25,E21,E17,False,False,False,False,192,231,0.00867486662680841,23.992691035292378,243.84236790169703,-0.00114883671301422,0.9233381616544768,6000,0.9789511471773004,955,0.009441529208704927,8.49148755239204,0.009910993745016061,24.0,0.011790724250705476,0.0021236649096699894,14970.0,0.0026972434039873143,2,203.286002,4.463096558993129e-11,4.463096558993129e-11,2,2,1.0000000000000002,0.00044100000003202987,1476,17,33.762890784432635,237.68415502367435,343.99924561902725,2.1317073170731713
NDARGG423UMK,R9,ThePresent,available,722,500.0,60.0188157635323,130,0,42,E8,E25,E21,E17,False,False,False,False,367,231,0.010675638152879368,89.8213424752767,452.57460251657227,-0.0050877705666644915,0.9617101265492818,6000,0.9471373823252517,1774,0.007665794543704534,4.203059477804202,0.008196964386642915,29.0,0.014756381096937629,0.00627863828621944,-28779.0,0.01179637624715749,2,203.28600400000002,3.3306690738754696e-11,3.3306690738754696e-11,0,2,0.9999999999999999,0.005927000000038331,1471,144,39.654062058148995,211.6802136286547,160.3611746835013,4.373358259687287
NDARGG539YGN,R4,ThePresent,available,78,500.0,60.023252574144195,130,0,42,E8,E25,E21,E17,False,False,False,False,199,241,0.002300197887571206,-269.3050028822564,617.0163046127329,-0.0002527989207145275,0.9674871931211958,6000,0.9906199037915903,2419,0.0019852649878976066,2.46238067509187,0.002652629433892512,-17641.0,0.00235319774102082,0.002618032491353838,-16798.0,9.192783090819067e-05,2,203.063997,6.417089082333405e-11,6.417089082333405e-11,0,2,1.0000000000000002,-0.003994000000100105,1219,19,27.15760462359063,301.5991316455093,202.55937809419206,1.6297785069729285
NDARGH074MU6,R4,ThePresent,available,4604,500.0,59.984574703898126,130,0,42,E8,E25,E21,E17,False,False,False,False,149,241,0.00476497841143796,2027.9296759313843,777.459982508612,-0.0011202946716167797,0.9527981275882529,6000,0.9788485173613514,2495,-4.415089239494633e-05,2.344489029022233,0.004857168070941402,44142.0,0.004919108450859418,0.004584928541275289,-25572.0,0.007284391184769744,2,203.063997,5.717648576819556e-11,5.717648576819556e-11,0,2,1.0,-0.006162000000057533,669,384,57.246070114159224,194.1947250366593,427.6469065176598,7.683497757847534
NDARGJ317VC9,R11,ThePresent,available,127,500.0,30.003147374029364,130,0,42,E8,E25,E21,E17,False,False,False,False,161,231,0.0018794887234712314,43.916859051329965,269.6220720780541,-0.0002593088966223958,0.8381589331619065,6000,0.9840330269752612,1057,0.0019601748020531893,7.201784193342943,0.0020162356060360793,20.0,0.0024262506409167125,0.00045274448875290397,826.0,0.0001541467904182768,2,203.065997,6.294964549624638e-11,6.294964549624638e-11,0,0,1.0000000000000002,0.013754000000040565,1170,29,41.93456177197327,295.87204306318387,158.60483905314766,0.7331025641025641
NDARGJ392ACY,R9,ThePresent,available,463,500.0,30.003241558272517,130,0,42,E8,E25,E21,E17,False,False,False,False,565,213,0.010334570909565901,121.00405141164157,310.30468076664914,-0.010800850027648242,0.8687086655769072,6000,0.9405010757684763,1217,0.0021577501423245956,0.8848210936856211,0.006004668568213785,23180.0,0.014583691473201977,0.005608535624889947,29743.0,0.013162505891131854,2,203.276007,8.604228440844963e-11,8.604228440844963e-11,0,2,1.0000000000000002,-0.005174999999941678,1121,118,46.94898692010033,271.71509355423166,266.3661060365917,1.5820606601248886
NDARGJ627BL2,R1,ThePresent,available,1106,500.0,115.49409871522865,130,0,34,E8,E25,E21,E17,False,False,False,False,0,225,0.002093267888606073,433.24855143163023,331.81988464837497,-0.002377369854122977,0.9856577288957131,6000,0.9664268133892676,1301,-0.001160799473746826,1.097329998232269,0.0010264304414879452,5279.0,0.004395497882800619,0.0008561522987137431,45787.0,0.0018808924339433091,2,203.077994,2.1760371282653068e-11,2.1760371282653068e-11,2,2,1.0000000000000002,0.0014389999999547122,1388,87,24.345949823631756,246.2020293801329,470.3732455744672,2.7247406340057636
NDARGJ653MG2,R9,ThePresent,available,371,500.0,30.003263783700234,130,0,42,E8,E25,E21,E17,False,False,False,False,115,219,0.00987838436126254,-104.40414296559027,288.7327378602921,0.0022903977079450784,0.5418789163723737,6000,0.991626682330108,1132,0.013647906208483065,4.905606305630105,0.022368606496853256,-31672.0,0.022454634956268718,0.01826751994796192,-18009.0,0.02046218597808703,2,203.276007,3.9190872769268026e-11,3.9190872769268026e-11,0,2,1.0000000000000004,0.004146999999977895,1186,120,49.38020666270556,253.8019496089329,207.21324619005028,1.9537099494097812
NDARGK442YHH,R7,ThePresent,available,232,500.0,60.01402974764389,130,0,42,E8,E25,E21,E17,False,False,False,False,624,242,0.004697050526420059,1856.586136024216,1071.1740014915897,-0.0024842556864073783,0.9763868448464412,6000,0.9789159166502793,3242,-0.0011751978980489523,2.1340270924356486,0.002336384458003233,-4751.0,0.007063744325273942,0.0023260855776309746,1616.0,0.005757684675364252,2,203.076002,3.430589146091734e-11,3.430589146091734e-11,0,2,0.9999999999999997,-0.007353999999959414,1073,19,31.178669784804303,338.40548531804365,296.21137260371955,2.6958713886300094
NDARGK608LJ8,R4,ThePresent,available,329,500.0,60.023346136012066,130,0,42,E8,E25,E21,E17,False,False,False,False,176,239,0.0017710072730015938,17.266163272956057,170.87407361793848,-0.0005135168141000401,0.9387351649353981,6000,0.9818481609927843,670,0.0014357379792916255,4.309889723190228,0.0016047347931864681,30.0,0.0023866256301891186,0.0005859896327266631,6823.0,0.0009713723853516183,2,203.071998,5.562217353372034e-11,5.562217353372034e-11,0,2,1.0000000000000002,-0.0028219999999744535,1197,65,28.811435562032116,293.105440067918,236.8364264773576,2.2329657477025897
NDARGK786DWR,R4,ThePresent,available,684,500.0,103.77406162847019,130,0,34,E8,E25,E21,E17,False,False,False,False,0,238,0.008514141343923282,2156.9080621593507,735.8411913504419,-0.002560505853091246,0.7863236325085688,6000,0.8812764839923545,2285,-0.005987059401063744,4.254324690007755,0.044498620437605864,44782.0,0.060072754077051344,0.029400477722575754,45305.0,0.002008585983659987,2,203.07000399999998,7.105427357601002e-11,7.105427357601002e-11,0,2,1.0000000000000002,0.003517000000055119,1349,175,112.67235134640612,113.83580980513005,734.643145632219,18.47283914010378
NDARGK981YLX,R10,ThePresent,available,625,500.0,60.0235059886688,130,0,42,E8,E25,E21,E17,False,False,False,False,329,240,0.0025725913209221104,55.03015721057119,143.5468625004026,-0.003469729687911939,0.9268021339349825,6000,0.9953812308480623,563,-0.0007788174114361719,,,,,,,,2,203.065997,2.886579864025407e-11,2.886579864025407e-11,0,2,1.0000000000000002,-0.006762000000000959,1205,141,25.025537717930142,282.7451859353951,164.83335743550876,2.017643153526971
NDARGL085RTW,R5,ThePresent,available,730,500.0,117.21040828425565,130,0,34,E8,E25,E21,E17,False,False,False,False,0,233,0.004694661551339557,608.4873403185821,790.698906036379,-0.003340086805000168,0.8974376209991871,6000,0.9167539721796002,3100,0.00026214466433104874,2.453673669649084,0.007678243337172241,21727.0,0.013788538964408688,0.007571380628830043,12251.0,0.016264894313302927,2,203.077993,1.3633538742396922e-10,1.3633538742396922e-10,2,2,1.0000000000000002,0.0008140000001017749,5,81,186.82031808259208,66.73268514390197,1125.3855913611833,91.414
NDARGL105JJ7,R4,ThePresent,available,928,500.0,60.023220858780604,130,0,42,E8,E25,E21,E17,False,False,False,False,170,225,0.0010728297097902764,-0.29606235559528543,279.92861356670034,-0.00040539043165442075,0.970720717803647,6000,0.9763843634858281,1097,0.0008508384037411072,5.342794184381493,0.0009125669250751291,27.0,0.0014264825765776948,0.0003218896208420406,9633.0,0.0007841364059748403,2,203.063994,5.6843418860808015e-11,5.6843418860808015e-11,0,2,0.9999999999999993,0.005344000000029123,1494,199,29.183206008676795,212.61263223210221,159.4021965797954,1.9902409638554217
NDARGL359WZA,R3,ThePresent,available,917,500.0,118.22530163441009,130,0,34,E8,E25,E21,E17,False,False,False,False,0,250,0.0022744960167899032,469.1422966148059,270.4082892078361,-0.002651500842006958,0.9285452762106171,6000,0.9960890605064037,1060,-0.001993897861996239,3.6389712674032952,0.00515300922836939,-8417.0,0.009018966739836723,0.0026543033836256436,5351.0,0.006959175308863559,2,203.07000299999999,3.064215547965432e-11,3.064215547965432e-11,2,2,1.0000000000000002,-0.0007500000000053507,1302,154,14.787530426313884,277.29893423408106,237.44426847846606,2.445752688172043
NDARGL586HN9,R10,ThePresent,available,758,500.0,30.003245884295378,130,0,42,E8,E25,E21,E17,False,False,False,False,112,224,1.432158641439302,-464.39200376670203,645.3202497926882,1.2054404467532638,0.9210270576304312,6000,0.9990575506329651,2530,2.475167835262806,2.578494978266304,2.7505013497933435,-45915.0,1.1904886279709506,2.708659174528913,-14253.0,1.1946008176330898,2,203.065999,2.475797344914099e-11,2.475797344914099e-11,0,0,0.9999999999999999,-0.014382000000020842,1173,218,71.54952138751281,193.27788135424035,285.1491837521817,6.898704177323103
NDARGL936KTV,R5,ThePresent,available,336,500.0,60.023304296822225,130,0,42,E8,E25,E21,E17,False,False,False,False,163,236,0.00870838755360679,-1683.1104843013848,407.77318277841385,-0.00125269889900457,0.7788141762344988,6000,0.9596951883187478,1599,0.004397774726721643,5.092908790655775,0.011211626049948315,-6475.0,0.01814293302012302,0.007910658966565412,-1564.0,0.012250383398027084,2,203.061994,1.0369483049998962e-10,1.0369483049998962e-10,2,2,1.0000000000000002,-0.0009879999999348426,1045,98,38.07081993022592,282.3718833618508,295.46379410474685,6.060047846889952
NDARGM159ZL9,R10,ThePresent,available,98,500.0,60.02342517151038,130,0,42,E8,E25,E21,E17,False,False,False,False,179,237,0.006230506681426699,24.453602473619206,187.85280536940917,0.00104037209211199,0.9684880369174758,6000,0.9987180703879911,736,0.007614285986197438,14.134063651784329,0.00800155496265685,29.0,0.00793417785217814,0.0022418552618074018,-13841.0,0.001988237338620835,2,203.076004,1.4654943925052066e-11,1.4654943925052066e-11,0,2,0.9999999999999999,-0.007729999999998699,1890,27,40.382376604614315,172.832605851534,119.71102357815718,2.4625714285714286
NDARGM240YJM,R9,ThePresent,available,732,500.0,60.0235429971418,130,0,42,E8,E25,E21,E17,False,False,False,False,129,242,0.011694040678201059,-2867.098401551591,343.5993976228566,-3.246221956261684e-05,0.7704424336115148,6000,0.9991734724493985,807,0.00429618266164306,2.910801755055724,0.014543228363239406,10849.0,0.027905539702214273,0.012322581030893284,-17060.0,0.026228544791291296,2,203.28599899999998,9.625633623500107e-11,9.625633623500107e-11,0,0,1.0000000000000002,-0.008345999999921278,1299,141,31.577348640352035,244.97140839857755,248.72766276836606,2.3193841416474212
NDARGM258RZU,R8,ThePresent,available,927,500.0,60.01441025479807,130,0,42,E8,E25,E21,E17,False,False,False,False,784,226,0.01616913923456118,44.56004524768621,299.8874446522834,0.0003410030689138786,0.9415547623099622,6000,0.9947691228958989,1176,0.018846693472989878,12.053073922616575,0.019408447586747386,25.0,0.020972187341950086,0.005926117316687539,-43413.0,0.006547632784359028,2,203.285995,7.538414337204813e-11,7.538414337204813e-11,0,2,1.0,0.003439000000065386,1368,169,32.26270297195969,232.58052090520107,194.1142545317967,2.303983918128655
NDARGM421YWQ,R8,ThePresent,available,82,500.0,60.023561020762195,130,0,42,E8,E25,E21,E17,False,False,False,False,150,229,0.01405645415952786,18.499910839148857,313.07861702008006,-0.0004381403111567936,0.9605870164150648,6000,0.9924044447231053,1228,0.015881798741949775,9.339918955030038,0.016650457223848777,30.0,0.020471253050804127,0.005883789152834442,-5474.0,0.007072041066698965,2,203.276004,1.2967404927621828e-10,1.2967404927621828e-10,0,2,1.0,-0.007955000000117307,1372,18,30.67436784777353,260.6432641986571,408.18119401862174,1.6487099125364433
NDARGM439FZD,R7,ThePresent,available,693,500.0,59.97500733449701,130,0,42,E8,E25,E21,E17,False,False,False,False,158,244,0.0009089088053011141,-2987.5433968880693,865.8793304986234,-0.0009648746674988573,0.9536204053846841,6000,0.9844487696986401,1710,-0.0001179543477827039,2.0367088058346137,0.0010788724550783782,10184.0,0.001837008508387279,0.001078713256059818,10155.0,7.204514501819859e-08,2,203.064006,4.285460875053104e-11,4.285460875053104e-11,0,2,0.9999999999999999,0.0043369999999713724,628,222,50.35198481689956,275.13157780834257,618.5875355047752,9.98656050955414
NDARGM616DJC,R7,ThePresent,available,233,500.0,60.01850706872751,130,0,42,E8,E25,E21,E17,False,False,False,False,230,232,0.806445676760918,-3403.7927393729565,2063.4492087949147,-0.7731518878317414,0.9904676278847107,6000,0.9919474872063084,3641,-0.7248351341965972,0.1310174446519152,0.05527986991580458,-4111.0,0.05712231679236153,0.0019340545624656298,-45591.0,0.0035375743640929753,2,203.06599400000002,4.7628567756419216e-11,4.7628567756419216e-11,0,2,1.0,0.0029790000000384682,761,41,23.62287391607732,481.6519619108142,167.41080887650602,1.7631931668856766
NDARGN210CK7,R8,ThePresent,available,308,500.0,60.02362635108822,130,0,42,E8,E25,E21,E17,False,False,False,False,452,241,0.0266611214135242,-615.6091919363099,827.3479772551008,0.0040074104356415206,0.8034149963544798,6000,0.9916456817884959,3243,0.02749040377023374,5.269897811219699,0.05570298145128284,14294.0,0.08776282069495285,0.032534999144516366,-692.0,0.05378202714966976,2,203.28799600000002,4.551914400963142e-11,4.551914400963142e-11,2,2,1.0,0.0006750000000340728,1252,43,29.92814443098618,283.8615623595601,216.58628923414327,1.4534504792332266
NDARGN460JU2,R11,ThePresent,available,114,500.0,60.02328530119107,130,0,42,E8,E25,E21,E17,False,False,False,False,277,224,0.002467493785161536,21.458382143911784,160.164461399674,-0.000705288602583593,0.8383592932653413,6000,0.9884436308771898,628,0.0019721900196055867,2.8155019134845576,0.002171367415735391,27.0,0.0038169223438501683,0.0015088445287498745,43757.0,0.0018735755909863267,2,203.075998,8.992806499463768e-11,8.992806499463768e-11,2,2,1.0000000000000002,-0.0013619999999339538,1368,32,27.633725592783644,265.77672227762923,125.99267811369974,1.620423976608187
NDARGN483WFH,R11,ThePresent,available,45,500.0,60.0233982522116,130,0,42,E8,E25,E21,E17,False,False,False,False,209,235,0.004239196796605652,31.234696581104302,371.03955623922235,-0.0005689841804911943,0.9634605529914496,6000,0.9836921952468998,1455,0.004639823735613161,15.440330701409806,0.004978106277698417,32.0,0.005915029753725272,0.0008474622452679095,-24197.0,0.001398143616622272,2,203.07600499999998,3.1530333899354446e-11,3.1530333899354446e-11,0,2,1.0000000000000002,-0.007599999999994014,1344,9,29.688920790035276,271.77036430786336,179.56359107818247,1.7580059523809526
NDARGP132PYA,R7,ThePresent,available,235,500.0,118.93151201044681,130,0,32,E8,E25,E21,E17,False,False,False,False,4,223,0.0018463842455997592,584.7764724346879,483.50659664214754,-0.0023160778420916414,0.8558157763871973,6000,0.9787594150070148,1895,-0.001491365624030143,0.9422430445923377,0.0014706568207240066,23736.0,0.0024645806721833915,0.0014689936116653974,23281.0,0.0001793430523308378,2,203.07000399999998,3.774758283725532e-11,3.774758283725532e-11,2,2,0.9999999999999999,0.0010599999999820872,1005,25,17.13192434614998,389.32030705060816,485.6338787228674,1.8340099502487561
NDARGP191YHN,R6,ThePresent,available,334,500.0,60.02298356175354,130,0,42,E8,E25,E21,E17,False,False,False,False,91,235,0.019981690137111673,-3357.743502799945,1130.1088406649708,-0.005503675134145661,0.8892961593965469,6000,0.9774539259334631,1858,0.002570366895015056,1.6159443217103615,0.013110829512256082,-2927.0,0.03533155018593674,0.013041697543005432,11938.0,0.02697893205890296,2,203.07399800000002,8.670841822322473e-11,8.670841822322473e-11,0,2,0.9999999999999997,0.0024599999999406117,1267,94,27.115085144386615,260.32392627237283,295.63608014788383,1.8726992896606156
NDARGP984YLN,R7,ThePresent,available,1356,500.0,106.7549243443997,130,0,34,E8,E25,E21,E17,False,False,False,False,0,246,0.002065982178703211,1087.1256320939046,454.9726539812028,-0.0007994313398413061,0.7902166327511135,6000,0.963351844063726,1783,0.0003198094703636474,1.8689564191960693,0.001284003045440768,1043.0,0.0035266186809078852,0.0011606210460191869,1261.0,4.799595992830818e-06,2,203.080001,1.2878587085651816e-11,1.2878587085651816e-11,2,2,1.0,-6.000000025736774e-06,1413,61,44.83052007982142,195.8929688776919,1361.7740050038167,4.14895966029724
NDARGR106TJB,R1,ThePresent,available,1175,500.0,119.44734231446219,130,0,34,E8,E25,E21,E17,False,False,False,False,0,226,0.002674178711832093,45.22002128760769,180.19620094083464,0.00038856918005161024,0.9733835491280197,6000,0.9981351579241042,706,0.003049648150431172,10.563809999650713,0.003349862771327627,56.0,0.003326643819350961,0.0010454386892819697,-17940.0,0.0008921298292648562,2,203.068001,4.6629367034256575e-11,4.6629367034256575e-11,2,2,1.0,0.0008710000000362942,1734,129,17.753801245375065,207.54449546199692,217.54014608705918,1.9550865051903115
NDARGR354WBH,R5,ThePresent,available,97,500.0,60.0234739625533,130,0,42,E8,E25,E21,E17,False,False,False,False,129,227,0.0009278529545546028,-29.794482087063503,382.4346864915439,-0.00020459786801050925,0.7936213686041855,6000,0.984769073498835,1499,0.0008410849044113743,3.237118775843994,0.0011409172729330021,-3803.0,0.002194694980717165,0.0010092923637301625,-3471.0,5.348076698578636e-05,2,203.073997,6.372680161348399e-11,6.372680161348399e-11,2,2,1.0000000000000002,-0.0018910000000993297,1673,12,45.69933992599472,196.51294576912017,213.81033551440547,2.7444172145845784
NDARGR358FGC,R4,ThePresent,available,126,500.0,119.57259527395088,130,0,34,E8,E25,E21,E17,False,False,False,False,0,233,0.0035178748507189027,25.585094850116405,196.60828653838183,-0.0007248098366273939,0.924051056461952,6000,0.9976892985136018,770,0.0030187534510824378,6.153381763477368,0.0030691895679684214,18.0,0.003913298515563359,0.000795102320855794,-22641.0,0.0013738792187782253,2,203.069997,4.796163466380676e-11,4.796163466380676e-11,2,2,1.0,-0.0006100000000389298,1285,27,23.011074019718595,294.22073481606583,185.68074911463552,2.398249027237354
NDARGR893PUA,R5,ThePresent,available,924,500.0,60.02345934213378,130,0,42,E8,E25,E21,E17,False,False,False,False,147,309,0.0011607200799712992,2825.9115475414997,472.48825533776625,-0.0006778961130895029,0.948711367147018,6000,0.9883374137482945,1100,-0.00040410226298159574,2.082727461904648,0.0008124680439974246,8730.0,0.0015008482793005657,0.0007947580466807425,9263.0,0.00032841474450499066,2,203.064006,2.3647750424515834e-11,2.3647750424515834e-11,0,2,0.9999999999999999,-0.0027060000000186926,1024,140,24.621449263318787,324.27619022689237,229.68998376666008,2.012509765625
NDARGT551AFK,R3,ThePresent,available,619,500.0,116.26477253074741,130,0,34,E8,E25,E21,E17,False,False,False,False,0,229,0.00041166801630578335,584.9706319853295,527.3218937712293,0.00013414401647674428,0.9428595516643833,6000,0.9978333797260782,2067,0.00039385528588074126,5.118048753966615,0.000577463180881704,614.0,0.000755516503389666,0.0004377940487807885,191.0,2.751329741090933e-06,2,203.07000599999998,1.0791367799356522e-10,1.0791367799356522e-10,2,2,1.0,-0.000554000000102525,1614,40,18.909623575189446,222.41962785161436,643.5334581191328,1.6122057001239156
NDARGT623ZBY,R11,ThePresent,available,387,500.0,60.02333930774943,130,0,42,E8,E25,E21,E17,False,False,False,False,249,232,0.00405092538427415,-2769.7802953586083,748.5581329926027,-0.002075522358127832,0.8679232539716656,6000,0.9883551813815266,1698,-0.001208807950959351,3.599158915261287,0.007558956176416125,10471.0,0.014120029567607486,0.005611026184979946,-4970.0,0.008560484841906633,2,203.066001,1.197930643570544e-10,1.197930643570544e-10,0,2,1.0000000000000009,-0.005025999999960368,1523,86,36.71317878178988,217.73344104590478,167.3780781440265,4.641700590938936
NDARGT634DUJ,R7,ThePresent,available,55,500.0,60.02338095468412,130,0,42,E8,E25,E21,E17,False,False,False,False,171,99,0.007667920902298733,-2574.699528695392,751.6756253523349,-0.0003720712013027775,0.7374765286333197,6000,0.9715950123980466,1899,-0.003440686187421548,4.497467074251462,0.031995307599129795,39471.0,0.0447568677113892,0.03068936881342776,38914.0,0.0027888769740972708,2,203.072001,4.829470157119431e-11,4.829470157119431e-11,0,2,1.0000000000000002,0.003605000000010912,1593,20,37.6610005788968,208.38923219018713,146.60806661448765,3.7149340866290017
NDARGU067HT7,R8,ThePresent,available,397,500.0,60.02352438860941,130,0,42,E8,E25,E21,E17,False,False,False,False,236,219,0.005780065771327254,2485.4290909640195,848.5546273622816,-0.004165046181512063,0.7807838758242777,6000,0.9904031607935759,2177,-0.005292428622544413,0.988690107957932,0.0018381135299681086,12566.0,0.00401607048287757,0.0018357387581094643,12268.0,0.00010380248275587397,2,203.286002,6.505906924303417e-11,6.505906924303417e-11,0,2,0.9999999999999999,-0.007376000000044702,1616,95,46.8579637291194,178.4532074808133,262.36000641261467,6.390111386138614
NDARGU126KC2,R9,ThePresent,available,83,500.0,30.0032993083264,130,0,42,E8,E25,E21,E17,False,False,False,False,121,208,0.01468390432949677,-0.36459997068185657,264.46693877937776,0.0009236774485928867,0.7768983269771162,6000,0.9975672763976849,1036,0.017190064164951446,4.743240798524744,0.017645776648522453,22.0,0.027739105536382563,0.008028969136667112,12937.0,0.01618889733760865,2,203.275998,5.46229728115577e-11,5.46229728115577e-11,0,2,0.9999999999999997,0.0023739999999764856,1210,72,53.88054921291899,252.1615090673829,298.1291478000487,3.6151074380165293
NDARGU271CPG,R7,ThePresent,available,513,500.0,112.42249107462467,130,0,34,E8,E25,E21,E17,False,False,False,False,0,248,0.022317338305279412,-2006.3573325573445,947.6844568224363,0.002032359677739079,0.9913115621250427,6000,0.9960273215175255,2852,0.0021917213898763038,3.218172077887609,0.036493090285760685,-21407.0,0.04563762130044677,0.03256421144567718,-9573.0,0.026416471831576367,2,203.07,3.730349362740526e-11,3.730349362740526e-11,2,2,0.9999999999999998,0.0018019999999840523,1122,54,20.506749303102474,304.8832730156239,876.0900924519171,3.1834402852049912
NDARGU395RFP,R4,ThePresent,available,799,500.0,60.02329601339111,130,0,42,E8,E25,E21,E17,False,False,False,False,245,233,0.581460374847725,438.6047248233288,498.7953997379948,-0.2443581968206654,0.7451863425949949,6000,0.8443381434169877,1956,0.10164606383239383,3.1295121423674557,1.158940653422215,16748.0,1.846618456920498,1.0655851200694386,25325.0,1.7177005097078764,2,203.06400599999998,6.88338275267597e-11,6.88338275267597e-11,0,2,1.0000000000000002,-0.0025059999999477254,991,193,28.345638419322537,334.6026286632668,147.6135555534152,3.666478304742684
NDARGU829GZ4,R8,ThePresent,available,404,500.0,60.01876032180652,130,0,42,E8,E25,E21,E17,False,False,False,False,269,218,0.005427640089673159,92.44282091446581,464.4833791964873,-0.0012326878561049496,0.9479929536669202,6000,0.9647433314626745,1820,0.00567209020416483,6.780424471582582,0.005983433227396895,27.0,0.008082986592604816,0.0020461729618197586,-12183.0,0.0036680016942712895,2,203.275996,1.0469403122215226e-10,1.0469403122215226e-10,2,2,0.9999999999999999,-0.0011899999998756733,1278,53,39.330782563509224,246.32854001744542,523.7043176834953,3.753419405320814
NDARGV263ZRY,R8,ThePresent,available,1543,500.0,59.96646856288763,130,0,42,E8,E25,E21,E17,False,False,False,False,290,222,0.005023073980199084,30.34968233808596,257.4292536711899,-0.0004983365785386546,0.9289131485041978,6000,0.9794786888884798,1009,0.0049868992017924225,14.54292496265019,0.005670255958967305,61.0,0.007096128475641094,0.0011171834613390272,15589.0,0.002160094526358283,2,203.276002,4.851674617611934e-11,4.851674617611934e-11,0,2,1.0000000000000002,0.002787999999931282,1348,99,35.917127311361,219.0512244984369,502.4726674883137,2.571847181008902
NDARGV436PFT,R6,ThePresent,available,140,500.0,60.02331082725409,130,0,42,E8,E25,E21,E17,False,False,False,False,147,243,-1.0,-1.0,-1.0,-1.0,-1.0,-1,-1.0,-1,0.00033232841233642765,2.722542492166895,0.001435878670956898,-14922.0,0.002611594454486693,0.0012563434745331184,-3611.0,0.002333593720502521,2,203.07599299999998,2.0539125955565396e-11,2.0539125955565396e-11,0,2,1.0,-0.002957000000012827,1397,24,29.5644943123365,258.20583034009326,122.8687689274361,2.0175232641374374
NDARGV455JV1,R9,ThePresent,available,168,500.0,30.003226754856865,130,0,42,E8,E25,E21,E17,False,False,False,False,94,209,0.005867309082566804,113.37139895827877,124.1742091772623,-0.0006101073461098142,0.5265371567441187,6000,0.9753045615821923,487,0.004475240512625361,4.741913029592231,0.012812045649730179,5534.0,0.017307942027756748,0.012251305124373064,5640.0,5.737791870667232e-05,2,203.275999,5.828670879282072e-11,5.828670879282072e-11,0,0,1.0,0.013393999999940216,1450,75,54.31780256006781,205.87157470313628,285.7553000604924,2.2288206896551723
NDARGV948BFZ,R5,ThePresent,available,255,500.0,60.023335784506564,130,0,42,E8,E25,E21,E17,False,False,False,False,223,227,0.005705646725161001,-3430.8545358410515,1558.8699233310872,-0.00470015823014517,0.9610771363198505,6000,0.9765729483033331,2625,-0.005005891460754096,0.4516513500376123,0.0011550510265104163,-15825.0,0.001996457789369017,0.0011107782402430938,-3559.0,0.009498591951697583,2,203.074007,6.417089082333405e-11,6.417089082333405e-11,2,2,1.0000000000000002,0.0005660000000427715,1434,36,26.222354096307054,249.53529877568064,225.8391990490259,1.5297489539748952
NDARGW180RV4,R9,ThePresent,available,98,500.0,30.00332333738939,130,0,42,E8,E25,E21,E17,False,False,False,False,79,217,1.6142091019265585,1026.8365910995233,486.1385735476346,-0.05377917589105781,0.886873114369721,6000,0.9958272364744749,1905,0.6153772002921601,3.136451089199279,2.256252008714461,23902.0,2.366736919270817,1.9601493065779685,10165.0,3.6361277039601516,2,203.275998,8.237854842718662e-11,8.237854842718662e-11,0,0,0.9999999999999997,0.01079399999994934,1375,44,49.742395295068214,231.1671687580269,306.04342462128386,1.6555636363636361
NDARGW249GEJ,R7,ThePresent,available,421,500.0,117.96985928400797,130,0,34,E8,E25,E21,E17,False,False,False,False,0,240,0.0021804413247135564,516.4681625253833,268.1766336991025,-0.0008680684707250672,0.9084600796237859,6000,0.9656968033239022,1052,-0.0008386203017017444,5.567022677995286,0.0012322531002183937,417.0,0.002331430542029553,0.00022985914526515243,-1034.0,0.0016828909880427128,2,203.070007,7.860379014346108e-11,7.860379014346108e-11,2,2,1.0,-0.00032599999992796193,1708,102,46.10710024681745,188.04339025121246,276.5455004286181,5.93211943793911
NDARGW888PAL,R10,ThePresent,available,3717,500.0,60.01852576980013,130,0,42,E8,E25,E21,E17,False,False,False,False,163,219,0.021412428357114665,-2699.717972635124,643.7542122485575,-0.010813528034629628,0.9733416354799196,6000,0.9944938538850889,1563,-0.01246463870398041,4.159501703759612,0.03313177965120165,-16288.0,0.043600978623760146,0.02238913229050447,8190.0,0.048030835012868554,2,203.065997,2.7755575615628914e-11,2.7755575615628914e-11,0,2,0.9999999999999997,0.0024800000000275903,1118,492,47.361874316862455,155.99852551489053,273.03990928057124,10.333434704830053
NDARGX001CB1,R1,ThePresent,available,690,500.0,118.93762618358058,130,0,34,E8,E25,E21,E17,False,False,False,False,0,246,0.00047870417775057613,-2189.870793714495,586.581074032167,-0.00011619131432042582,0.6929039587393904,6000,0.9391106574113364,1960,0.00022820779878018142,2.76434405402422,0.0003827137088426709,-2310.0,0.0008099727650916328,0.00034445298193407396,-2463.0,7.854699063353384e-06,2,203.069998,2.9753977059954195e-11,2.9753977059954195e-11,0,2,1.0000000000000002,0.0027709999999396976,1562,108,40.394350243620366,174.86473021085203,381.81530583472596,5.230825864276569
NDARGX161LRM,R9,ThePresent,available,130,500.0,60.023480692038916,130,0,42,E8,E25,E21,E17,False,False,False,False,170,239,0.0045401325741812595,31.19299775895181,275.37753462609055,-0.0007111786720047821,0.9689349311019159,6000,0.9856459216843186,1079,0.004706110453418863,15.985076002565224,0.004969325821037274,25.0,0.006249264806190978,0.0006173296147832648,10645.0,0.001875363951754592,2,203.275993,2.90878432451791e-11,2.90878432451791e-11,2,2,1.0,-0.001492999999970281,1600,41,59.97950332346111,166.94510850332338,178.79541063709306,10.87270625
NDARGX173AC3,R3,ThePresent,available,851,500.0,119.87612581838036,130,0,34,E8,E25,E21,E17,False,False,False,False,0,244,0.0017757939480581254,11.358768426855903,330.9640883682402,0.00020263012248933953,0.8709742761024092,6000,0.9815583930795043,1298,0.0025736568212196146,9.878503871016195,0.0025738756947598623,-1.0,0.0027674876195331426,0.0009016551387293328,-23564.0,0.0008888627959529076,2,203.067996,8.038014698286133e-11,8.038014698286133e-11,0,2,1.0000000000000004,0.0026100000000454475,1408,156,17.825939770564332,271.3846859513181,132.50014434718247,2.804254261363636
NDARGX443CEU,R4,ThePresent,available,148,500.0,60.023275922471086,130,0,42,E8,E25,E21,E17,False,False,False,False,221,235,0.019840879996021247,-666.3980165781169,950.4690635077361,-0.00659191717722999,0.7576044064066464,6000,0.8393793169787155,3726,0.009241933201342343,3.7456567014954163,0.013503134033155773,-723.0,0.016895198323474966,0.011569884720328197,-23213.0,0.013030430632895159,2,203.061994,4.929390229335695e-11,4.929390229335695e-11,0,2,1.0000000000000002,-0.005625999999986972,1906,15,46.25683775563237,162.38757105275744,469.81461380841574,2.89102833158447
NDARGX760NYV,R5,ThePresent,available,824,500.0,60.02334996946694,130,0,42,E8,E25,E21,E17,False,False,False,False,139,245,0.0008536115373724844,-3157.0170691277553,734.8887044811556,-0.0003492110944379558,0.9053553623286584,6000,0.9927020305005615,1284,-0.00027377606234895737,2.1441200350440774,0.0009475765550225968,-4620.0,0.0015039751835261455,0.0008342152557634113,-20353.0,0.0012182196973183719,2,203.076005,2.0872192862952943e-11,2.0872192862952943e-11,0,2,0.9999999999999997,-0.005338999999957685,1361,159,36.93232232844409,225.8435193609239,189.12753313372062,3.509500367376929
NDARGY542TJ5,R5,ThePresent,available,1541,500.0,59.984553408315016,130,0,42,E8,E25,E21,E17,False,False,False,False,137,239,0.0036408141102747885,-240.38484742155748,326.1574029715427,-2.6973451947313118e-05,0.449947259347116,6000,0.9644834360559631,1278,0.0036271189950179495,5.3427160055270315,0.014983569125874415,40666.0,0.02043193365488729,0.005538201677018768,-28556.0,0.009854598357962955,2,203.071995,6.084022174945858e-11,6.084022174945858e-11,0,2,1.0000000000000002,-0.004593999999963762,738,53,28.129745190949208,426.40827194842774,1042.6930542070634,4.011124661246613
NDARGY559UL3,R9,ThePresent,available,94,500.0,60.02342491230928,130,0,42,E8,E25,E21,E17,False,False,False,False,187,244,0.0022407292527232294,7.974323724378871,217.38822310529517,0.00014852068403601592,0.5789774348987262,6000,0.9967920050701143,853,0.002552975454824809,3.2382334296104314,0.0027054922876584096,32.0,0.0026674237282175777,0.0009531639969644111,-23295.0,0.0006102451094469947,2,203.064002,2.2093438190040615e-11,2.2093438190040615e-11,0,0,1.0,-0.00838000000001573,798,24,23.69599921569991,474.33206780656263,129.11515449326282,1.330964912280702
NDARGY580WWL,R4,ThePresent,available,1218,500.0,60.023257974585114,130,0,42,E8,E25,E21,E17,False,False,False,False,180,279,0.0017265793009209392,-100.77360108231635,344.8147497252667,0.003158518960938076,0.9022856815416563,6000,0.9986044759248955,1352,0.005020604704764147,2.8713658930357644,0.005091589011745189,39.0,0.002798924365805631,0.00484773123125704,-14715.0,0.0019893093303206214,2,203.065996,3.708144902248023e-11,3.708144902248023e-11,2,2,1.0,0.0006860000000172796,1367,293,35.83953392825098,214.8354836158371,146.91240168292526,5.085157278712509
NDARGY639ANB,R9,ThePresent,available,126,500.0,30.003319339939306,130,0,42,E8,E25,E21,E17,False,False,False,False,90,204,0.007479862311868195,26.659126048745083,155.73322664043306,-0.0014181488715178437,0.870970653074961,6000,0.9983280314110364,610,0.0063144042940704555,3.5627117936143335,0.006610987938942735,21.0,0.012413508593710803,0.006189081026206578,8302.0,0.010068004883252298,2,203.285995,3.552713678800501e-12,3.552713678800501e-12,0,0,1.0,0.011655999999993064,1449,54,49.0189823761413,217.26295402721206,199.36850707332994,1.6282539682539683
NDARGY653XW3,R11,ThePresent,available,346,500.0,60.02340787536911,130,0,42,E8,E25,E21,E17,False,False,False,False,183,239,0.004521471694215209,74.60972282033512,308.0449139240036,0.0034730835726019256,0.8935591893414984,6000,0.9957400389824931,1208,0.008931477882067157,3.7408715216182844,0.009150781939590772,26.0,0.012270813693045852,0.006933344900227548,-20335.0,0.005980394212985887,2,203.066,8.393286066166183e-11,8.393286066166183e-11,0,2,1.0,0.007097999999917425,1397,77,33.61933752859998,240.88284248388132,213.12393553135084,3.3989477451682175
NDARGY959RN8,R7,ThePresent,available,554,500.0,119.77021948696313,130,0,34,E8,E25,E21,E17,False,False,False,False,0,250,0.0047132954143992755,-2.54191951144964,513.6355869102293,-0.0007522690755725365,0.7003198066582418,6000,0.9809955676187916,2014,0.0040727749567495775,2.6552401982398277,0.004194986084979392,-5404.0,0.006548939333539737,0.004117762883478186,38.0,0.00533829326048129,2,203.067997,1.509903313490213e-11,1.509903313490213e-11,2,2,0.9999999999999999,0.0008230000000023883,61,116,22.842981934229602,133.3646487749291,2854.8871730287324,10.071147540983604
NDARGZ207NNA,R5,ThePresent,available,740,500.0,59.98976288970394,130,0,42,E8,E25,E21,E17,False,False,False,False,212,235,0.007562936520905826,2567.1157523940674,534.0716621432773,-0.0030452872208030857,0.751460318058811,6000,0.9335926672198984,1479,-0.004535382131940349,4.413947501506202,0.011239574766308002,18664.0,0.01252180400345848,0.006542579483671874,2366.0,0.013407941581447575,2,203.072002,9.114931032172535e-11,9.114931032172535e-11,0,2,1.0000000000000009,0.007635999999987219,1158,246,54.81738604391546,189.81831889853862,216.3016786815541,10.926873920552678
NDARGZ282DLD,R4,ThePresent,available,2570,500.0,46.93734634265098,130,0,34,E8,E25,E21,E17,False,False,False,False,0,241,-1.0,-1.0,-1.0,-1.0,-1.0,-1,-1.0,-1,-0.0006303548077556635,1.441726475703691,0.0004497395255900392,-13737.0,0.0008882790042749353,0.00040133485660427497,-14942.0,0.00010982184507064803,2,203.07,6.306066779870889e-11,6.306066779870889e-11,2,2,0.9999999999999999,0.00028399999996037715,322,47,74.51084511133443,167.19615646482728,7097.116030457714,24.51046583850932
NDARGZ361JJ9,R5,ThePresent,available,301,500.0,118.85263681697995,130,0,34,E8,E25,E21,E17,False,False,False,False,0,249,0.0022180281766026534,-1884.5141137949092,826.3159058907225,-0.001454269896189442,0.8245376882900229,6000,0.8268991706350951,2736,0.0007869384481545552,1.9049413308377148,0.0029350076119152527,-24438.0,0.004846831495199261,0.002895709167167956,-24347.0,1.1146553735015378e-06,2,203.063997,3.241851231905457e-11,3.241851231905457e-11,2,2,1.0000000000000002,0.00041599999999105124,1405,54,17.05228405439843,262.89041991724343,358.020423193725,1.9528398576512453
NDARHB233MT2,R10,ThePresent,available,60,500.0,30.00321320658527,130,0,42,E8,E25,E21,E17,False,False,False,False,43,223,0.00710662469113633,11.716432821463593,221.95987954390057,-0.0030376817058554886,0.9304242961223814,6000,0.966343418500549,870,0.00532313281178141,2.9651311921395873,0.005707005650876799,23.0,0.009529787549687113,0.002113882989178321,12875.0,0.0032199427934583623,2,203.06599699999998,2.2870594307278225e-11,2.2870594307278225e-11,2,2,1.0,-0.0004010000000172488,1085,25,42.209134035212635,324.90898514149666,181.31769979235747,0.9728018433179724
NDARHB261JMG,R9,ThePresent,available,99,500.0,30.00330433742471,130,0,42,E8,E25,E21,E17,False,False,False,False,52,233,0.03195382544115014,-1071.852939344469,798.5531340734688,0.0011453595187495842,0.8467627717169562,6000,0.9835684413879366,3131,0.017964491735952468,3.065202798105871,0.054463211033803416,30691.0,0.0743075828069285,0.04524819573061811,5121.0,0.0892516489165904,2,203.28799500000002,3.042011087472929e-11,3.042011087472929e-11,0,0,1.0000000000000002,-0.009735000000004176,1335,77,52.656274343032536,229.03887381085207,162.75918124572382,2.2071985018726594
NDARHB988MYK,R11,ThePresent,available,1777,500.0,60.01857924072737,130,0,42,E8,E25,E21,E17,False,False,False,False,296,234,-1.0,-1.0,-1.0,-1.0,-1.0,-1,-1.0,-1,-0.01974511911595005,2.9556761718912288,0.07219653767896997,-6847.0,0.12113975310344796,0.07121064262796326,-6787.0,0.0001257340723913869,2,203.075999,3.019806626980426e-11,3.019806626980426e-11,0,2,1.0000000000000002,0.007822999999939625,1000,314,115.42895778518864,109.51389691747205,212.7163234554232,31.33278
NDARHC453LC1,R5,ThePresent,available,642,500.0,60.018672518323356,130,0,42,E8,E25,E21,E17,False,False,False,False,323,240,0.013364001656280043,2974.5744570849793,115.4879878906223,-0.014113453496026758,0.8203546827185177,6000,0.9954380728016192,251,-0.0048090326350814965,3.5349140366244627,0.033628442545258985,4920.0,0.03951728055406099,0.012523774347198582,-49540.0,0.035743847676553586,2,203.073993,3.352873534367973e-11,3.352873534367973e-11,0,2,1.0000000000000002,-0.00499800000003893,1119,83,26.398380091605635,318.334124494994,192.48738486229678,1.9525737265415548
NDARHC462NGR,R3,ThePresent,available,159,500.0,119.14420105777884,130,0,34,E8,E25,E21,E17,False,False,False,False,0,249,0.001307567075254412,274.5356569105134,235.21278076574512,-0.0004374480753767544,0.9418833088880963,6000,0.9883537961801546,922,0.00031304778814835815,2.499799522043494,0.0008265866465235884,289.0,0.0014054936671339356,0.0007600433882347981,27538.0,0.001139383464196877,2,203.06999299999998,6.616929226765933e-11,6.616929226765933e-11,0,2,1.0000000000000004,-0.003518000000105926,1754,56,30.250013295714634,201.43270660925378,284.00768004229053,3.036049030786773
NDARHC661KGK,R7,ThePresent,available,409,500.0,119.59179533019673,130,0,34,E8,E25,E21,E17,False,False,False,False,0,232,0.021665610043630417,2801.228120146897,575.8617812793439,-0.0034972364270526826,0.9152840623308544,6000,0.9987727475842657,1327,-0.001429451947126107,5.043955557392959,0.02748645126132206,3710.0,0.03660184520136789,0.018594217519297334,2727.0,0.0015717546750906239,2,203.077999,3.108624468950438e-11,3.108624468950438e-11,0,2,1.0000000000000002,0.0022729999999653774,1060,73,18.117544203189688,367.6086604045589,197.90748196063518,2.323169811320754
NDARHC814ZZL,R7,ThePresent,available,228,500.0,119.81786403762612,130,0,34,E8,E25,E21,E17,False,False,False,False,0,247,0.0,-3000.0,266.6666666666667,0.0,,6000,,523,0.0,,,,,,,,2,203.066002,3.042011087472929e-11,3.042011087472929e-11,2,2,0.9999999999999998,0.001336999999997057,1968,48,15.990991548319972,188.9965959456095,205.92859705619748,1.7428455284552846
NDARHD079LCL,R10,ThePresent,available,375,500.0,60.02355711468336,130,0,42,E8,E25,E21,E17,False,False,False,False,198,243,0.007206359054354802,-2349.2860324669455,1256.9565646338108,-0.0027139548099335753,0.9821197999972557,6000,0.9892400173266003,3115,0.00034126635436561087,2.866640505633641,0.006104106643930817,-15405.0,0.010787639301290782,0.0060895650143324995,-15307.0,5.1380012767148625e-06,2,203.07600200000002,2.7533531010703882e-11,2.7533531010703882e-11,0,2,0.9999999999999999,-0.007120000000026533,1484,78,43.1464814888571,217.26102517990526,165.11485976072228,4.479797843665769
NDARHD276TYX,R8,ThePresent,available,444,500.0,60.02355151391755,130,0,42,E8,E25,E21,E17,False,False,False,False,232,224,0.010134279336780782,8.728069316995883,583.4530050618293,0.005149418664185547,0.934824948878627,6000,0.9962699448909687,2287,0.01696509261243626,3.761183379597566,0.017197311497721145,24.0,0.03184882548831394,0.017041981395202188,10387.0,0.024391809935916976,2,203.286004,5.917488721252084e-11,5.917488721252084e-11,0,2,1.0,-0.002579999999938612,1326,82,53.13487217056761,218.32117362755622,239.74620723215506,4.441674208144796
NDARHD507TEF,R3,ThePresent,available,280,500.0,119.616041418161,130,0,34,E8,E25,E21,E17,False,False,False,False,0,236,0.0019838349567567254,73.01678365164776,162.58701852150213,-0.00015133368083221775,0.683163945105463,6000,0.9958553432391429,637,0.0015228933448770885,3.984157063066062,0.0018657520845856124,92.0,0.0022339194182570774,0.001063437941566199,-16265.0,0.0012137265392598894,2,203.070007,2.9753977059954195e-11,2.9753977059954195e-11,2,2,1.0,0.0001640000000313596,1429,51,16.79869301821912,266.5816091736303,273.80191769515716,1.9034499650104966
NDARHD546PDX,R9,ThePresent,available,1318,500.0,60.01876864204333,130,0,42,E8,E25,E21,E17,False,False,False,False,223,225,0.021763560113593358,-20.501001230859256,266.8897342654744,0.001063536156577736,0.6459957322934157,6000,0.986122155531106,1046,0.028395649788311897,3.078100151721027,0.042200020056238775,15227.0,0.07583224690466481,0.0326659235756322,41402.0,0.04863248499093744,2,203.276005,3.0531133177191805e-11,3.0531133177191805e-11,2,2,1.0,-0.0017429999999673798,1400,187,46.31695248692745,174.7490405309202,303.27909425098494,7.6905857142857155
NDARHD931FNA,R5,ThePresent,available,53,500.0,60.023395946785875,130,0,42,E8,E25,E21,E17,False,False,False,False,182,231,0.0012753545262628452,-1387.3936354066623,648.5492904845951,-0.0005965117479633595,0.8520355452754457,6000,0.8757409430906359,2542,0.00039390866975521407,2.6562312317638233,0.0013872072395197611,50882.0,2.462123942505428e-05,0.0012988229822577023,6567.0,0.002015298375761418,2,203.06599400000002,4.596323321948148e-11,4.596323321948148e-11,0,2,1.0,0.004227000000034994,951,14,26.55864314093971,396.1330269085789,147.56262953306685,2.0337960042060987
NDARHE199NGL,R4,ThePresent,available,668,500.0,60.02336438350886,130,0,42,E8,E25,E21,E17,False,False,False,False,160,225,0.005689156916131612,2859.783261359084,257.7294965581837,0.002908420898707462,0.8913202694657893,6000,0.9986372426048779,645,0.00798712730066429,6.303386180378015,0.02215423221718333,14478.0,0.023620934412078274,0.016853685650813688,13797.0,0.000806273093406553,2,203.066004,8.837375276016246e-11,8.837375276016246e-11,0,2,0.9999999999999999,-0.007300999999908233,898,130,24.805838541051667,370.7983560391375,182.36632529497973,2.328285077951002
NDARHE283KZN,R7,ThePresent,available,212,500.0,60.023428247852344,130,0,42,E8,E25,E21,E17,False,False,False,False,215,224,0.0030553671178550953,461.74046926744035,594.5515801831014,-0.0010670568794373786,0.6541546192399174,6000,0.9645350432956503,2331,0.001391070723738527,2.7834632414890956,0.003058576464754437,5283.0,0.008304957137819617,0.002807381158960933,6183.0,6.763445182538918e-05,2,203.071993,1.865174681370263e-11,1.865174681370263e-11,2,2,1.0000000000000002,-0.000524000000037468,653,48,22.170909874763503,553.9217254443164,177.01532696981417,1.39312404287902
NDARHE896MYM,R9,ThePresent,available,137,500.0,30.00325183790997,130,0,42,E8,E25,E21,E17,False,False,False,False,89,229,0.0184284919797356,3470.618274230897,800.2629235331434,-0.0013058567760002317,0.6209666587989006,6000,0.9972364546898815,1097,-0.00012582177138232995,2.5911778216812507,0.02521985197194869,15563.0,0.04891808641841769,0.021579451203521574,9884.0,0.03157647977277647,2,203.275997,1.2922996006636822e-10,1.2922996006636822e-10,0,0,0.9999999999999996,-0.00956000000008726,941,49,45.09146781955447,359.983834726487,306.78049816108677,1.400903294367694
NDARHE899FJV,R5,ThePresent,available,460,500.0,119.65465873559236,130,0,34,E8,E25,E21,E17,False,False,False,False,0,225,0.0026226983310394243,-0.3282680322445754,343.7046883565426,-0.0006051180858632838,0.949025879081729,6000,0.99571919777244,1347,0.0021052547143247083,7.318500879393229,0.002233314483816241,64.0,0.003441308284294709,0.00030774100228577307,-12698.0,0.0013966546725518885,2,203.07000399999998,4.1744385725905886e-11,4.1744385725905886e-11,2,2,0.9999999999999999,-0.0002750000000257772,1261,77,25.655329034860717,295.34022823625287,189.25986408106172,2.857470261697066
NDARHF039WDC,R11,ThePresent,available,512,500.0,60.02321507232814,130,0,42,E8,E25,E21,E17,False,False,False,False,275,237,0.04686200100894635,2739.435782144516,700.222783880418,-0.026159102068122237,0.8206447701945089,6000,0.8871163951801275,1633,-0.008870644349080718,3.6397669074259738,0.11185321516048798,-29486.0,0.19529506154522708,0.05581593793932331,22142.0,0.11580525295188979,2,203.075995,2.020605904817785e-11,2.020605904817785e-11,0,2,0.9999999999999997,-0.0034319999999874663,1329,126,29.673509223020396,258.6908568491229,152.85436657415403,3.3605417607223473
NDARHF081GX4,R9,ThePresent,available,42,500.0,30.00321124523427,130,0,42,E8,E25,E21,E17,False,False,False,False,116,213,0.02369310445462199,1688.1369150786513,662.7910661843914,0.0023930411461380568,0.868883362671732,6000,0.9972402856163588,2598,0.00019111915352075363,3.5324710004829996,0.027181311531707424,1529.0,0.04112029326270444,0.023854063165385724,2028.0,0.0011120634984188513,2,203.286004,8.08242361927114e-11,8.08242361927114e-11,0,0,1.0000000000000002,-0.008687000000105038,1067,19,45.075943787439506,321.26672992321255,114.02934251853611,1.23116213683224
NDARHF150FDY,R3,ThePresent,available,984,500.0,117.96330609931134,130,0,34,E8,E25,E21,E17,False,False,False,False,0,247,0.0020274008710573707,323.99237558950495,402.66771101612665,0.00030485953894658413,0.9187392411158694,6000,0.9981766785855294,1579,0.0018443470125707536,4.352357568797981,0.002497155273000854,374.0,0.0023611520733143316,0.001488247879520305,-48147.0,0.0006820504906662975,2,203.069999,3.419486915845482e-11,3.419486915845482e-11,2,2,1.0,0.0016940000000397824,1342,180,21.038737769751414,253.72978972952055,257.70185131195325,3.1215052160953802
NDARHF545HFW,R6,ThePresent,available,186,500.0,59.99442309438964,130,0,42,E8,E25,E21,E17,False,False,False,False,189,235,0.1336407708498067,-2737.4456374021156,1317.6563855541349,0.039071318437905116,0.3381513439186092,6000,0.9864275298924262,2846,0.05907619486009015,3.1683007532061414,0.4501346602747835,-7741.0,0.7658125911472675,0.43437358553270533,-7105.0,0.015370684756514486,2,203.063996,1.2523315717771766e-10,1.2523315717771766e-10,0,0,0.9999999999999999,0.008217999999891841,614,301,36.33236314780991,330.2189681156526,387.1087453752585,7.389169381107491
NDARHG065YHQ,R5,ThePresent,available,514,500.0,60.023308309887554,130,0,42,E8,E25,E21,E17,False,False,False,False,159,247,0.08135911103112266,-3093.9611712932196,561.9049653373331,-0.010787756955023937,0.5185234578617602,6000,0.9998090622698197,1008,-0.02953439559089593,2.5954418374534973,0.07630975404763021,-3307.0,0.14621147438176607,0.05471770673970225,-25189.0,0.1193714170079448,2,203.064007,2.7755575615628914e-11,2.7755575615628914e-11,2,2,1.0,0.0009150000000270987,1488,119,33.667444716946115,220.27520959653887,160.8618314324169,2.6010215053763437
NDARHG152GZC,R4,ThePresent,available,609,500.0,60.023100433258705,130,0,42,E8,E25,E21,E17,False,False,False,False,195,239,0.0009063603873577163,2.763035507976341,216.5110247058396,2.417070345561455e-05,0.7716577523850497,6000,0.9933803095189808,849,0.0010459705468115607,4.834643171124433,0.0011106537377883739,29.0,0.0010870330846600197,0.0004126683620818832,-13159.0,0.00029167692551348496,2,203.073994,3.6137759451548845e-11,3.6137759451548845e-11,0,2,1.0,0.002806000000043864,1587,117,52.4722129502489,168.68517530345198,196.08903008860113,10.757448015122874
NDARHG188YE9,R4,ThePresent,available,12,500.0,119.82738627784947,130,0,34,E8,E25,E21,E17,False,False,False,False,0,247,0.1851947723588857,-1021.4039893039013,883.3712279123146,-0.02959116579571417,0.9874865743402735,6000,0.9990505376912359,3463,0.07171973974934355,2.6481560385674205,0.19937542530126445,-17446.0,0.36271450584231796,0.17980929863811201,24784.0,0.3585741160929761,2,203.069995,6.372680161348399e-11,6.372680161348399e-11,2,2,1.0,0.0009180000000705449,2,56,41.69867557318172,,1179.8644189209815,31.404999999999998
NDARHG260BM9,R7,ThePresent,available,1125,500.0,60.02334445506249,130,0,42,E8,E25,E21,E17,False,False,False,False,410,240,0.10061002128253922,1866.2021209643747,300.8774727350731,0.013663504066876653,0.8126797953535356,6000,0.9968272286413057,1179,0.014819674989139239,2.6204902405334543,0.20657762958480405,15921.0,0.4246717097418785,0.18488512621031442,8929.0,0.2592244553228072,2,203.072004,8.393286066166183e-11,8.393286066166183e-11,2,2,1.0000000000000002,-0.0015479999999460504,1055,235,27.825520103611364,293.60775794898603,179.14922895061824,3.4238578199052134
NDARHG294AFG,R4,ThePresent,available,3230,500.0,19.19070105182777,130,0,34,E8,E25,E21,E17,False,False,False,False,0,224,0.0028438634814155067,945.6428940817169,500.6029909381392,-0.001298542145985037,0.7834664722256164,6000,0.9856052703881836,1962,-0.0013418597766255529,2.9694709718501926,0.005103692480736944,51382.0,0.0003668788709828676,0.0031002921770923514,-5217.0,0.007863743963761091,2,203.07200600000002,5.46229728115577e-11,5.46229728115577e-11,0,2,1.0000000000000002,0.002364000000022973,25,26,130.1547918017945,98.81621470427385,15664.73923019573,21.678
NDARHG594GKH,R5,ThePresent,available,1390,500.0,60.01368704551058,130,0,42,E8,E25,E21,E17,False,False,False,False,165,243,0.007508026625850027,132.41414213057408,177.6044295506269,0.002635911878648027,0.8896801313598754,6000,0.9974663775766088,696,0.009022595282856758,3.3478074788829586,0.02172578948871788,-24514.0,0.031288872977916514,0.021218764575635977,-24155.0,2.5248340488566445e-05,2,203.064002,9.880984919163893e-12,9.880984919163893e-12,0,2,1.0,-0.0021329999999802037,1000,188,46.56632836948985,205.8010497459571,681.2072318030409,6.06874
NDARHH127PCL,R7,ThePresent,available,1275,500.0,112.27170839526846,130,0,34,E8,E25,E21,E17,False,False,False,False,0,253,0.024604280779025683,124.92101446438711,721.0782852914456,-0.007527565155199839,0.8732548481171213,6000,0.9650343725374141,2827,0.014490051546732375,3.5778801804688194,0.06881974669093094,41851.0,0.0948208045438766,0.06798386665583511,42232.0,0.00047224579985966075,2,203.079993,2.353672812205332e-11,2.353672812205332e-11,2,2,0.9999999999999999,-1.4999999980611155e-05,1986,180,38.38521353419178,138.11600869400053,472.1530007685102,3.318544813695871
NDARHH654ZF9,R7,ThePresent,available,10,500.0,119.8858141588028,130,0,34,E8,E25,E21,E17,False,False,False,False,0,236,0.0005711864972035726,-0.08567754550367182,140.84203442662374,8.409349261583034e-05,0.47806515832638363,6000,0.9951846270493973,552,0.0007674722184751591,2.9458773280004493,0.00076894509832354,3.0,0.0007410275379162466,0.00040636655526022465,-44376.0,0.00022013917532641685,2,203.069994,6.794564910705958e-11,6.794564910705958e-11,2,2,1.0000000000000004,0.0018030000000213333,1389,5,13.416788363880828,284.28139497702483,527.2109808211761,1.0584233261339093
NDARHH819LH3,R7,ThePresent,available,119,500.0,118.4897701996025,130,0,34,E8,E25,E21,E17,False,False,False,False,0,250,0.0011676395969400202,-1000.1997384731757,842.3537311090242,-0.0002771259845682808,0.7297808871223069,6000,0.9240372165707925,3302,0.000148195495729901,5.793785603149615,0.003760668599585605,-22699.0,0.005443661927344864,0.0019737532586201344,3521.0,0.002283738886717796,2,203.069999,4.6629367034256575e-12,4.6629367034256575e-12,0,2,1.0,0.0029209999999908155,4,40,31.288159687383764,116.79752934767359,8563.661657646182,3.26
NDARHJ318KZA,R7,ThePresent,available,64,500.0,119.68837828015253,130,0,34,E8,E25,E21,E17,False,False,False,False,0,224,0.0023139834376763144,1834.6798978791853,555.0537862368277,-0.00012287580202054757,0.1895018464887828,6000,0.9840350996610423,2176,0.0019887312124068123,3.118226067808477,0.009123062307228542,13308.0,0.017155616935404537,0.008946143031015751,23210.0,0.013860950467580464,2,203.08000199999998,3.6415315207705135e-11,3.6415315207705135e-11,2,2,0.9999999999999999,-1.4000000015020252e-05,1256,11,17.765804642859973,306.7769555246595,662.0365981196497,1.6722929936305733
NDARHK526BY1,R4,ThePresent,available,1464,500.0,60.013574519602585,130,0,42,E8,E25,E21,E17,False,False,False,False,232,237,0.000662501724928026,-2233.211981160222,696.2329706726904,-7.179998586393162e-06,0.4394446444611083,6000,0.9714207239135442,2132,-0.0011929622001782044,2.980026442903405,0.0009157031519679206,28590.0,0.0014846906778177805,0.0008455411153482824,-28887.0,0.0020618385889388854,2,203.073993,2.3647750424515834e-11,2.3647750424515834e-11,0,2,1.0000000000000002,0.0023369999999525094,0,31,,72.19539781878993,12510.781647922331,
NDARHK987WDZ,R11,ThePresent,available,168,500.0,60.02346773851038,130,0,42,E8,E25,E21,E17,False,False,False,False,385,239,0.0028376465927507934,231.35671000194776,379.3961995057252,0.002407153833237178,0.9552968363685448,6000,0.9939852162380303,1487,0.005633810386138496,3.094669417488336,0.005811111284749109,29.0,0.004137239727383649,0.004599996820580691,464.0,3.535861717352939e-05,2,203.066005,8.926193117986259e-11,8.926193117986259e-11,0,2,1.0000000000000002,-0.004642999999935353,1999,33,45.981857965059255,153.9379826473323,172.16338589039913,2.581925962981491
NDARHL164JHH,R4,ThePresent,available,64,500.0,60.02317279289376,130,0,42,E8,E25,E21,E17,False,False,False,False,194,243,0.0018537372113856998,9.051221804196187,373.56131973244584,-7.718522902087014e-05,0.9143754519382842,6000,0.9934681570468048,1465,0.002067602499725067,7.660885824949389,0.002135923507144455,26.0,0.0022936265295131607,0.0006592875235183766,-22266.0,0.0006138350431166377,2,203.06399299999998,4.4853010194856324e-11,4.4853010194856324e-11,0,2,1.0000000000000002,0.004641000000032471,724,14,20.527389424957057,534.6481560456256,160.64738645626718,0.7890469613259669
NDARHL237MPV,R10,ThePresent,available,50,500.0,30.00315646931728,130,0,42,E8,E25,E21,E17,False,False,False,False,79,226,0.0010947113801453026,17.242210121112226,157.59875516586555,0.0004283151365109412,0.2987218267227465,6000,0.9983599630821309,618,0.0015647485231221401,3.5080518543597217,0.0016424661136418713,27.0,0.0022129310735350136,0.000871247365573682,-22931.0,0.0008634475682252608,2,203.075996,5.695444116327053e-11,5.695444116327053e-11,0,2,1.0000000000000002,0.003877000000028639,1012,24,43.3775381223783,346.9922628811111,152.7553255623999,1.131808300395257
NDARHL684WYU,R7,ThePresent,available,295,500.0,60.02325381890873,130,0,42,E8,E25,E21,E17,False,False,False,False,145,248,0.0022101165910860896,-27.547252948491998,273.9307498630657,-0.0006212634223822312,0.9028481155430887,6000,0.9719561523501046,1074,0.0019098693231447287,4.781746932307558,0.002026864737829442,28.0,0.003150607532259551,0.0009755672788850021,38070.0,0.0017174504980664944,2,203.06600600000002,4.318767565791859e-11,4.318767565791859e-11,0,2,0.9999999999999996,0.00395200000005834,1352,73,41.058821235611376,234.1235458698085,190.3339769985349,6.967906804733728
NDARHL822EJK,R7,ThePresent,available,235,500.0,60.01364554450292,130,0,42,E8,E25,E21,E17,False,False,False,False,132,238,0.003925076928404563,-2113.300386332272,436.5244041549312,-0.0012944257591508792,0.9192905719860076,6000,0.9578768917906222,1711,-0.00149143695900009,6.946366014576529,0.017512692704326507,5101.0,0.019498256772305947,0.005456837927435729,-8084.0,0.008737532072256504,2,203.076004,7.638334409421077e-11,7.638334409421077e-11,0,2,1.0000000000000002,-0.005544999999961245,694,34,22.133599795193597,550.6263656111562,234.69828586480165,1.1712824207492796
NDARHM282EJ4,R9,ThePresent,available,190,500.0,30.003235664752925,130,0,42,E8,E25,E21,E17,False,False,False,False,100,239,0.00794209217918927,35.12101009950262,340.45016459693113,-0.0005869128217006267,0.9597754319219514,6000,0.9790423733076066,1335,0.009429729943381938,16.84535742691457,0.009850832080590994,27.0,0.010833583962908963,0.0015866748409538915,15383.0,0.0022034304202087846,2,203.276006,2.864375403532904e-11,2.864375403532904e-11,0,2,1.0,-0.0035919999999711664,1029,88,45.511283930792096,318.1062956920184,171.2041404611809,1.3686297376093293
NDARHM413HVA,R3,ThePresent,available,17,500.0,119.70228804960952,130,0,34,E8,E25,E21,E17,False,False,False,False,0,245,0.0020930743065764113,-1381.0005610218948,650.5099131506046,0.00036962515213577647,0.822934730460886,6000,0.9885843347334079,2549,0.0018534273903152237,2.7087437349738277,0.0027813844500566014,-6838.0,0.004955240989287535,0.0026967388339909143,-6517.0,1.7290958095285067e-05,2,203.07000499999998,1.509903313490213e-10,1.509903313490213e-10,2,2,1.0000000000000002,0.0006570000001303449,1655,13,64.88261859767454,184.15935305156034,279.08748524935254,5.6287371601208465
NDARHM611GDR,R7,ThePresent,available,5782,500.0,59.256320680638275,130,0,42,E8,E25,E21,E17,False,False,False,False,126,225,0.011056370761332913,-1920.5389049542673,613.5881230796557,-0.0017990843458431218,0.7582754786967353,6000,0.9781594240493017,2283,0.00026852003457161256,2.884056222575924,0.01438056334118816,49140.0,0.013162987558494946,0.014201882013123392,-9484.0,0.02496238638409822,2,203.07400299999998,3.8191672047105385e-11,3.8191672047105385e-11,0,0,1.0000000000000004,0.008401999999979223,153,348,211.24952936025142,96.27192820126612,824.3019328665702,27.68830065359477
NDARHN078CDT,R7,ThePresent,available,62,500.0,60.023299030272184,130,0,42,E8,E25,E21,E17,False,False,False,False,217,227,0.004080824508103987,1259.0612802180415,750.2499224718939,-0.0012623288470831994,0.7853746102719272,6000,0.9124159922532911,2941,0.0024758732854512256,5.452243544911044,0.006562732339563231,9804.0,0.009033594090742236,0.0029275999048639393,-42900.0,0.0038950798447651,2,203.06600699999998,3.4861002973229915e-11,3.4861002973229915e-11,0,2,1.0,0.0037860000000410833,991,15,24.746416863143292,379.7907121477771,175.49061681996184,1.7310494450050453
NDARHN206XY3,R11,ThePresent,available,11819,500.0,60.02344470645912,130,0,42,E8,E25,E21,E17,False,False,False,False,193,234,0.0036831348656809495,-123.75305344220673,505.5874802319983,0.0025611932340803235,0.9656105450329794,6000,0.9977699854649088,1982,0.006333258263988745,8.794045244160014,0.006372706692846458,28.0,0.005865586847687339,0.004142725117427821,-1116.0,8.641306247473765e-06,2,203.065998,4.5075054799781356e-11,4.5075054799781356e-11,2,2,0.9999999999999996,-0.001742999999966205,51,8,65.33844182365526,196.47512089465513,49258.801303092616,12.515686274509804
NDARHN212TT6,R5,ThePresent,available,480,500.0,119.37406908903164,130,0,34,E8,E25,E21,E17,False,False,False,False,0,224,0.002372888050515351,104.95030183895477,442.5482583043546,0.0003110613121428883,0.6615401890202507,6000,0.9912872226731062,1735,0.0028887787344936285,3.3940338978672533,0.003625734682349487,15924.0,0.005044378770593133,0.003388599276111881,-18022.0,0.005559384246275386,2,203.067993,1.9539925233402755e-11,1.9539925233402755e-11,0,2,1.0000000000000002,0.0024569999999603225,1693,105,37.46828265921156,200.70887377904035,163.8884658700905,4.122203189604252
NDARHN224TPA,R7,ThePresent,available,884,500.0,59.95308407355162,130,0,42,E8,E25,E21,E17,False,False,False,False,543,232,0.05510531857534921,-522.7550503641472,433.1396368034841,0.006154288020876237,0.7171083911327839,6000,0.9965014794167444,1698,0.035088016134003544,2.2500741572754834,0.09321370853008856,-16384.0,0.2553801712161682,0.0929119953454691,-16257.0,0.00041865701349104445,2,203.073995,5.4289905904170155e-11,5.4289905904170155e-11,0,2,1.0000000000000002,0.0020879999999195106,1188,85,37.93573983226042,269.8168261989672,327.4779020818273,4.0904040404040405
NDARHN386FXX,R9,ThePresent,available,58,500.0,30.003277102501762,130,0,42,E8,E25,E21,E17,False,False,False,False,65,221,0.24092121132749258,2111.4249144599366,744.9066733351444,-0.09681993885254808,0.8912062620109689,6000,0.8768635411960167,2348,-0.09295948340206704,2.1992004848954143,0.2836512052880957,16246.0,0.5464843182051216,0.2529011309402408,36175.0,0.42433004092812476,2,203.276004,8.093525849517391e-11,8.093525849517391e-11,0,0,1.0000000000000002,0.015552000000047866,1107,21,47.782720964185316,309.50788827471285,326.960376210076,1.1845438121047878
NDARHN749RW4,R4,ThePresent,available,351,500.0,60.01852176142014,130,0,42,E8,E25,E21,E17,False,False,False,False,119,226,0.0010132798771416032,244.91044868918036,600.6394373645654,0.0004911704569434354,0.9246060598345937,6000,0.9933845599415861,2355,0.0016294732613292146,3.2591827110390867,0.0016825145744407204,38.0,0.0016472427459178274,0.0014996912576629548,-30587.0,0.0012315775127444174,2,203.063994,2.9753977059954195e-11,2.9753977059954195e-11,0,2,0.9999999999999996,-0.002536000000002402,1078,51,24.345867330918338,334.4910055158623,286.8727400270782,1.4636363636363634
NDARHN911CNJ,R8,ThePresent,available,116,500.0,60.018828013625175,130,0,42,E8,E25,E21,E17,False,False,False,False,468,231,0.009886831470494743,-7.933631631148155,316.97047272486117,-0.001722290315820985,0.7452285521373393,6000,0.975989814522018,1243,0.010360037866529793,5.44404941588709,0.011156297718831436,33.0,0.016313382150235506,0.0063205550175124275,-6546.0,0.010289767067059759,2,203.28600100000003,3.175237850427948e-11,3.175237850427948e-11,0,2,0.9999999999999999,-0.006340999999964671,1443,12,33.31080135214082,242.77660498829766,330.44613904028523,1.78968814968815
NDARHN931CJV,R4,ThePresent,available,197,500.0,119.17964716357814,130,0,34,E8,E25,E21,E17,False,False,False,False,0,240,0.0014733617566976827,-236.74577492618758,339.79010168322856,1.1682221554379028e-05,0.44186808340081585,6000,0.9940274425186552,1332,0.0013017422623460592,1.797006817926989,0.0015346247773251665,-124.0,0.0022571773894750208,0.0007780068211084713,24235.0,0.0010487389353684147,2,203.069999,2.4868995751603507e-11,2.4868995751603507e-11,2,2,1.0000000000000002,0.0004339999999770236,1258,29,16.364868801644576,306.0284747382559,378.7610334727117,1.733537360890302
NDARHP039DBU,R6,ThePresent,available,1124,500.0,60.02335364446639,130,0,42,E8,E25,E21,E17,False,False,False,False,154,244,0.004375287207027466,412.60427173776884,588.015305182507,-0.0009561841237220469,0.7595688707981366,6000,0.9247965222032104,2305,0.003947450347520275,3.3651991177693588,0.01171175547506684,50262.0,0.006495034063757843,0.011066066778165181,-16528.0,0.01809344947929162,2,203.063994,6.816769371198461e-11,6.816769371198461e-11,2,2,0.9999999999999996,0.0012749999999777158,1502,208,40.641871803247476,192.87956489248035,207.77227875184502,4.475852197070572
NDARHP395DGY,R8,ThePresent,available,202,500.0,60.02339273747132,130,0,42,E8,E25,E21,E17,False,False,False,False,273,239,0.001157116721312506,2606.878689896434,70.338564915388,1.6144801096190943e-05,0.35382549804804103,6000,0.9922645385008232,275,-0.0002742558818806631,3.0394705361851995,0.0018396858015155486,8105.0,0.003952443640661295,0.0014689403042552423,-4778.0,0.0035706699931185447,2,203.073994,1.5998313784848506e-10,1.5998313784848506e-10,0,2,0.9999999999999997,0.00588399999987942,916,53,23.91722673526886,396.3725174703096,149.94192703768687,1.4961899563318777
NDARHP518FUR,R11,ThePresent,available,299,500.0,60.013793447812844,130,0,42,E8,E25,E21,E17,False,False,False,False,198,234,0.0,-3000.0,266.6666666666667,0.0,,6000,,523,0.0,,,,,,,,2,203.06600400000002,6.0285110237146e-11,6.0285110237146e-11,2,2,1.0,0.0004859999999362961,1118,30,25.36356879046539,328.030226764371,324.3373436325032,1.5148926654740604
NDARHP705RFA,R7,ThePresent,available,143,500.0,119.74124731689771,130,0,34,E8,E25,E21,E17,False,False,False,False,0,236,0.205129753602593,2812.022823783583,935.9956522638494,-0.019774629865787784,0.837059301670924,6000,0.997289827940392,2022,-0.07284488429806975,7.808256979584813,0.416601989168996,-10644.0,0.44139629514346945,0.27668299812101493,-10272.0,0.002484336907903839,2,203.069995,7.460698725481052e-11,7.460698725481052e-11,0,2,0.9999999999999999,0.004129999999937141,1775,49,19.967306446791586,209.77039024778085,207.84417250900646,1.6966535211267606
NDARHP841RMR,R7,ThePresent,available,7369,500.0,59.48019623208232,130,0,42,E8,E25,E21,E17,False,False,False,False,122,233,0.0010212949303925302,-45.446055514850485,115.79074552993171,-2.7258492457575782e-05,0.5642079391019936,6000,0.9981749124132375,454,0.0008900180568431797,3.002125794211981,0.0020775673547218784,49153.0,0.00352426853429318,0.001497900029568364,38833.0,0.002671415760002312,2,203.063994,4.0967229608668276e-11,4.0967229608668276e-11,0,2,0.9999999999999999,-0.006453999999946156,558,204,33.648189102361194,203.1671625548344,1234.24957334382,5.132956989247313
NDARHR099EWX,R4,ThePresent,available,64,500.0,60.023297846071294,130,0,42,E8,E25,E21,E17,False,False,False,False,174,252,0.00017065489042197257,66.91262576321932,419.2074040937408,0.0004162263324349225,0.8089780183197507,6000,0.9961669533454809,1643,0.0005637523389766611,3.334970000761111,0.000895653007068273,-14524.0,0.000835652156817624,0.0008414712674478162,-14089.0,7.843499267211665e-06,2,203.063999,1.4988010832439613e-10,1.4988010832439613e-10,0,2,1.0000000000000002,-0.006818999999871079,1052,20,22.932660592455445,359.2584522463356,164.93609785131275,0.9895722433460076
NDARHR140GMB,R5,ThePresent,available,686,500.0,60.004394924216896,130,0,42,E8,E25,E21,E17,False,False,False,False,347,229,0.0018482687197558666,308.17642653053525,366.3181021225456,-0.0008432484338983709,0.7485539471637064,6000,0.7571050682730531,1436,0.0009040502585887257,2.194868006258851,0.002042543673888595,50502.0,0.0018597635375244065,0.002032444598693248,8224.0,0.004302329804204984,2,203.071995,6.494804694057166e-11,6.494804694057166e-11,0,2,1.0,-0.0021179999999270532,1427,76,33.95045286302287,223.48283495715265,368.71240674594816,2.3057743517869658
NDARHR484PZP,R9,ThePresent,available,144,500.0,30.003256544093805,130,0,42,E8,E25,E21,E17,False,False,False,False,71,216,0.34244263236600475,-2375.247439450242,1251.8112389610512,-0.14810238099374065,0.8604020789973462,6000,0.8690685299774967,3079,-0.19593367491157782,3.724091379536159,1.1079281714659066,-49189.0,1.0000148560853293,0.9402746774180297,-35663.0,1.6505177228987378,2,203.27800299999998,1.325606291402437e-10,1.325606291402437e-10,0,0,1.0000000000000007,0.009057000000065091,1172,73,51.27704464003495,265.66738573037117,250.6701091258806,1.8852303754266209
NDARHR690ZAM,R9,ThePresent,available,100,500.0,30.003271919658186,130,0,42,E8,E25,E21,E17,False,False,False,False,102,235,0.0058308013469931625,9.714913966308169,318.8772087288381,-0.0012391165170046378,0.952784543721655,6000,0.9794011033889718,1250,0.005800286558228796,14.891284423200414,0.006051115363141655,26.0,0.0076717876689008846,0.0010289703650725292,-11502.0,0.0025258334672936243,2,203.28600400000002,5.595524044110789e-11,5.595524044110789e-11,0,2,1.0000000000000002,-0.005580999999973939,1000,90,56.72957030588066,306.49643170835014,163.69111784255577,3.4570499999999993
NDARHR901YLY,R4,ThePresent,available,3377,500.0,17.419331989097376,130,0,32,E8,E25,E21,E17,False,False,False,False,0,227,0.0016631625341642928,2281.4058162564793,760.5171747831744,0.0018831517305948056,0.9054767021805364,6000,0.9981262330256586,2209,0.002248181763389526,3.015293438195561,0.005547248334395678,14080.0,0.004044048320973724,0.00440536362029719,6378.0,0.002039825934952124,2,203.069996,7.283063041541027e-11,7.283063041541027e-11,2,2,0.9999999999999999,0.0016550000000900822,17,4,19.618626637785322,163.40927969911118,102854.18940384753,0.9941176470588234
NDARHT403JJJ,R9,ThePresent,available,58,500.0,30.003239882150748,130,0,42,E8,E25,E21,E17,False,False,False,False,145,227,0.011499477802198194,-7.029807346550109,364.3315412144517,-0.0007989695150038126,0.9033468466874979,6000,0.9805419704129129,1429,0.014019867340971843,9.431595348685594,0.014411154521915454,19.0,0.01537537298615564,0.0048240463458977265,-18356.0,0.005102140137817802,2,203.285996,5.007105841059456e-11,5.007105841059456e-11,0,0,1.0,0.009236000000043376,563,6,50.26382589138418,305.6611418149222,34208.80715456779,1.3456838365896981
NDARHT518WEM,R11,ThePresent,available,550,500.0,60.02353808176257,130,0,42,E8,E25,E21,E17,False,False,False,False,288,218,0.00608215849082987,9.061402539436862,248.74808260107275,0.0004761075412220837,0.9246901890315299,6000,0.9904300289273874,975,0.007750205651360071,11.49474224143199,0.008277389996311573,27.0,0.008660318893877618,0.0029221944531433878,-46535.0,0.0023581434395971157,2,203.066005,2.2315482794965646e-11,2.2315482794965646e-11,0,2,1.0,0.0072949999999838665,1505,127,32.80136380362142,218.09971310039109,172.77801759640786,3.647734219269103
NDARHT774ZK1,R6,ThePresent,available,39,500.0,60.023421621162434,130,0,42,E8,E25,E21,E17,False,False,False,False,149,251,0.001965328837186115,-2753.5132414207387,275.94955108660514,-0.0006038554968396862,0.781787698996011,6000,0.990057379756751,788,0.0004131400677439623,4.992685269156228,0.004403490714562701,11373.0,0.007007042376317407,0.002836308026781818,12011.0,0.0004584764482481762,2,203.07399600000002,1.1568523916594131e-10,1.1568523916594131e-10,0,2,1.0000000000000002,0.002851000000088956,1052,11,23.73897750953723,357.3896765963377,298.36966279661084,1.1341825095057034
NDARHT829KKB,R5,ThePresent,available,289,500.0,60.02336644454586,130,0,42,E8,E25,E21,E17,False,False,False,False,207,231,0.0005628762625554378,-2296.281256285098,569.6684445465327,-0.00019283001522888717,0.648414436268355,6000,0.9780576691576227,1821,0.00031057062160758813,3.681274917355102,0.0019845050901506076,-43333.0,0.0025186537534775772,0.001658102672651257,32538.0,0.0029269599146805264,2,203.063996,1.0191847366058937e-10,1.0191847366058937e-10,0,2,1.0000000000000002,0.007887000000061633,1245,58,31.621049133036024,280.87210932906646,211.69601620182075,3.2087951807228916
NDARHU529JHV,R8,ThePresent,available,282,500.0,60.02349095710831,130,0,42,E8,E25,E21,E17,False,False,False,False,241,241,0.0019334914366345296,311.69148992521025,494.44868135980676,-0.0001070212358993633,0.6979630426606612,6000,0.9283423315724874,1938,0.0023021169306021144,3.646262214999644,0.0033240527225313348,15545.0,0.005022525955064416,0.002484639619048028,33.0,0.003453438409984235,2,203.06399499999998,1.0580425424677742e-10,1.0580425424677742e-10,0,2,1.0,-0.002540000000097985,882,51,24.026747046617274,384.4854854570415,734.3649786562543,1.4517006802721089
NDARHU910KZC,R5,ThePresent,available,167,500.0,60.023493911954766,130,0,42,E8,E25,E21,E17,False,False,False,False,113,233,0.0019814584200565973,81.45105362609637,328.7202206264612,7.73233773780893e-05,0.8921089694823195,6000,0.9900911360315978,1288,0.0023427704052392086,4.424819944423225,0.0024644101013854224,33.0,0.0032893267309012206,0.0016388197144119787,-23978.0,0.0021984824814058708,2,203.06400299999999,4.274358644806853e-11,4.274358644806853e-11,0,2,0.9999999999999999,-0.0045610000000283505,1966,41,68.88462780482183,126.77358805012543,166.6004825183322,5.340462868769073
NDARHV260FPW,R9,ThePresent,available,213,500.0,30.00330411729931,130,0,42,E8,E25,E21,E17,False,False,False,False,411,230,0.010362737512369368,18.712866384093466,203.93611749360056,-0.0035517725068979094,0.9655211812409298,6000,0.9861470311468871,800,0.007958755431554101,4.434939090072428,0.00848773753794293,26.0,0.01323903424946351,0.0042770920338731,-9120.0,0.008229703530266606,2,203.286007,7.938094626069869e-11,7.938094626069869e-11,0,2,1.0,-0.007192999999926408,930,96,90.06571508231555,263.4526316502737,442.33103199650276,13.491956989247312
NDARHV358ZCU,R9,ThePresent,available,348,500.0,30.00331523182085,130,0,42,E8,E25,E21,E17,False,False,False,False,217,212,0.03379586756223372,22.682998582858726,233.90798624757156,-0.006822192198469704,0.9744326193116866,6000,0.9883371369289734,917,0.03232432164933614,14.815598805971893,0.033944180815424684,23.0,0.042897831183398745,0.004073038665642059,4605.0,0.012776777671461664,2,203.276007,8.415490526658687e-11,8.415490526658687e-11,0,2,1.0000000000000002,-0.005550999999945584,1182,60,48.643861927182485,266.4881480583749,324.42152042760154,1.8725380710659896
NDARHV388ZZ4,R10,ThePresent,available,2616,500.0,30.003255070125533,130,0,42,E8,E25,E21,E17,False,False,False,False,177,243,1.3218870592482417e-05,-2642.3645341843903,1124.7257976271337,-3.613416854042082e-06,0.9406140896411374,6000,0.9535003446514004,2563,-6.344688349610788e-07,1.5602200723597466,1.1975830590859218e-05,-20286.0,6.337656608779291e-06,1.1827883893804607e-05,-27323.0,2.8544843250103712e-06,2,203.066007,5.46229728115577e-11,5.46229728115577e-11,0,2,0.9999999999999999,-0.004472999999947413,376,418,123.21926630369651,136.20197012306565,540.869465085348,32.50984042553192
NDARHV743KA4,R10,ThePresent,available,1157,500.0,60.02346531576702,130,0,42,E8,E25,E21,E17,False,False,False,False,107,239,0.0057949435568901315,-26.924347214120743,328.1384465620998,0.0008112131785283511,0.927239719924665,6000,0.9953099723265095,1287,0.007623027184800093,9.220355293257903,0.007728303342067913,18.0,0.008327465770978926,0.003016748471838608,-20370.0,0.0031718680532380364,2,203.065995,4.3076653355456074e-11,4.3076653355456074e-11,0,2,0.9999999999999999,0.0067280000000577225,1694,293,56.39439871408485,141.77316090330544,150.97004682603492,5.412969303423849
NDARHV885JFU,R9,ThePresent,available,71,500.0,30.003281195628933,130,0,42,E8,E25,E21,E17,False,False,False,False,123,224,0.01848306029047343,26.697796557391097,311.798202557956,-0.004509354932754884,0.942710025688774,6000,0.9810581446331095,1222,0.017479224999652463,8.523285543721146,0.018275575975170794,26.0,0.023278011769233505,0.0016975278496255517,7730.0,0.005904993401775952,2,203.27600700000002,3.108624468950438e-11,3.108624468950438e-11,2,2,1.0000000000000002,-0.0019900000000054544,1208,19,45.47302075783211,284.6093748585794,187.71457724269703,1.0492632450331125
NDARHW808VDT,R9,ThePresent,available,105,500.0,30.003290925793525,130,0,42,E8,E25,E21,E17,False,False,False,False,91,228,0.008522040484812065,96.91233088160645,320.68246905498677,-0.0008686414547446136,0.8903826252218999,6000,0.9925934371686606,1257,0.008270769710729422,6.002390399250051,0.008872566818176874,38.0,0.011491698384701588,0.0052461736992372,-30446.0,0.007372284738622559,2,203.285995,2.2870594307278225e-11,2.2870594307278225e-11,0,0,1.0,-0.01696099999998274,1015,46,53.6916221426363,311.2285911910051,303.6039250505517,2.9911133004926107
NDARHW933UVJ,R5,ThePresent,available,482,500.0,119.88593212825441,130,0,34,E8,E25,E21,E17,False,False,False,False,0,238,0.0008294395865913619,18.871897665939255,206.8677141600424,5.289709009877821e-05,0.813934509684164,6000,0.9955740878573673,811,0.0009969879539774512,3.645212683727854,0.0010060522662432457,11.0,0.0013611869323977954,0.0008635049594966837,-8417.0,0.0011465977374119519,2,203.079997,3.241851231905457e-11,3.241851231905457e-11,2,2,1.0,0.0005950000000374032,1514,84,18.781689318618366,246.49537921611224,172.29257972164163,2.3220805812417438
NDARHX145ZKV,R2,ThePresent,available,3166,500.0,15.26279340242825,130,0,34,E8,E25,E21,E17,False,False,False,False,0,252,0.0,-3000.0,266.6666666666667,0.0,,6000,,523,0.0,,,,,,,,2,203.070003,7.549516567451064e-11,7.549516567451064e-11,2,2,1.0000000000000002,-0.0003869999999633848,0,0,,,,
NDARHX252NVH,R8,ThePresent,available,605,500.0,60.02336232227788,130,0,42,E8,E25,E21,E17,False,False,False,False,165,243,-1.0,-1.0,-1.0,-1.0,-1.0,-1,-1.0,-1,-0.02955898295043281,3.981999280127444,0.20684590288409171,3090.0,0.3088793062729923,0.20489858183534673,3478.0,0.010368593967939849,2,203.06400200000002,5.4067861299245124e-11,5.4067861299245124e-11,0,2,1.0000000000000002,-0.003128000000080024,1178,130,26.121940980516847,285.2955821436321,164.1667378986623,2.3855008488964344
NDARHX628PC6,R4,ThePresent,available,185,500.0,119.5966927165537,130,0,34,E8,E25,E21,E17,False,False,False,False,0,224,0.0018949721113909045,159.76170995944193,491.73428797839614,-0.00023902727583308757,0.9043060132670068,6000,0.9817033599479723,1928,0.0018471083304246977,6.243799844650483,0.002000347167736302,204.0,0.002732141530257725,0.0018479353037128168,4.0,5.738912144550613e-05,2,203.070007,4.707345624410664e-11,4.707345624410664e-11,0,2,1.0,0.002537000000037393,2166,61,38.98338044824343,133.2990351825185,258.01482692854444,4.29646814404432
NDARHX844UZE,R11,ThePresent,available,380,500.0,60.023475182569975,130,0,42,E8,E25,E21,E17,False,False,False,False,364,221,0.0054862234449705415,17.212716787437696,165.79172185188511,-0.0016421729870066478,0.9684673428272523,6000,0.9873051872316938,650,0.0044368769233068235,6.282983418261968,0.0048044548559717576,25.0,0.007406010139438472,0.0013545603654978753,10647.0,0.0035253726496819572,2,203.066002,6.52811138479592e-11,6.52811138479592e-11,2,2,1.0,0.000984999999926226,1623,95,41.99643545889675,197.39628347669253,135.04240334051437,3.162427603203944
NDARHX934KJ5,R5,ThePresent,available,26,500.0,119.70272318562859,130,0,34,E8,E25,E21,E17,False,False,False,False,0,243,0.0,-3000.0,266.6666666666667,0.0,,6000,,523,0.0,,,,,,,,2,203.069998,5.062616992290714e-11,5.062616992290714e-11,0,2,1.0,0.002868999999956166,1679,21,17.78501811654653,227.32527883194305,197.42630891776918,1.911387730792138
NDARHY255FVU,R2,ThePresent,available,911,500.0,115.92416269887596,130,0,34,E8,E25,E21,E17,False,False,False,False,0,216,0.017010688391067216,2374.6614836994017,652.2768929094183,-0.0020552878719045176,0.7970962732806274,6000,0.9949995358276037,1903,-0.00498569028469959,4.2733551690578695,0.017312817460524554,-17409.0,0.023467111549223027,0.016856090133607223,-17209.0,5.985608748158844e-05,2,203.069996,6.972200594645983e-11,6.972200594645983e-11,0,2,0.9999999999999998,0.00343900000011253,33,103,836.6553084202452,99.5474105105863,481.827352971334,215.38696969696971
NDARHZ375JRF,R8,ThePresent,available,1648,500.0,59.811827000323525,130,0,42,E8,E25,E21,E17,False,False,False,False,184,220,0.008131736085310943,-57.05052862534298,494.0032357295565,-0.0010041805233054733,0.9111903319270596,6000,0.9937262638274919,1937,0.007947031497115207,6.59430346960976,0.007951998155029024,6.0,0.009291750176373499,0.0034489025510335207,-43747.0,0.0031411047125490046,2,203.286003,2.5424107263916085e-11,2.5424107263916085e-11,0,2,1.0,-0.004008999999977456,658,199,74.44194374097975,129.97054396235222,1084.9396666131086,9.757993920972645
NDARHZ476MJP,R7,ThePresent,available,277,500.0,119.39114227483803,130,0,34,E8,E25,E21,E17,False,False,False,False,0,244,0.0029785040053588673,-563.5197217022449,489.3244757147118,0.0005259137782360383,0.7692429980027334,6000,0.9664075489493278,1918,0.0028921141948545677,2.00221137252532,0.008661296484436046,25169.0,0.023933584444563734,0.007901861085951974,43573.0,0.014046984060975837,2,203.069994,5.861977570020827e-11,5.861977570020827e-11,2,2,1.0000000000000002,-0.0003170000000892035,5,88,26.72174923683739,,1588.0197317145082,17.656
NDARHZ814MHQ,R7,ThePresent,available,383,500.0,60.0234211244767,130,0,42,E8,E25,E21,E17,False,False,False,False,212,220,0.006357053608350147,116.59627091978842,441.48365617234583,-0.001988598911673591,0.9208242539895837,6000,0.9541431676525932,1730,0.004198859624984721,4.103113980245374,0.011807011506356855,-8902.0,0.01415062147212165,0.01062350671222283,15266.0,0.016147909650519522,2,203.06600699999998,2.5202062658991053e-11,2.5202062658991053e-11,0,2,1.0000000000000002,0.0035399999999775828,1116,99,38.38223664848411,286.5448978445511,226.0091496891218,5.890394265232975
NDARJA262HTY,R5,ThePresent,available,2310,500.0,102.23359812929043,130,0,32,E8,E25,E21,E17,False,False,False,False,0,240,0.1332499975448487,2895.186729757793,430.8447416122975,-0.047378158832251334,0.6530206013203144,6000,0.9970079656471219,949,-0.08601534130039143,3.128271734850322,0.25750916141074315,30943.0,0.6067657744454402,0.25183680865579017,-3711.0,0.6025165639156609,2,203.070001,1.0258460747536446e-10,1.0258460747536446e-10,0,2,1.0,0.0023790000000913926,1288,127,95.92287759241594,133.10369857795132,946.1638745584646,10.690489130434782
NDARJA315FUQ,R8,ThePresent,available,910,500.0,59.990126740125845,130,0,42,E8,E25,E21,E17,False,False,False,False,343,227,1.7492644065964475e-06,1130.6978881993393,710.9758162640653,1.7246812628358934e-06,0.9381122150254609,6000,0.9922718932177037,2787,2.7079521884438715e-06,2.846831804101045,4.451786017924857e-06,29803.0,2.3639077872612744e-06,4.346392775859699e-06,40708.0,2.1390556911801155e-06,2,203.073994,1.1179945857975326e-10,1.1179945857975326e-10,0,2,0.9999999999999997,0.0032289999999187994,511,444,58.49263079181705,175.83454281737917,300.24882974052514,21.41686888454012
NDARJA356XHT,R9,ThePresent,available,191,500.0,60.023408014439816,130,0,42,E8,E25,E21,E17,False,False,False,False,133,248,0.03343682163702675,1280.252965320736,397.7105255689042,-0.00030567613347212306,0.8328377815825407,6000,0.9952026756172215,1559,0.00547726908331963,2.6428226674036237,0.051261818411498725,8138.0,0.10634419637892299,0.04057104672426812,-19219.0,0.06719731753148825,2,203.06599899999998,3.11972669919669e-11,3.11972669919669e-11,0,2,0.9999999999999997,-0.006879999999993986,949,76,31.63767265714209,357.47949384770504,203.4303231303479,5.920031612223394
NDARJA737FAJ,R6,ThePresent,available,684,500.0,60.00408043094469,130,0,42,E8,E25,E21,E17,False,False,False,False,262,230,0.003385652149451907,100.61873493055397,380.2766110252693,-0.0017137216243904416,0.7508858938724788,6000,0.971274064775052,1490,0.0020376674676382306,4.596514521894728,0.016096318746433087,-50752.0,0.002929888144760716,0.007346202114392572,-38794.0,0.015273719806447424,2,203.074001,4.618527782440651e-11,4.618527782440651e-11,0,2,1.0000000000000002,0.0057000000000068645,1805,112,89.79237999897055,115.05996807057426,217.30603617000543,6.8539778393351805
NDARJA788CH7,R5,ThePresent,available,393,500.0,119.773693252989,130,0,34,E8,E25,E21,E17,False,False,False,False,0,230,0.0017323198606503305,-812.1626595500283,887.5497916144095,-0.0005667939687480843,0.8475016402154492,6000,0.8986627326321274,3479,8.350638395338914e-05,2.9413856661432187,0.00402794687960221,-5865.0,0.007036485706765371,0.0038598982645523163,-5982.0,4.452968496434801e-06,2,203.065993,4.929390229335695e-11,4.929390229335695e-11,2,2,0.9999999999999996,0.001678999999987558,1149,74,14.535569825665661,328.7673152335548,186.11057582026206,1.8154308093994778
NDARJA830BYV,R6,ThePresent,available,153,500.0,60.02302995921084,130,0,42,E8,E25,E21,E17,False,False,False,False,320,244,0.0015438211299525426,44.83481609742101,297.80363247225466,1.0814097785045547e-06,0.612004169881251,6000,0.987285241494145,1167,0.0018809030052064461,2.894131030986382,0.0019931448071313237,28.0,0.0025123928689765717,0.0012888523658245558,-6930.0,0.0014107534720470556,2,203.065993,1.587618925213974e-11,1.587618925213974e-11,0,2,0.9999999999999999,0.002872999999996751,1225,17,25.26941159080645,300.4443474369991,294.0070734375869,1.2721061224489796
NDARJB233RL7,R4,ThePresent,available,1907,500.0,60.02325966712747,130,0,42,E8,E25,E21,E17,False,False,False,False,132,229,1.3008061653471337,-432.9361338773457,675.2145933795277,0.37856808220025856,0.9747066269021084,6000,0.9932367964898297,2647,1.4620828450431838,3.2101097106325955,1.6878644044771427,-625.0,1.7937435376089852,1.6645260322139812,-784.0,0.029679506274214562,2,203.061993,6.827871601444713e-11,6.827871601444713e-11,0,2,1.0,-0.0037339999999204377,920,344,28.55961954505443,294.6469812873967,196.24231197569537,4.167945652173913
NDARJB366HYJ,R5,ThePresent,available,1165,500.0,59.99904001535975,130,0,42,E8,E25,E21,E17,False,False,False,False,126,238,0.0036039557859393885,492.70959524367487,374.1089294337038,-0.0003147510530760372,0.7550450023411669,6000,0.9867307863633624,1466,0.0014014194209773518,4.886077717594015,0.00921305582576447,39538.0,0.013778096163987976,0.006354786618393181,40225.0,0.000896364255823943,2,203.07400299999998,3.4638958368304884e-11,3.4638958368304884e-11,2,2,1.0000000000000004,-0.0010850000000129877,1645,214,45.22010205276163,158.00135775250794,212.61400739914052,6.3625045592705165
NDARJB501MJL,R9,ThePresent,available,1031,500.0,60.0232974346708,130,0,42,E8,E25,E21,E17,False,False,False,False,357,229,0.0004707830985200255,2624.72255134516,474.63491993445143,-0.00011847208779697141,0.7051593409662718,6000,0.9944383299294577,1305,0.00022909061308675014,1.8469211184506018,0.0008521272271016179,33472.0,0.0009293831812132117,0.0008513378727903418,33408.0,1.7274666880034333e-06,2,203.07199500000002,5.895284260759581e-11,5.895284260759581e-11,0,2,0.9999999999999999,-0.003213999999938769,824,236,26.426993948238607,389.0151641587542,144.29396999272717,2.7451577669902916
NDARJB570GBW,R10,ThePresent,available,1008,500.0,59.98964822148574,130,0,42,E8,E25,E21,E17,False,False,False,False,156,216,0.011847127054393935,0.8314648726517142,68.70185043498658,0.005640204963506613,0.8387945707452841,6000,0.9998981965770941,269,0.01744175119114206,4.0676590665646915,0.02662045406715202,-21995.0,0.028358209698005052,0.02656842181428436,-21835.0,0.00019786751344480144,2,203.065998,4.1522341120980855e-11,4.1522341120980855e-11,0,2,0.9999999999999996,0.007905000000026734,1386,108,39.87320541236714,219.4341939127801,356.0466853445914,3.8064862914862916
NDARJC463HCM,R8,ThePresent,available,229,500.0,60.02317043685409,130,0,42,E8,E25,E21,E17,False,False,False,False,129,232,0.0009189128901089992,-16.81696895103305,180.4192821081656,0.00048142671343049846,0.9566723309140921,6000,0.998270317688502,707,0.0014746353102337913,5.108682638042375,0.0015174144404170185,26.0,0.001766731323501619,0.001197390900468762,30895.0,0.0016520795269419335,2,203.072,7.704947790898586e-11,7.704947790898586e-11,2,2,1.0000000000000004,-0.00030699999996011104,732,48,23.74039037042147,494.93124844421385,161.74263074051134,1.1811065573770492
NDARJC559WW5,R4,ThePresent,available,398,500.0,60.02330824329958,130,0,42,E8,E25,E21,E17,False,False,False,False,122,242,0.0007724378137672745,94.02467631302478,295.4632626675344,-0.00020617482553052856,0.8659570088311128,6000,0.9814127098136403,1159,0.0006406300531746112,7.660329192048226,0.0007056334949495844,36.0,0.0009913205721767202,0.00021135721849979724,14727.0,0.0004114203103415577,2,203.063995,8.704148513061227e-11,8.704148513061227e-11,0,2,1.0000000000000002,-0.006423999999939916,1126,59,28.039122574331458,314.3546791631111,264.8717843503108,1.9841474245115454
NDARJD142DHR,R8,ThePresent,available,253,500.0,60.02349800869775,130,0,42,E8,E25,E21,E17,False,False,False,False,337,231,0.014108880264474079,-4576.053167625433,2267.81679911848,-0.0008376599490570514,0.6552109463424918,6000,0.8666550548661487,2869,0.007850412435685926,3.413202226754217,0.016602840701800996,-4449.0,0.020194539284494672,0.01411803442348426,9127.0,0.024687518780261937,2,203.286004,2.930988785010413e-11,2.930988785010413e-11,0,2,1.0000000000000002,-0.003616999999998448,1316,79,30.05564104699295,261.92597692867037,174.8324274408475,1.764962006079027
NDARJD235KZA,R7,ThePresent,available,5133,500.0,59.89849354352299,130,0,42,E8,E25,E21,E17,False,False,False,False,245,248,1.2831161397460603e-06,1675.4865898780347,254.3926266445208,1.86915118872823e-06,0.8302214495656586,6000,0.9992915266532119,998,2.5876078503888566e-06,3.667011815534341,4.940235609524519e-06,36784.0,3.850737291307064e-06,4.911165564334402e-06,36745.0,1.946235434109509e-09,2,203.065998,7.771561172376096e-11,7.771561172376096e-11,0,2,1.0,-0.00793399999992986,848,135,84.42328400909469,127.3527677190438,1329.2728564168651,16.955353773584903
NDARJD704KEM,R9,ThePresent,available,335,500.0,60.0235647500861,130,0,42,E8,E25,E21,E17,False,False,False,False,228,238,0.004177729209211673,-16.62763572491985,218.7196040957792,0.0009968787811956649,0.8932336738393921,6000,0.9975077564178808,858,0.005462079634483113,5.162867602394778,0.005595010273076046,26.0,0.004993884239521506,0.0029853526386925803,-15617.0,0.0019930608947155704,2,203.285993,9.447997939560082e-11,9.447997939560082e-11,0,0,1.0000000000000002,-0.00824599999992485,1370,69,30.427991752000224,245.23499005723824,271.6421640145612,1.9002992700729926
NDARJE070PLA,R7,ThePresent,available,2583,500.0,60.00395013886009,130,0,42,E8,E25,E21,E17,False,False,False,False,127,248,0.003047118079236877,547.5416293351215,923.3073554802644,-0.00012321838560856228,0.8881948598483724,6000,0.9642582769791865,3620,0.002510181303966521,3.3666932573221136,0.0029737391702863722,483.0,0.0037836448854483263,0.0029245790549052493,35551.0,0.0043968378363460235,2,203.064,2.2315482794965646e-11,2.2315482794965646e-11,2,2,1.0,0.000517999999983854,921,90,35.22049363014558,239.2694625102859,1559.009138798002,4.375157437567861
NDARJE254CVV,R11,ThePresent,available,454,500.0,30.003201164391417,130,0,42,E8,E25,E21,E17,False,False,False,False,67,227,2.254330391914668e-06,1613.0024305173142,728.8416572975647,5.976243402781377e-07,0.84951785949786,6000,0.9815745633113859,2815,1.7853809097725677e-06,3.296114096447706,4.97782637290003e-06,29442.0,5.156226813526561e-06,4.8182433046360475e-06,29363.0,1.0483406304348565e-09,2,203.066001,1.3300471835009375e-10,1.3300471835009375e-10,0,2,1.0000000000000007,0.006471000000066375,1214,34,49.61183787213903,252.94436067412252,985.2303886452916,1.2477347611202636
NDARJE686DJL,R4,ThePresent,available,681,500.0,119.03360019717783,130,0,34,E8,E25,E21,E17,False,False,False,False,0,245,0.006264245667119976,-1483.5223760265615,855.510323324225,-0.0027683511658154014,0.9043729535822073,6000,0.7835274473827216,3194,-0.0014471781978759079,3.2169393545492015,0.010759327671918164,8449.0,0.01522482815497008,0.008454247368188748,14232.0,0.012412538082633918,2,203.069994,2.375877272697835e-11,2.375877272697835e-11,0,2,0.9999999999999999,0.003792000000019262,2,99,8.384098799177718,162.6824170681811,2661.1445107459704,3.43
NDARJF027UGB,R3,ThePresent,available,137,500.0,119.88571388096688,130,0,34,E8,E25,E21,E17,False,False,False,False,0,233,0.0017747906202353544,5.590761320750483,233.76318966865392,-0.00022348675507241508,0.750750272833395,6000,0.991928391773326,916,0.0018800563729739362,4.092866492042146,0.001883941690279667,4.0,0.002483681609546786,0.000871178239836521,35504.0,0.0010396699489698057,2,203.069999,1.532107773982716e-11,1.532107773982716e-11,0,2,1.0000000000000002,0.0036539999999970767,1184,28,21.402852095302322,328.56886075177493,104.56699782195858,2.6470608108108107
NDARJF479TBL,R11,ThePresent,available,34,500.0,60.02328793790909,130,0,42,E8,E25,E21,E17,False,False,False,False,201,220,0.00441949287926615,26.030211351569776,258.3222529639728,-0.002190151132562554,0.9746774762885873,6000,0.9722908274130748,1013,0.002880138028814227,3.4204838396105255,0.0032353385161803363,29.0,0.0060303578574182,0.0009139881104991583,20871.0,0.002470084753210878,2,203.076006,8.64863736182997e-11,8.64863736182997e-11,0,2,1.0000000000000002,-0.007482999999940773,1448,11,29.478866017529956,248.78752048674704,346.8482016282808,2.235338397790055
NDARJF517HC8,R5,ThePresent,available,74,500.0,119.75544590968045,130,0,34,E8,E25,E21,E17,False,False,False,False,0,239,0.0008091152584856423,-53.77547336051228,435.86127628869957,0.00018066022919156354,0.7615260628803661,6000,0.9680330317922609,1709,0.0014469307609193487,4.1496611066884705,0.0014499243183867696,5.0,0.0018036780899551325,0.0010661667268257004,-36097.0,0.0011186030262173546,2,203.072,2.8421709430404007e-11,2.8421709430404007e-11,0,2,1.0000000000000002,-0.0033920000000287865,1225,27,15.653798695068371,314.4477358022438,461.5714133641571,1.5944408163265307
NDARJF565ZRA,R4,ThePresent,available,55,500.0,119.79904317792045,130,0,34,E8,E25,E21,E17,False,False,False,False,0,245,0.00379905415798667,-13.757463244630515,265.126144740686,-0.00018699779092029486,0.929529887758761,6000,0.993599877946971,1039,0.004284719911731341,11.789753955614332,0.0042862813427523155,3.0,0.00484341224291569,0.0008076291782679811,-21925.0,0.0013410612919902958,2,203.069995,3.552713678800501e-11,3.552713678800501e-11,2,2,1.0,0.0007839999999567403,1730,7,13.731541992496675,224.63787978044002,291.9167021814569,0.8486416184971098
NDARJF579EH9,R4,ThePresent,available,323,500.0,119.88582671196927,130,0,34,E8,E25,E21,E17,False,False,False,False,0,246,0.0018831896423971116,6.5934122904576755,312.0645145990259,7.577692181270049e-05,0.9320174206275843,6000,0.9945393739842714,1224,0.00240047913657269,12.345754106805245,0.002401209753259455,2.0,0.002574178430830879,0.000534296508217754,-14336.0,0.0006435493997205606,2,203.07000499999998,4.884981308350689e-11,4.884981308350689e-11,2,2,1.0000000000000002,0.0004769999999298568,1848,43,22.834073080859753,199.63092037314598,178.46106418026872,1.6371103896103896
NDARJG298YVA,R5,ThePresent,available,132,500.0,60.02335562541336,130,0,42,E8,E25,E21,E17,False,False,False,False,136,248,0.0008683885079021381,19.353527197127875,177.1366029237363,-0.0004196964090732055,0.8684831064741396,6000,0.9849556559012775,694,0.0005076225116601211,1.6047885454527755,0.0005726225094834966,31.0,0.001138704262427932,0.00039308242685330807,39538.0,0.0006432244261062667,2,203.06599699999998,8.049116928532385e-11,8.049116928532385e-11,0,2,1.0,-0.0055609999999244545,952,9,22.61071693997059,399.45278988014064,157.34987227969685,1.0618382352941178
NDARJG494YDY,R7,ThePresent,available,117,500.0,60.02333797630985,130,0,42,E8,E25,E21,E17,False,False,False,False,145,230,0.0007595676220726883,128.83508547816896,396.30503599734334,3.70023896165437e-05,0.915276549478545,6000,0.9864608969429339,1553,0.0009386354564897546,7.824881660419478,0.000982080121409437,33.0,0.001167963991979454,0.0004320574396249075,46323.0,0.0006228613234593502,2,203.074,8.704148513061227e-11,8.704148513061227e-11,0,2,1.0000000000000002,-0.005248000000117489,873,26,22.55694785437441,427.17417418537786,156.98843838054336,1.0966895761741122
NDARJG687YYX,R6,ThePresent,available,215,500.0,60.02302421646868,130,0,42,E8,E25,E21,E17,False,False,False,False,150,238,0.007464984961344297,1749.5118294008219,520.5499387370768,0.002578133971365729,0.9936877815724444,6000,0.9986930298949945,2040,0.0020493477815222015,4.082769905559611,0.010510202966663326,1732.0,0.013302846465357482,0.009628269117564595,1450.0,0.0001842569219999094,2,203.065996,4.063416270128073e-11,4.063416270128073e-11,0,2,1.0,-0.005224999999975544,1621,39,38.95461247388417,195.84060694028992,184.55354568183904,5.221159777914868
NDARJH367WKY,R5,ThePresent,available,1848,500.0,60.02332716190857,130,0,42,E8,E25,E21,E17,False,False,False,False,164,226,0.0037515977574616587,31.737729872460275,274.60125454405255,0.0002026251443913783,0.9390484543508609,6000,0.9920523210166907,1076,0.0046370512132987455,6.2986735283753825,0.004735370212892376,23.0,0.005653897740212107,0.002207367747658848,17488.0,0.0023629133757988204,2,203.063996,7.693845560652335e-11,7.693845560652335e-11,0,2,1.0000000000000002,0.004586000000040024,521,351,191.6484408616351,94.52607636711268,170.07127119435108,43.73165067178503
NDARJH492TVW,R5,ThePresent,available,503,500.0,60.023413151836316,130,0,42,E8,E25,E21,E17,False,False,False,False,287,228,0.05189116994249996,-1971.9410144610647,427.5687392782909,0.01629589368654813,0.9748398193741198,6000,0.9963678427850837,1676,0.012300410076894506,7.946212625418564,0.07192233210700599,-1872.0,0.07467879569911942,0.0367596353091487,34774.0,0.03648706245312518,2,203.07399600000002,1.3289369604763124e-10,1.3289369604763124e-10,0,2,1.0000000000000002,0.007271000000095058,1325,101,27.361302025626458,258.25652605040983,174.68873714207058,1.8736528301886795
NDARJH513HZX,R3,ThePresent,available,263,500.0,119.3682691343145,130,0,34,E8,E25,E21,E17,False,False,False,False,0,248,0.0029433419183138,338.5912883142521,577.0256140026429,0.000151778484579383,0.6984810092684262,6000,0.9408079103307125,2262,0.002796733643349148,3.159844079883336,0.007190366125405979,34384.0,0.01132699352664929,0.0071866742639137985,34439.0,2.2857438404825722e-06,2,203.06799999999998,2.0872192862952943e-11,2.0872192862952943e-11,2,2,1.0000000000000002,0.0009539999999570805,1433,44,15.286703244430331,270.5757497640882,212.03091581409336,1.802295882763433
NDARJH707GJM,R4,ThePresent,available,170,500.0,118.89360550807973,130,0,34,E8,E25,E21,E17,False,False,False,False,0,238,0.004950208638540432,866.5405670565491,1048.5919244301197,-0.002672286053617311,0.9029614402836985,6000,0.8385877779611554,4110,0.001507005483336678,2.3029387774503087,0.0030363462577227872,431.0,0.00642950808833131,0.003014994455313956,1132.0,0.0019162198123290142,2,203.072,8.637535131583718e-11,8.637535131583718e-11,2,2,1.0,-0.0004539999999122602,94,97,469.68274876779685,89.39354801842717,330.4433233441234,86.94010638297873
NDARJH763NPD,R5,ThePresent,available,887,500.0,119.46877384863289,130,0,34,E8,E25,E21,E17,False,False,False,False,0,247,0.0011576873303619324,8.244290838211128,152.26681357314834,-6.798300875221117e-05,0.6571604195087989,6000,0.9944557368883898,597,0.0010826336328678852,3.165059611409461,0.0011146980210958097,26.0,0.0014010263059068223,0.0008864376329751463,-43576.0,0.0009395686780196269,2,203.07000399999998,5.417888360170764e-11,5.417888360170764e-11,2,2,0.9999999999999999,-0.0007070000000227081,1989,155,39.61673160404741,153.2464946604691,200.08600031516772,4.068934137757667
NDARJH773JTJ,R9,ThePresent,available,95,500.0,60.02337255088066,130,0,42,E8,E25,E21,E17,False,False,False,False,221,223,0.02336042063105422,76.66442474897403,239.47858287181447,-0.004950593746340523,0.9375037623872057,6000,0.9856865839850905,939,0.021132650073948826,5.779011001387064,0.02255902890166656,26.0,0.03225108574771911,0.017528459636241955,28595.0,0.02584387077700492,2,203.059995,1.709743457922741e-11,1.709743457922741e-11,0,2,1.0,0.004168999999994069,1086,23,27.690726628928786,338.0887753956393,280.32837007642286,1.2703130755064456
NDARJH910CGX,R8,ThePresent,available,3122,500.0,60.02339358959345,130,0,42,E8,E25,E21,E17,False,False,False,False,421,232,0.0011558880879207923,220.5334708581841,306.2205528100372,-0.002149065369148279,0.9843202189257038,6000,0.9867860167294219,1200,-0.0006651259546333311,1.879589630855495,0.0017756381499410292,20193.0,0.00596971316739733,0.001362287433734835,-5099.0,0.0044838640498757135,2,203.074007,7.549516567451064e-11,7.549516567451064e-11,2,2,1.0000000000000002,0.0017260000000369215,659,599,59.63984032324167,189.6252661166438,205.48594865450016,20.358528072837633
NDARJJ173BRX,R9,ThePresent,available,114,500.0,30.003298493021767,130,0,42,E8,E25,E21,E17,False,False,False,False,120,228,3.4455073056072523e-06,-2412.13191409333,532.1069245590847,-1.5054316127675176e-06,0.7400892708927137,6000,0.9327248849528014,1631,-2.0420863824503156e-06,2.146901229765788,3.6947754444276975e-06,-42946.0,7.5980267019408055e-06,3.677696498650594e-06,-43337.0,4.71158634440399e-07,2,203.276006,1.63202784619898e-11,1.63202784619898e-11,0,2,0.9999999999999999,-0.002860999999967228,1065,52,45.2242525131543,314.76595424175196,221.784621073691,1.2901971830985914
NDARJJ216EGT,R8,ThePresent,available,623,500.0,60.009000440330944,130,0,42,E8,E25,E21,E17,False,False,False,False,282,223,1.5544214565653752e-06,-675.1122777342059,751.4884794340126,7.75086516280826e-08,0.9052150926288848,6000,0.9733032222106818,2946,1.1452494030864135e-06,2.291717016590008,2.425831724539225e-06,-18776.0,2.3809736246236574e-06,2.374640953720773e-06,-18692.0,6.78138898705037e-09,2,203.066001,2.275957200481571e-11,2.275957200481571e-11,0,2,0.9999999999999997,0.004688000000017498,663,44,25.42695152365665,542.2289224008914,497.92204782253697,2.7673152337858222
NDARJJ277JP3,R4,ThePresent,available,473,500.0,118.64684930026174,130,0,34,E8,E25,E21,E17,False,False,False,False,0,244,-1.0,-1.0,-1.0,-1.0,-1.0,-1,-1.0,-1,0.003141599210125623,3.424916476348575,0.005955858749488072,-38936.0,0.004806658430756512,0.005703866443001692,-38281.0,0.0003251438088747501,2,203.06999299999998,9.192646643896296e-11,9.192646643896296e-11,2,2,1.0000000000000002,-0.0005280000001278365,2,157,45.82937553594091,,470.9192600894455,38.185
NDARJJ343TR0,R3,ThePresent,available,67,500.0,119.42086574163845,130,0,34,E8,E25,E21,E17,False,False,False,False,0,254,0.003298334819227245,114.17713048866584,319.56956746496263,-0.0009344512029409154,0.9415982104783696,6000,0.9402800120898233,1253,0.0029749076631260447,7.669896914285769,0.0033804847325647285,58.0,0.004915245201660313,0.0007332884987895287,-12305.0,0.002581125571228672,2,203.068005,7.149836278586008e-11,7.149836278586008e-11,2,2,0.9999999999999999,-0.0003610000000563907,1622,17,15.365158080254364,234.58321128029826,448.8739321830148,1.2032120838471023
NDARJJ345VHW,R9,ThePresent,available,962,500.0,60.02341357890696,130,0,42,E8,E25,E21,E17,False,False,False,False,93,242,1.374840614794871e-06,-162.20955944202885,318.7326105542498,1.3061614242329054e-06,0.9537076654906534,6000,0.9966548419984154,1249,2.431991769216327e-06,4.457110547058682,3.565071156997967e-06,13317.0,3.209529642095538e-06,3.5085089129468313e-06,13409.0,6.616179536495421e-09,2,203.063994,5.10702591327572e-12,5.10702591327572e-12,0,2,0.9999999999999999,-0.0028989999999892257,907,112,27.68249691623699,357.8859008889312,329.6373706184625,3.409658213891952
NDARJJ512AYJ,R7,ThePresent,available,1514,500.0,59.98968495053765,130,0,42,E8,E25,E21,E17,False,False,False,False,220,238,0.0019996096345856794,4.16258835804248,179.60702735486447,-6.6394031633074815e-06,0.614898963011612,6000,0.9985099340716601,704,0.002053991056010081,3.244159552866248,0.0021287796532735107,33.0,0.0034512251022245444,0.0017951563298891447,-41481.0,0.002219391271505764,2,203.076,2.3092638912203256e-11,2.3092638912203256e-11,0,2,0.9999999999999999,0.005727000000018019,848,257,46.289031666072674,240.5995635945701,253.15285837841944,15.951662735849057
NDARJJ638NAC,R7,ThePresent,available,195,500.0,60.023365178831114,130,0,42,E8,E25,E21,E17,False,False,False,False,248,231,0.035121116243768964,-874.1097236179544,1013.8247464350392,-0.012137460770783988,0.7387815291885428,6000,0.7355190167440433,3974,0.013324203155530187,4.168213470658921,0.10422123157333608,-42071.0,0.10970281783737235,0.08543411465869527,-41768.0,1.0178774820512881e-06,2,203.061994,6.294964549624638e-11,6.294964549624638e-11,0,2,1.0000000000000004,0.0057210000000116395,1042,50,26.270005756203624,351.5199994913185,166.26856193155555,1.636151631477927
NDARJJ767FBH,R5,ThePresent,available,115,500.0,60.02299768966122,130,0,42,E8,E25,E21,E17,False,False,False,False,150,225,0.0008398606075601244,78.14528526779146,427.93235539435,-0.0003014047476919479,0.8601113132469026,6000,0.9751962046822188,1677,0.0007082513290234668,1.7660222197169062,0.0008095147043511402,13007.0,0.001138330289750688,0.0008058971102829702,12963.0,4.726477522631282e-07,2,203.075997,2.8421709430404007e-11,2.8421709430404007e-11,0,2,1.0,-0.0047330000000284774,1219,20,30.13699725780753,298.2498668437296,178.26978471742413,2.1254224774405253
NDARJJ856NTT,R11,ThePresent,available,103,500.0,60.02348365217581,130,0,42,E8,E25,E21,E17,False,False,False,False,1036,237,0.005595226629337507,3077.682565209339,1055.0311953644803,-0.0026031325618068955,0.9438233124682154,6000,0.9891666340068548,1990,-0.002132249479085435,1.7706339588568483,0.005748522045003861,17200.0,0.006156617266780089,0.0057359282220929685,17306.0,4.387835158901031e-06,2,203.066006,3.086420008457935e-11,3.086420008457935e-11,2,2,1.0000000000000002,-0.0013300000000335576,1048,45,38.12300324689591,241.12842829831055,2379.929900606671,7.635276717557252
NDARJK154PF5,R8,ThePresent,available,2591,500.0,59.99950825738913,130,0,42,E8,E25,E21,E17,False,False,False,False,221,230,0.030588691833167276,-3075.1107415109045,991.336986232613,-0.004986881915971523,0.9493494645135184,6000,0.9889822917006141,1868,-0.003455747060454136,2.168982480237534,0.028335773425225808,-17589.0,0.028689571908079466,0.02723073446642903,-4778.0,0.028904982217657596,2,203.286,1.9095836023552692e-11,1.9095836023552692e-11,0,2,0.9999999999999999,0.0048559999999904175,1005,311,102.1544729049775,107.91586264946025,352.23518870662855,16.855880597014927
NDARJK482MZB,R10,ThePresent,available,813,500.0,30.003182639762322,130,0,42,E8,E25,E21,E17,False,False,False,False,91,235,0.005289671475130135,6.976469260882319,283.6995356048932,-0.00018794954334195094,0.761294048964956,6000,0.9934650160937161,1113,0.00573377666055287,6.84806759512911,0.005932643537501232,29.0,0.006298852563155119,0.0020130590927355174,-17585.0,0.0023158020862489572,2,203.068006,3.8413716652030416e-11,3.8413716652030416e-11,0,0,1.0000000000000002,-0.012750999999980618,711,197,40.87923343518367,390.1412169181243,259.03743374099764,2.2945710267229256
NDARJK651XB0,R5,ThePresent,available,281,500.0,60.01875291035361,130,0,42,E8,E25,E21,E17,False,False,False,False,513,240,0.001119232841308634,-349.7363369196603,465.7185668465814,0.0011011079415183939,0.9797227896960997,6000,0.9982770650876712,1826,0.002148146963330115,3.3004478856031585,0.002157092015076636,-44.0,0.0018773868266420911,0.0021311359877642906,-575.0,9.388891665684492e-05,2,203.072002,7.116529587847253e-11,7.116529587847253e-11,0,2,1.0000000000000007,0.004122999999999396,1355,47,31.30403619356399,256.8932053240369,224.3814146646101,2.68939483394834
NDARJK734VNF,R10,ThePresent,available,115,500.0,30.003071697269824,130,0,42,E8,E25,E21,E17,False,False,False,False,111,219,0.0006727760177029584,-192.72706069840737,475.3552811685299,0.0005694690952934476,0.9546597787968261,6000,0.9792997955788298,1863,0.00149227326384256,2.231794291313297,0.001519921350027202,18.0,0.0015726529499382209,0.0013089035903175279,3545.0,0.000986026378902726,2,203.065997,1.865174681370263e-11,1.865174681370263e-11,0,0,1.0,0.01480000000000907,699,48,47.303292929098006,505.63818143365427,132.6307758546091,3.0818597997138775
NDARJL025LWZ,R9,ThePresent,available,663,500.0,60.02340422321875,130,0,42,E8,E25,E21,E17,False,False,False,False,108,232,-1.0,-1.0,-1.0,-1.0,-1.0,-1,-1.0,-1,-0.0018364228552453239,3.864295709313155,0.01245214195590471,11330.0,0.019073601242116493,0.012446069978892223,11461.0,4.411082004567371e-05,2,203.061994,6.061817714453355e-11,6.061817714453355e-11,2,2,1.0000000000000002,-0.001621999999964351,953,148,24.633055145865846,359.32295503691944,154.89366743746453,2.2971143756558234
NDARJL292RYV,R11,ThePresent,available,661,500.0,60.02344512728472,130,0,42,E8,E25,E21,E17,False,False,False,False,373,231,0.0009972446643676247,-11.277740559610494,120.31012587027399,-0.00029951694076979437,0.6814526560788828,6000,0.9912398472637771,472,0.0007129656405389641,3.4073407573836634,0.004303360763544773,-33724.0,0.0068597196320367496,0.002722260008104601,23245.0,0.0061134446605694975,2,203.065994,2.3203661214665772e-11,2.3203661214665772e-11,0,0,1.0000000000000002,0.00878299999995336,1523,135,38.49579116615121,208.60736780758208,161.17575335692382,3.193355219960604
NDARJL819HZL,R10,ThePresent,available,25,500.0,30.003163719111225,130,0,42,E8,E25,E21,E17,False,False,False,False,68,214,0.0036553048398625435,14.339074603036018,363.9785816092494,-0.0010522508500361385,0.9388511174472725,6000,0.9637431651905825,1427,0.003613490173296152,6.041929538629038,0.0038181742026957193,24.0,0.0054178206062485594,0.0012184707022268129,19409.0,0.0024213878526528525,2,203.065998,6.394884621840902e-11,6.394884621840902e-11,2,2,1.0000000000000002,0.0016870000000425104,1016,11,41.76268751870949,352.50118918743505,130.3010691635976,0.9843011811023622
NDARJL861WTP,R4,ThePresent,available,1100,500.0,119.7604992419128,130,0,34,E8,E25,E21,E17,False,False,False,False,0,247,0.0012823506960723211,2202.5358219084505,713.2758111535959,0.0003708752702075986,0.8519134703045935,6000,0.9953324310950808,2195,-0.000693391010714477,3.5439054222667865,0.002939142277613171,-10044.0,0.004548731737195765,0.002499287582161103,-39867.0,0.003992398265429171,2,203.069999,6.439293542825908e-11,6.439293542825908e-11,0,2,1.0000000000000004,0.003352000000013658,12,148,107.78336408520377,97.71829576354864,2059.1900615100153,16.325833333333332
NDARJM296MDW,R5,ThePresent,available,12194,500.0,59.960547301879394,130,0,42,E8,E25,E21,E17,False,False,False,False,176,242,0.056559756491715546,3765.489234701604,1337.3943758269502,0.029065137916829215,0.6955585846486666,6000,0.9999795174955659,1855,0.02862857078275415,1.565299126937936,0.16018113630886274,11033.0,0.13553402236804132,0.08428665375918558,3610.0,0.1404506334916587,2,203.06400100000002,5.839773109528323e-11,5.839773109528323e-11,0,2,1.0000000000000002,-0.002802000000088458,6,11,172.1490270495284,72.20393114445862,36718.31989943633,18.851666666666663
NDARJM618NZH,R3,ThePresent,available,2082,500.0,95.22371686740314,130,0,34,E8,E25,E21,E17,False,False,False,False,0,255,0.0,-3000.0,266.6666666666667,0.0,,6000,,523,0.0,,,,,,,,2,203.068002,1.234568003383174e-10,1.234568003383174e-10,2,2,1.0000000000000004,0.0008000000000745988,0,2,,,207503.07504873548,
NDARJM765EZF,R9,ThePresent,available,61,500.0,30.003278851058088,130,0,42,E8,E25,E21,E17,False,False,False,False,120,212,0.0036726858577377235,156.32672379761374,337.7655102973417,-0.0009778589998707472,0.7735774650820689,6000,0.9238869442862596,1324,0.0035799538184050333,3.673706866637127,0.003741603559933359,21.0,0.0045924296781299145,0.0022102870291927546,25495.0,0.003022461658066666,2,203.276,4.030109579389318e-11,4.030109579389318e-11,0,0,0.9999999999999999,0.011311999999976365,1396,31,48.87382457265449,233.93261138881687,330.08122596679567,1.2695558739255015
NDARJM828PAL,R1,ThePresent,available,388,500.0,111.58358719334507,130,0,34,E8,E25,E21,E17,False,False,False,False,0,241,0.021693844552592902,4644.735077833451,1371.198499925018,-0.013276526087071524,0.9954934590697557,6000,0.9998195356041693,1042,-0.012496041410699878,2.0169039562600948,0.011989293374401938,5254.0,0.02596307029544335,0.01198893657363461,5195.0,4.520493821274715e-06,2,203.067994,4.884981308350689e-11,4.884981308350689e-11,2,2,0.9999999999999996,0.0017589999999890794,1442,57,19.241697805644442,225.34203300453362,1054.4663758635195,3.267843273231623
NDARJN928UPY,R7,ThePresent,available,751,500.0,119.12747503762107,130,0,34,E8,E25,E21,E17,False,False,False,False,0,236,0.0003859254091231849,-65.70808857736016,363.79470630804815,-0.00027801556590767917,0.9524997547804747,6000,0.8578967259007901,1426,0.00017454530339240703,2.111526256151395,0.0002019120879949637,-66.0,0.0006844415126358304,0.00015555200671938817,34638.0,0.0004905639777340496,2,203.064004,0.0,0.0,2,2,1.0,-0.0008869999999999639,1244,147,21.280034263957,296.0034197791488,200.48394719245036,3.282065916398713
NDARJP146GT9,R4,ThePresent,available,230,500.0,118.09828373239144,130,0,34,E8,E25,E21,E17,False,False,False,False,0,238,0.019464502647866172,-2966.157073705453,144.80793114915437,0.0024814737599995118,0.5694880942280046,6000,0.9994177945498071,318,0.01038781950968679,3.0442859096798287,0.02960038947870126,-3192.0,0.04431369004072825,0.027181827249919178,-10063.0,0.04173220550044053,2,203.070007,3.907985046680551e-11,3.907985046680551e-11,0,2,1.0000000000000002,0.0021430000000203582,199,197,115.46973007568359,74.01274655711464,437.3179503867304,31.476834170854268
NDARJP304NK1,R9,ThePresent,available,507,500.0,60.0138126153187,130,0,42,E8,E25,E21,E17,False,False,False,False,142,285,0.045116257001995,2930.290799302351,1332.99636741326,0.020562267390474225,0.9157109805482084,6000,0.9996526887825752,2682,0.03200660205498942,2.4363674580909285,0.07820577974370613,46036.0,0.033573096565481055,0.078114996174185,46274.0,3.6662161195646914e-05,2,203.064005,3.186340080674199e-11,3.186340080674199e-11,0,2,1.0,-0.005818000000035342,778,77,22.602681276907486,452.2914415899892,220.1515646648478,1.6871336760925453
NDARJR280FEJ,R8,ThePresent,available,549,500.0,60.00932467886675,130,0,42,E8,E25,E21,E17,False,False,False,False,385,233,0.009899075380063009,2470.0364626944934,1006.3548844835057,-0.006851462799784325,0.9155162006227431,6000,0.9502504719495923,2502,0.0016631070316516347,2.0067762545674728,0.0074196781980447185,14394.0,0.012578548726201145,0.004966389576481601,15163.0,0.0004816108410628647,2,203.275993,2.120525977034049e-11,2.120525977034049e-11,0,2,0.9999999999999999,0.005669999999986219,1264,95,29.01266699440705,267.37778984423335,209.01160892178046,1.660395569620253
NDARJR437DJH,R9,ThePresent,available,1224,500.0,60.02349405920175,130,0,42,E8,E25,E21,E17,False,False,False,False,405,227,0.005960375736541912,2360.21597872906,701.950145917853,0.005136386447693653,0.9721585650336824,6000,0.9894141292270328,2015,0.006039367880877854,3.7009482147279695,0.015825426739332203,-10874.0,0.015715905564728242,0.013469828589168854,-11936.0,0.004186622403617193,2,203.286003,1.1890488593735427e-10,1.1890488593735427e-10,0,2,0.9999999999999999,0.005389999999904589,1639,218,41.444767210241125,174.26354674721387,186.7060875190887,3.2503355704697983
NDARJR579FW7,R5,ThePresent,available,397,500.0,60.023412948656954,130,0,42,E8,E25,E21,E17,False,False,False,False,162,228,0.009188537351513707,84.94224506191807,322.3076111932681,0.0016806823483561351,0.9563577609840624,6000,0.9952949028848311,1263,0.012086151715638035,7.1259104469595975,0.012870624714888052,33.0,0.012900018668838312,0.00653819604577643,45384.0,0.004925494466770548,2,203.06399299999998,3.275157922644212e-11,3.275157922644212e-11,2,2,1.0,0.0018000000000371794,1153,132,50.08263697805235,237.5568871390024,206.1083322615412,7.288716392020815
NDARJT064LRE,R7,ThePresent,available,976,500.0,60.02346717068428,130,0,42,E8,E25,E21,E17,False,False,False,False,142,249,0.004157591502501799,-964.4996827092154,232.43101983151666,0.008053539301467016,0.9484634142670322,6000,0.9999456446612875,912,0.01053968900682171,2.796367543293713,0.01226000864528378,12751.0,0.006188524814079824,0.012241086360342237,-976.0,0.006930561280834055,2,203.06399299999998,4.141131881851834e-11,4.141131881851834e-11,0,0,1.0000000000000002,-0.008100999999974375,1330,159,29.90162422083374,231.8545299475046,258.28292864309844,3.5721052631578947
NDARJT588ZAX,R5,ThePresent,available,69,500.0,60.02332619634542,130,0,42,E8,E25,E21,E17,False,False,False,False,157,241,0.00044963675719723824,2508.178365782942,609.4198512975317,-0.00033660788521393357,0.9443682393341066,6000,0.9828563157432187,1686,7.909289745648503e-05,1.1467221676139536,0.00013014876275983589,2386.0,0.0006438353135016673,0.00012360168207867415,29.0,0.0006409234108723514,2,203.065993,3.26405569239796e-11,3.26405569239796e-11,2,2,0.9999999999999999,-0.0015720000000083198,536,41,22.75355887906904,457.2028023984771,3322.355313946968,1.1499440298507462
NDARJT819VAX,R10,ThePresent,available,137,500.0,60.01853649415569,130,0,42,E8,E25,E21,E17,False,False,False,False,115,239,0.0032638657248788903,-6.071565750177781,202.75919844832708,0.0005393142006184089,0.6063336522827314,6000,0.9903227598455827,795,0.004348077429740944,4.568918501139579,0.004573046809213483,26.0,0.004281330720912635,0.001878338928252214,-13950.0,0.001285665701211532,2,203.068,8.149037000748649e-11,8.149037000748649e-11,2,2,1.0,-0.00017299999992217895,2139,23,54.97493041379954,132.47824354490794,220.93724558513048,2.8610144927536227
NDARJU787GF5,R4,ThePresent,available,682,500.0,60.004085409165064,130,0,42,E8,E25,E21,E17,False,False,False,False,192,238,0.04376912583105276,5929.534217205171,2921.599198868684,-0.020074642040973097,0.9782082443877286,6000,0.9859337437952612,2796,-0.02301307059222705,0.9000765713518005,0.00854107489122711,3693.0,0.009410687431804553,0.0069562057214072335,4670.0,3.4645005164181397e-07,2,203.06400499999998,3.7969627442180354e-11,3.7969627442180354e-11,0,2,1.0,0.005946000000047632,1171,84,29.637283314514434,291.5965102029389,238.9663105034434,3.144602903501281
NDARJV411EH6,R7,ThePresent,available,109,500.0,119.745704440401,130,0,34,E8,E25,E21,E17,False,False,False,False,0,229,0.003672078599171232,2944.853269958369,157.09266487078904,-0.0007809194357601984,0.5321252193035696,6000,0.9945474725740525,363,-2.2927801390258186e-05,3.7300212616837114,0.0088789333768762,-32262.0,0.01022173334424683,0.006822924390403173,3711.0,0.012472133898346355,2,203.07000000000002,8.08242361927114e-11,8.08242361927114e-11,2,2,1.0000000000000002,-0.00032399999995310795,1580,50,24.081117156525412,229.22811733685467,229.38674034221677,2.484430379746836
NDARJV512CXQ,R11,ThePresent,available,114,500.0,60.02339521668544,130,0,42,E8,E25,E21,E17,False,False,False,False,207,235,0.003930569714656551,2795.627257647855,826.843176649312,-0.0024679244772051454,0.9511457109569088,6000,0.9694196510002405,1824,-0.00024420719427664526,1.7039013484885668,0.0015460090104434325,2775.0,0.0029325852740951118,0.00030121220044071766,7566.0,0.0013824451815280954,2,203.066007,7.882583474838611e-11,7.882583474838611e-11,0,2,1.0000000000000002,-0.0031959999999563436,1277,24,31.403681890753827,277.25436281902347,311.6939251612758,2.337760375880971
NDARJV697PMQ,R10,ThePresent,available,92,500.0,30.003255353205823,130,0,42,E8,E25,E21,E17,False,False,False,False,170,240,0.0027420448857072384,161.6197966308067,466.4056959138631,0.001310564406419968,0.8784700639881237,6000,0.994698153467232,1828,0.004271533175772054,3.203218186017338,0.005294390350187633,-8448.0,0.0034775907034958944,0.004862086796097151,7796.0,0.0059940903706881855,2,203.06799900000001,3.375077994860476e-11,3.375077994860476e-11,0,0,1.0000000000000002,-0.01569500000003928,1231,22,48.169588590508376,276.067012068713,231.80155145673717,1.526872461413485
NDARJW072UJ3,R8,ThePresent,available,665,500.0,60.02339006939118,130,0,42,E8,E25,E21,E17,False,False,False,False,127,252,0.004444089564459513,-39.62008255100946,306.7634352842837,0.0008824358980356633,0.9488507405137878,6000,0.9943598637517809,1202,0.006082516751885896,6.897965610180534,0.0062373897820339795,26.0,0.005709772984197606,0.0030401872706612306,-48793.0,0.0017659516888300253,2,203.061995,1.5543122344752192e-12,1.5543122344752192e-12,0,0,1.0,-0.008357999999997081,922,160,36.17565121868871,312.39664956900685,260.108353221298,7.379013015184381
NDARJW691ZFR,R10,ThePresent,available,275,500.0,30.003174681467605,130,0,42,E8,E25,E21,E17,False,False,False,False,174,235,0.005664669771612583,32.64736642720756,288.96691456335384,-0.0006484826720288966,0.8842426083253284,6000,0.9896915650644897,1133,0.0059944227788995,10.036491772556467,0.006252844162101575,26.0,0.007374101417861422,0.0011568854169759558,4102.0,0.002011873499135591,2,203.06400299999999,6.661338147750939e-11,6.661338147750939e-11,0,2,1.0000000000000007,-0.007029000000020298,1183,81,50.292789816929634,272.1012496820793,230.02236474337263,1.9159087066779374
NDARJW888AJ2,R9,ThePresent,available,1359,500.0,30.003292730970127,130,0,42,E8,E25,E21,E17,False,False,False,False,72,208,0.010674603409544734,-61.40616008647357,173.57166390841894,0.0493306105174005,0.6983066425695174,6000,0.9997260506432571,680,0.06068090915711827,2.8047118856001343,0.07423495267950984,-16656.0,0.050249440417304524,0.07120037914226254,-22034.0,0.03020385109149453,2,203.28599599999998,1.0647038806155251e-10,1.0647038806155251e-10,2,2,1.0,-0.0011229999999006208,1041,427,59.90681291769424,187.72743878540132,256.112799677965,4.764197886647454
NDARJW989EM6,R9,ThePresent,available,496,500.0,60.01857341068117,130,0,42,E8,E25,E21,E17,False,False,False,False,162,266,0.006794143457749456,-982.6280284225072,554.5445421841858,0.006568458910705307,0.955587381224829,6000,0.9951677250386781,2174,0.008781820288788563,3.0768193164128115,0.016227959884036122,11970.0,0.028869473285554375,0.014065335157104104,-829.0,0.016540320723865073,2,203.07400099999998,6.289413434501512e-11,6.289413434501512e-11,0,0,1.0000000000000002,-0.008664999999959724,1067,116,118.66599887586872,137.0233766387425,248.42904307398268,18.01165885660731
NDARJX121GKP,R8,ThePresent,available,832,500.0,60.0233551913384,130,0,42,E8,E25,E21,E17,False,False,False,False,348,233,-1.0,-1.0,-1.0,-1.0,-1.0,-1,-1.0,-1,-0.004126420983940066,1.0996601448559784,0.0009036915200051842,6032.0,0.004296256830809172,0.0007474491536429963,-6774.0,0.004352637842229289,2,203.063998,3.6415315207705135e-11,3.6415315207705135e-11,0,2,0.9999999999999996,-0.007287999999983531,979,92,28.555799543796898,339.1750273873399,281.59480166048843,3.83976506639428
NDARJX458DVE,R5,ThePresent,available,171,500.0,60.02335988228367,130,0,42,E8,E25,E21,E17,False,False,False,False,127,224,0.044670733412933816,829.6383625313329,406.83185979577456,-0.007775229254994505,0.49787286490150756,6000,0.8753131359672758,1595,-0.0012709143922314257,6.5783774011544764,0.5880285280892479,29813.0,0.6279183653123187,0.5118593977139029,29177.0,0.056057914719706115,2,203.06400100000002,2.531308496145357e-11,2.531308496145357e-11,0,2,0.9999999999999999,0.0023579999999779177,1091,26,23.075577544204965,344.0194843984197,196.72885176052918,1.1755820348304307
NDARJX939UCQ,R5,ThePresent,available,352,500.0,60.02346369118093,130,0,42,E8,E25,E21,E17,False,False,False,False,129,249,0.0020338488416681913,2770.759420745455,270.9196020023897,0.0007915215269143789,0.6671780037966766,6000,0.9974638825784645,760,0.001346868246250145,3.0609366929292032,0.004066203108428866,16791.0,0.0044926622526582334,0.0038513463085765778,10182.0,0.0036901003430283397,2,203.07199400000002,1.0269562977782698e-10,1.0269562977782698e-10,0,2,1.0000000000000002,-0.004869999999936942,882,99,21.477579365166193,388.71820800044225,112.08175107236153,1.359206349206349
NDARJY356YBK,R10,ThePresent,available,279,500.0,60.018515545018225,130,0,42,E8,E25,E21,E17,False,False,False,False,131,238,0.0029413791843353053,-12.988537675668685,225.38248411693667,-0.0007189981608325449,0.670616667161113,6000,0.9915432859529321,883,0.002526255355248237,2.1277547589284094,0.0026276108030152674,22.0,0.0034981331086358486,0.0021991129116046707,5129.0,0.0048278690608071755,2,203.076005,6.294964549624638e-11,6.294964549624638e-11,0,2,0.9999999999999999,-0.005631999999930909,1687,40,63.583211828048896,148.94328019407695,241.57494790522955,18.103432128037937
NDARJY577WNJ,R8,ThePresent,available,598,500.0,60.02344542882992,130,0,42,E8,E25,E21,E17,False,False,False,False,102,235,0.0020990137035505744,12.788491537626577,327.86860224970553,-0.00024636983604661597,0.7631882110821456,6000,0.9834554234540918,1285,0.002198810294858081,4.448679112363276,0.0023043953643470316,31.0,0.002910343317395708,0.0007396921009571215,-13597.0,0.0007820344683705517,2,203.063997,5.46229728115577e-11,5.46229728115577e-11,0,2,1.0000000000000002,-0.0075790000000811155,964,156,31.195893201845838,304.92630356710197,404.11502283037277,4.0879875518672195
NDARJY747PRJ,R3,ThePresent,available,560,500.0,119.88580714625863,130,0,34,E8,E25,E21,E17,False,False,False,False,0,228,0.001990674160818165,-1.4499381929871007,400.57581710590307,-0.0003958499848402391,0.6396290643727974,6000,0.9815501835641997,1570,0.0021566127583614743,3.1435550941312194,0.0021832375608932557,10.0,0.004017594496525121,0.0019861422488689235,-13278.0,0.003311205122334281,2,203.065997,4.3520742565306136e-11,4.3520742565306136e-11,2,2,1.0000000000000002,-0.0003310000000022718,1559,107,18.41232602983576,241.97297018948296,122.32370512025206,2.5913662604233485
NDARJZ167VEZ,R4,ThePresent,available,1302,500.0,119.74608104983493,130,0,34,E8,E25,E21,E17,False,False,False,False,0,244,0.001459330844253637,-102.60508329193819,356.9138128346604,-0.0003232109750484732,0.3361173317445975,6000,0.9737152592343593,1399,0.0013742182340862595,3.0100397481867667,0.0014758306569164846,-10017.0,0.0023060379603475926,0.001382570074752775,-25310.0,0.0018916161853494355,2,203.07799599999998,1.9539925233402755e-11,1.9539925233402755e-11,2,2,0.9999999999999998,-0.0006169999999595374,1445,192,25.46303732674616,252.34497542753564,140.01524657621044,4.315058823529412
NDARJZ888UX6,R5,ThePresent,available,1136,500.0,60.008938843571045,130,0,42,E8,E25,E21,E17,False,False,False,False,190,249,0.0011245538377317248,-2310.167261144076,850.8968778269493,-0.0003087331292470637,0.730249927883997,6000,0.8527721320949982,2358,0.00015509025521492925,2.4841249479091405,0.0025157559794196484,14260.0,0.0056780166575881655,0.002003222030409394,25094.0,0.003541619510819556,2,203.075997,1.1302070390684094e-10,1.1302070390684094e-10,2,2,0.9999999999999997,0.00020699999991630893,1170,166,29.149154814554805,269.78786020874935,263.65622836752203,2.4664871794871797
NDARKA946MJ1,R5,ThePresent,available,14,500.0,60.02333047684484,130,0,42,E8,E25,E21,E17,False,False,False,False,212,235,0.0011936673227333962,78.48593659909724,355.7590336595318,0.0008134615539479488,0.9486618428626045,6000,0.9970428703701751,1394,0.0022377311772762637,12.35215311387625,0.002316337334468034,29.0,0.0021725081090473715,0.0014153785685985065,2376.0,0.00039457605129232325,2,203.08400699999999,2.7755575615628914e-12,2.7755575615628914e-12,0,2,1.0,0.002791000000005555,1027,4,24.285522585525907,370.36705525324294,179.09995846864018,1.2513437195715675
NDARKA958FAH,R4,ThePresent,available,636,500.0,118.60015652136383,130,0,34,E8,E25,E21,E17,False,False,False,False,0,237,0.0025927903084397765,-1607.3553934909917,788.4059504394025,-0.0011647536528910966,0.8391291747936819,6000,0.7576339913401512,2938,0.0008706490718987898,2.1505184729820095,0.002139338632577511,4150.0,0.004783259345047522,0.0018657132262234113,28034.0,0.003343834738392926,2,203.06799999999998,2.531308496145357e-11,2.531308496145357e-11,2,2,1.0000000000000002,0.00017799999994883508,129,278,343.99799978711906,94.76018534981675,301.95835117116957,125.21503875968992
NDARKB290YNY,R4,ThePresent,available,251,500.0,60.01837524602469,130,0,42,E8,E25,E21,E17,False,False,False,False,547,232,0.00047950205909456185,-131.80315170396736,450.7608385179421,0.00040644367453431717,0.9821996524045857,6000,0.9948636534750772,1767,0.0009506327589007188,5.670334788365585,0.0009581612130497581,29.0,0.0007755993501981989,0.0007681264159374809,-14880.0,0.0004613010854722906,2,203.063999,1.212363542890671e-10,1.212363542890671e-10,0,2,1.0000000000000002,-0.004348999999899793,1895,19,81.17482825052485,124.90526537239782,425.2031003745039,5.808955145118733
NDARKB614KGY,R6,ThePresent,available,227,500.0,60.023372757922694,130,0,42,E8,E25,E21,E17,False,False,False,False,260,223,0.002947501815178185,-1595.8898602518407,263.06192708736097,-0.003584459913831077,0.9374163411313489,6000,0.9575358089691665,1031,-0.004086813716524431,7.660359261668275,0.027581999959764857,-5467.0,0.03119472269294033,0.008910455150099198,-4796.0,4.670190535639197e-05,2,203.06399299999998,2.8976820942716586e-11,2.8976820942716586e-11,2,2,0.9999999999999999,-0.0019099999999703428,1340,49,30.48678008743717,262.6322257758213,144.8431023331838,2.985134328358209
NDARKB712GAP,R9,ThePresent,available,352,500.0,60.02340743673822,130,0,42,E8,E25,E21,E17,False,False,False,False,163,227,0.002337066585106685,14.290148666431016,167.22409224357486,0.0002481204844780533,0.48858020175146016,6000,0.9974748661382444,656,0.00277261852792419,3.0814663701053657,0.0029162510146301967,26.0,0.005483539055746807,0.002853283705707859,-5082.0,0.003067232695895475,2,203.073993,2.4646951146678475e-11,2.4646951146678475e-11,0,2,1.0000000000000002,-0.002052000000049486,1118,92,24.379126157225436,312.67439211069126,128.93872982992525,1.29479427549195
NDARKB878YNG,R11,ThePresent,available,490,500.0,60.018572779268766,130,0,42,E8,E25,E21,E17,False,False,False,False,244,232,0.002467798875026612,22.997043411177028,169.56034192383143,-0.0002567437337672949,0.8466288540133368,6000,0.9953133711436699,665,0.002375715420486066,5.722197710705565,0.0025328166690680794,30.0,0.0030526501177783622,0.0010123048614160799,-6882.0,0.0012393180501200523,2,203.065998,1.213473765915296e-10,1.213473765915296e-10,0,2,1.0,-0.007032000000128905,1405,81,32.230137402120604,238.55239750803324,232.4294524073381,3.0143701067615662
NDARKD064EVC,R5,ThePresent,available,403,500.0,60.02324916977158,130,0,42,E8,E25,E21,E17,False,False,False,False,147,239,-1.0,-1.0,-1.0,-1.0,-1.0,-1,-1.0,-1,0.00013419632099569858,3.3024090950444287,0.0005292255407237078,40555.0,0.00045530440547000237,0.0005232403184864643,40412.0,5.454478687610064e-06,2,203.06399299999998,3.1086244689504383e-12,3.1086244689504383e-12,0,2,1.0,-0.006690999999993858,1094,173,34.706625776979536,260.0877003548875,204.45069637305215,5.846234003656308
NDARKD245CN0,R11,ThePresent,available,810,500.0,60.00887764996783,130,0,42,E8,E25,E21,E17,False,False,False,False,122,223,0.0024818000969818363,58.53883405010884,455.846268036998,-0.000297490433595769,0.8398760742892767,6000,0.9031587456669927,1786,0.003729966541012517,6.451949472320484,0.00412115543382867,33.0,0.0054302845780980005,0.0017180682373876945,-45404.0,0.0026064097564753048,2,203.06599699999998,2.4091839634365897e-11,2.4091839634365897e-11,0,2,1.0,0.007402999999980358,1113,110,29.08647724742165,305.9872025573922,258.6923979660161,3.3956693620844565
NDARKD590VF4,R8,ThePresent,available,502,500.0,60.02344100856118,130,0,42,E8,E25,E21,E17,False,False,False,False,141,231,-1.0,-1.0,-1.0,-1.0,-1.0,-1,-1.0,-1,0.0027570978039019385,4.736999388513773,0.026400663307542933,-3156.0,0.02563955696142893,0.01818804101715823,-2352.0,0.0001273567082222503,2,203.063997,8.315570454442422e-11,8.315570454442422e-11,0,2,1.0,0.003061999999918857,975,101,25.016059920592465,363.1490952754074,162.6407003418115,2.0567384615384614
NDARKE358TFU,R7,ThePresent,available,360,500.0,118.7710914166688,130,0,34,E8,E25,E21,E17,False,False,False,False,0,232,0.002025794221569302,-2074.2272623000754,435.3586931234746,0.0004921939516832288,0.5233359430059245,6000,0.968283839267188,1707,-0.0007845672908610019,3.8789339994233996,0.013108290822656873,22786.0,0.022261351907278557,0.009972014046564453,20601.0,0.006084929527023857,2,203.075995,3.064215547965432e-11,3.064215547965432e-11,2,2,0.9999999999999998,0.0011040000000334875,1515,46,19.432270860145756,241.5562949516211,434.013947367429,1.6043696369636964
NDARKE456BVQ,R7,ThePresent,available,967,500.0,100.88966808065452,130,0,34,E8,E25,E21,E17,False,False,False,False,0,242,-1.0,-1.0,-1.0,-1.0,-1.0,-1,-1.0,-1,0.00014444798763502836,3.2929044284351447,0.0005068718111503855,26123.0,0.00046506945923925034,0.0004943707329059649,3630.0,0.00046229321300144907,2,203.079997,6.750155989720952e-11,6.750155989720952e-11,2,2,0.9999999999999999,0.00097300000007929,769,47,20.72454657405916,380.96698084850044,2134.0889908100944,4.512522756827049
NDARKE604RXR,R4,ThePresent,available,224,500.0,60.02303470182814,130,0,42,E8,E25,E21,E17,False,False,False,False,131,230,0.0010846944093701421,23.899252266956015,418.74723375363294,0.0003674880820781966,0.975289054281962,6000,0.9930626003360014,1641,0.0017066311613791213,14.316746143727569,0.00174232887828122,26.0,0.0016721243766592297,0.0008354661944088273,862.0,3.887488010440531e-05,2,203.064001,1.3766765505351941e-11,1.3766765505351941e-11,0,2,1.0,0.0037510000000279143,1091,57,25.53205169948273,334.15581345008025,177.70876023202703,2.090925756186984
NDARKF442GZ5,R4,ThePresent,available,398,500.0,119.31962173815313,130,0,34,E8,E25,E21,E17,False,False,False,False,1,233,0.0013278718667911983,37.30062842229652,266.8010715300057,0.0003786727413333781,0.9889747641507248,6000,0.9978575541564227,1046,0.0017942727305356432,12.515541686945953,0.0018643925660735946,42.0,0.0017286837731265929,0.0009751852188529035,-20695.0,0.0007599328382557173,2,203.070007,5.284661597215745e-11,5.284661597215745e-11,2,2,1.0,-0.001745999999951272,1274,62,16.346613050532863,304.43966791799016,152.9737587928643,2.4897802197802195
NDARKF779EK2,R7,ThePresent,available,4129,500.0,59.81430238694855,130,0,42,E8,E25,E21,E17,False,False,False,False,90,235,0.004585895204651265,-1932.4298819429328,787.4618871257586,-0.0020261420132689193,0.9491842955833046,6000,0.9827820451247123,2611,-0.0021144505683889175,2.623550248029699,0.006392856715141609,35431.0,0.009487177758020902,0.005817938583501384,42630.0,0.00774688002701439,2,203.06600699999998,5.495603971894525e-11,5.495603971894525e-11,2,2,1.0000000000000002,-0.0005889999999754353,378,331,81.81910006962657,208.76684739558132,570.6366631773548,19.893835978835977
NDARKG016KD1,R11,ThePresent,available,18,500.0,60.02344082374696,130,0,42,E8,E25,E21,E17,False,False,False,False,297,229,0.0031177171913154694,161.00870034510905,243.2423140016115,-0.00024819170975453676,0.5781037873680728,6000,0.9786760654384266,953,0.0028511409974169527,3.685380257834006,0.003706212281534921,-26889.0,0.004747910125274776,0.003652191384721759,-26795.0,1.4954446573387393e-05,2,203.066005,1.176836406102666e-10,1.176836406102666e-10,0,2,1.0000000000000007,-0.0028469999999360127,1488,28,33.691001764757814,233.19745822100387,138.63806319493537,3.3064045698924733
NDARKG460MWV,R4,ThePresent,available,253,500.0,60.02327431913068,130,0,42,E8,E25,E21,E17,False,False,False,False,280,222,0.0009004033149479832,23.384083249109835,122.20824343214505,-0.001085952385576375,0.9294690134861001,6000,0.9977400781152604,479,-0.00016433371313657796,0.8006364323431271,0.0004385667102935748,20537.0,0.0010812073760098578,0.0003688716006601051,20767.0,5.037006679594377e-06,2,203.06400299999999,2.8199664825478976e-11,2.8199664825478976e-11,0,0,1.0,0.009084999999972023,1204,59,23.385333255475036,301.55764969569066,177.6099176362692,1.2208803986710963
NDARKG594WKT,R4,ThePresent,available,166,500.0,119.30774470634393,130,0,34,E8,E25,E21,E17,False,False,False,False,0,234,0.0033867261567156917,-34.290084441512235,285.4274300912386,-0.0008194988781498051,0.9778779606638425,6000,0.9984901764899435,1119,0.0026901790840633353,6.712304890137709,0.002696617213991131,-11.0,0.003944094976606326,0.0011561461019576477,-38055.0,0.0019413940827788198,2,203.068001,1.1235457009206584e-10,1.1235457009206584e-10,2,2,1.0000000000000002,-0.0004989999999190576,1751,32,21.30142445841917,209.27915596873558,375.0848688442009,2.4443460879497425
NDARKH168MC1,R9,ThePresent,available,321,500.0,30.003281074130417,130,0,42,E8,E25,E21,E17,False,False,False,False,67,243,0.005521275129015843,38.681317578101236,151.40978396828112,-0.003062688069396001,0.9104574738477609,6000,0.9787131020327335,594,0.0027340834847246055,2.304167672299692,0.0032665420047584843,32.0,0.005693431739870894,0.0005316675740227561,29645.0,0.0019697665609717287,2,203.285998,9.2148511043888e-12,9.2148511043888e-12,0,0,0.9999999999999999,-0.015068999999981365,1128,151,44.47120041949711,271.6842329865275,171.06757950035913,1.405859929078014
NDARKH444AGK,R5,ThePresent,available,168,500.0,60.02335266420044,130,0,42,E8,E25,E21,E17,False,False,False,False,657,233,0.0021406171561591724,265.15171560660264,413.51238379663243,-3.069517582926877e-05,0.6690377448477649,6000,0.9601285292995922,1621,0.002281681552113829,2.5621553115325293,0.004099684444386038,-35845.0,0.004751003591325195,0.0034101192037299787,-22096.0,0.006683244667609507,2,203.074005,8.038014698286133e-11,8.038014698286133e-11,0,2,1.0000000000000002,0.00701300000004682,1384,32,35.09068480437924,240.4064060303865,211.38408937799613,4.589869942196531
NDARKH835PRL,R11,ThePresent,available,481,500.0,60.01876896331968,130,0,42,E8,E25,E21,E17,False,False,False,False,407,227,0.006399094694961613,30.98362179570645,85.91312929944826,-0.005811061469553089,0.9458696261196046,6000,0.9983995685661186,337,9.446047975060671e-05,1.897360104113452,0.006797437165226042,40626.0,0.013194268437471401,0.006691671217749596,40778.0,2.743755846550469e-05,2,203.063995,9.43689570931383e-12,9.43689570931383e-12,0,2,0.9999999999999999,0.005802000000019256,1812,115,55.59208389903177,153.8294255959302,151.832322172995,5.308576158940398
NDARKJ322ELL,R4,ThePresent,available,3248,500.0,59.87310269093823,130,0,42,E8,E25,E21,E17,False,False,False,False,155,238,0.008290309680416528,-1616.5086589745251,723.5078872476828,-0.009841669757093186,0.9853503519714304,6000,0.9929480155161777,2802,-0.010223160595956118,0.3388070715391673,0.0018317779071280345,-31845.0,0.004382269609862073,0.00180945860305943,-31662.0,8.542948439289183e-06,2,203.06400499999998,1.532107773982716e-11,1.532107773982716e-11,0,2,1.0000000000000002,0.0070389999999976565,690,351,51.76915715588007,187.66909643553313,356.0025110030239,17.9616231884058
NDARKJ871YD6,R7,ThePresent,available,424,500.0,60.01379872398692,130,0,42,E8,E25,E21,E17,False,False,False,False,231,241,0.01665500291659284,134.37592840060702,390.4506947348212,-0.0006516241992185448,0.645241006417516,6000,0.9863977762635954,1530,0.013192231609957536,2.3676125204568614,0.029136143975008553,36659.0,0.056727150516746955,0.027340756529125154,-41373.0,0.03838953596724555,2,203.065998,4.440892098500626e-13,4.440892098500626e-13,0,2,1.0,0.005327000000000631,1091,72,26.037297709337235,329.887614666413,207.08165333362783,1.9177451879010083
NDARKK000PNQ,R5,ThePresent,available,2115,500.0,60.01847152875801,130,0,42,E8,E25,E21,E17,False,False,False,False,165,233,0.005943587281989756,-2867.4153422175095,311.8169283248261,-0.006124556250221594,0.9587753211120664,6000,0.9983434518696068,744,-0.005010148597607674,1.2603354763873391,0.00417503596647922,-44611.0,0.007953292875770727,0.0036016897725594747,-16980.0,0.008921874443088288,2,203.06400299999999,4.8405723873656825e-11,4.8405723873656825e-11,2,2,1.0000000000000002,0.0005410000000397942,1108,198,35.89221613747363,242.10314903130623,373.83690689026207,3.864720216606498
NDARKK633KD2,R11,ThePresent,available,987,500.0,60.02336808516684,130,0,42,E8,E25,E21,E17,False,False,False,False,143,238,0.002976530999272084,61.26675939796671,128.34332670557876,0.0013746403052868291,0.813047504845313,6000,0.9954578975234482,503,0.004428386072326352,2.227081275381163,0.01721060637258511,9701.0,0.036611911912595906,0.016383542189017202,19271.0,0.03032898967964022,2,203.065995,6.938893903907228e-11,6.938893903907228e-11,0,2,1.0000000000000004,-0.005863999999975295,1654,162,36.948226482261376,180.52598730257148,215.25398722945218,3.728821039903265
NDARKK774VP5,R7,ThePresent,available,284,500.0,60.02338771196189,130,0,42,E8,E25,E21,E17,False,False,False,False,138,242,2.6482290308194387e-06,136.264457434693,697.7440861069678,2.7332631391932213e-06,0.9853995149931886,6000,0.9917392191651326,2735,5.63579637560183e-06,6.606005073469641,5.708264052470423e-06,108.0,5.0346536682057345e-06,5.663535543193675e-06,25.0,2.0726327429244922e-08,2,203.064,1.1357581541915351e-10,1.1357581541915351e-10,0,2,1.0,-0.003212999999886622,1404,78,49.77901251842008,212.13828212777582,239.8639771001631,7.483796296296297
NDARKL053DWW,R9,ThePresent,available,43,500.0,26.654122354168145,130,0,42,E8,E25,E21,E17,False,False,False,False,71,256,0.016305775259375703,649.244463720079,519.8529853077395,-0.002887615061001057,0.7929815528250218,6000,0.9731704694739284,2038,0.0067032830263479655,2.9020584972220247,0.019859188375429083,-9987.0,0.03275418422399714,0.017577511963468684,-38659.0,0.02823365092098863,2,203.276001,6.117328865684613e-11,6.117328865684613e-11,0,0,1.0000000000000002,0.014394000000036893,1320,17,52.417193560302735,248.71299422445438,321.3613631830312,1.2713484848484846
NDARKL327YDQ,R4,ThePresent,available,1069,500.0,117.49403975194744,130,0,34,E8,E25,E21,E17,False,False,False,False,0,229,0.0005390016661927634,649.2853383430587,488.567610262649,-0.0007584660569373476,0.980088392622801,6000,0.9781126957340985,1915,-0.0003729995525909537,0.0841716314331738,1.3669392446076803e-05,-5861.0,0.00087133592029367,,,,2,203.069999,6.261657858885883e-11,6.261657858885883e-11,2,2,1.0000000000000002,-0.0005599999999607667,1863,60,60.73458726743731,147.716840756181,531.0130770792507,5.504900697799249
NDARKL610DH7,R11,ThePresent,available,89,500.0,60.0233507093189,130,0,42,E8,E25,E21,E17,False,False,False,False,210,225,0.004026049040687431,44.406373510442485,361.49586228687815,-0.0004623753826456546,0.8607586789944692,6000,0.9690491237217927,1417,0.004905130847878233,7.970437732592699,0.005211862779980455,25.0,0.00599519503051225,0.002954860796091997,9535.0,0.0036411012733516303,2,203.066005,7.605027718682322e-11,7.605027718682322e-11,0,0,1.0000000000000004,0.008044000000038083,1436,10,125.54740456704758,137.55806374964348,274.894263019787,21.546323119777156
NDARKM199DXW,R11,ThePresent,available,365,500.0,60.01415295596936,130,0,42,E8,E25,E21,E17,False,False,False,False,645,239,0.006222812244016879,41.45037273826274,465.6783293843023,0.0002584228285902159,0.8425548733273674,6000,0.9867356715477277,1826,0.007732882263887411,4.68159873418655,0.00831031085555805,41.0,0.011587527798074737,0.006864715182527333,-36893.0,0.007204716212530033,2,203.074005,2.19824158875781e-11,2.19824158875781e-11,0,2,0.9999999999999998,-0.0031389999999840734,1231,115,68.9698365853486,139.2536134410678,799.9857475557575,12.881015434606011
NDARKM250ET5,R6,ThePresent,available,156,500.0,60.02330045232901,130,0,42,E8,E25,E21,E17,False,False,False,False,117,239,0.003585490073584357,2833.6462329337746,875.3714796871027,-0.00113323348135769,0.9490122380107198,6000,0.9907552713669031,1882,-0.0015099072715001065,2.9686040240527563,0.00313536426105347,40855.0,0.0051895875169939275,0.002782814917287457,41203.0,7.300178806891617e-06,2,203.07199300000002,1.155742168634788e-10,1.155742168634788e-10,0,2,0.9999999999999999,-0.002198000000117313,1539,38,30.47331548467458,227.41757946379926,185.01857905876778,1.9753281351526963
NDARKM301DY0,R5,ThePresent,available,309,500.0,60.00412286704396,130,0,42,E8,E25,E21,E17,False,False,False,False,168,234,0.0018618310891800537,-525.4780246042457,415.3441610149366,7.535754999043254e-05,0.7784867588179626,6000,0.9792822251726326,1628,0.0009544960317253125,4.205834286422724,0.003496815172518333,-36013.0,0.003502110885595737,0.0026927729048868442,39718.0,0.00425884646840235,2,203.063994,5.984102102729594e-11,5.984102102729594e-11,0,2,0.9999999999999993,-0.003807999999965053,937,57,23.00888243911143,386.82944049790945,163.9426904580691,1.3586125933831377
NDARKM476GFK,R4,ThePresent,available,802,500.0,116.5249967766745,130,0,34,E8,E25,E21,E17,False,False,False,False,0,244,-1.0,-1.0,-1.0,-1.0,-1.0,-1,-1.0,-1,0.0006717835277711388,3.0279781643010124,0.019973126501961407,9808.0,0.019030948176237048,0.01932769658050286,9062.0,0.001508012426138891,2,203.065995,7.172040739078511e-11,7.172040739078511e-11,2,2,0.9999999999999999,0.0002589999999424431,619,58,137.0337581564004,97.00125429792209,673.3029417560739,21.22799676898223
NDARKM568HJK,R7,ThePresent,available,49,500.0,119.78910047750178,130,0,34,E8,E25,E21,E17,False,False,False,False,0,240,0.3110177159483443,448.50089896003715,861.4332486561958,-0.08050731867842109,0.9612511288039455,6000,0.988241798214148,3376,0.20283543834851253,3.891941766931641,0.4356478270497935,28214.0,0.459729736489507,0.3730433325947525,29938.0,0.19818082797604147,2,203.069999,1.865174681370263e-11,1.865174681370263e-11,2,2,1.0000000000000002,-0.0005260000000095512,1686,12,13.56431600535589,229.59070167874032,278.70361289100003,0.9813701067615659
NDARKM605AXX,R4,ThePresent,available,395,500.0,60.023085467445185,130,0,42,E8,E25,E21,E17,False,False,False,False,164,237,0.4838404619356791,2680.70820423646,314.90698982910175,-0.03973414363060675,0.514502325158656,6000,0.9957887693359154,936,-0.08127945260680026,3.265892460271498,0.7657332013194387,18121.0,1.4313282621965913,0.7556349880881079,18222.0,0.0011775269949283462,2,203.074002,3.574918139293004e-11,3.574918139293004e-11,0,2,1.0000000000000002,0.004487000000014364,861,76,33.90238188279054,409.9448936711433,210.4426275903677,3.65595818815331
NDARKM635UY0,R1,ThePresent,available,2336,500.0,110.30855496270149,130,0,34,E8,E25,E21,E17,False,False,False,False,0,243,0.004350238264983323,515.591332904534,599.2496528145259,-0.00045690774181372524,0.7355785204744072,6000,0.9804721973301525,2349,0.0027378934618227523,3.26882611715432,0.005206557917462566,43596.0,0.00732181483659115,0.004065206454674233,666.0,0.007519351015751819,2,203.070007,7.682743330406083e-11,7.682743330406083e-11,2,2,0.9999999999999999,-0.0003700000000664759,1601,171,42.30323178239669,134.24568055704563,777.8223927802251,5.760674578388508
NDARKM718VKX,R8,ThePresent,available,836,500.0,60.018939110183865,130,0,42,E8,E25,E21,E17,False,False,False,False,415,231,0.011747098180530538,21.456814179191962,250.53558885383063,0.0006224366967499525,0.9568487363427965,6000,0.9956487952068765,982,0.013774139254582476,7.554328840638139,0.014418539146273975,30.0,0.017846010283624845,0.0050708317435935865,-21461.0,0.006635239544378752,2,203.275996,6.916689443414725e-11,6.916689443414725e-11,0,2,0.9999999999999999,0.002799000000081791,1452,204,36.8561565007024,207.57736618006538,159.5844339661939,3.6391666666666667
NDARKM784VA7,R4,ThePresent,available,863,500.0,60.02308601087926,130,0,42,E8,E25,E21,E17,False,False,False,False,147,243,0.000851599430327902,47.28418266340738,258.5938088024778,0.0001987343890581489,0.9641199339357571,6000,0.9947758859863662,1014,0.001202859115879934,7.479757553594502,0.0012410381147734796,25.0,0.0013461582382170967,0.0005527878597116809,22014.0,0.0009229061977523757,2,203.063998,5.967448757360216e-11,5.967448757360216e-11,0,2,0.9999999999999999,-0.0036620000000623324,1182,167,31.334938513292386,269.57245672802264,196.52877182214962,2.975617597292724
NDARKM805EFA,R9,ThePresent,available,135,500.0,30.00325484478349,130,0,42,E8,E25,E21,E17,False,False,False,False,116,237,0.008915720346055615,-848.6099100530628,426.35331628433323,-0.0018812927818408424,0.8147643176657402,6000,0.983121766467948,1672,-0.0011404361620766196,3.4777229643714187,0.013021157354600164,13441.0,0.022348187212979535,0.010522583852973942,12926.0,0.0014141457535585059,2,203.276004,7.960299086562372e-11,7.960299086562372e-11,2,2,1.0000000000000002,0.001625000000045351,1147,43,49.894615185080575,283.0532927714916,384.4670635425123,1.9613949433304274
NDARKM823HJ7,R9,ThePresent,available,454,500.0,30.003249102049708,130,0,42,E8,E25,E21,E17,False,False,False,False,141,214,0.015567433263643436,31.99507945053663,239.3757971345459,-0.005678394419842376,0.841640185021642,6000,0.97618794985562,939,0.012131341962159797,2.8934166671498067,0.012399507155780122,16.0,0.02319878127038268,0.010891700775079899,-17453.0,0.017930758338357874,2,203.286006,9.747758156208874e-11,9.747758156208874e-11,0,2,1.0000000000000002,0.005500000000081078,970,318,62.43610216689703,226.43910427522528,198.20534305982827,5.3377216494845365
NDARKM941XLL,R3,ThePresent,available,1024,500.0,107.54296123728965,130,0,34,E8,E25,E21,E17,False,False,False,False,0,239,0.002098422075548568,-346.6100005457943,329.9956965151864,0.00038444726447869074,0.48093828529141064,6000,0.9890094634741023,1294,0.001966300732434525,4.974524932741801,0.009230753634240288,-19350.0,0.012679971829835178,0.0052608583278156195,-18837.0,1.2578383304645904e-05,2,203.07800600000002,1.8207657603852567e-11,1.8207657603852567e-11,2,2,1.0,-7.499999999188538e-05,976,156,36.652869731048995,262.13646379808716,796.9978323491476,10.061915983606557
NDARKN170UXD,R10,ThePresent,available,546,500.0,30.003098737096348,130,0,42,E8,E25,E21,E17,False,False,False,False,60,223,0.0017579345914537638,-21.19744716996036,162.54068151022534,-0.0008625215433392641,0.7046481089339713,6000,0.9861268863246166,637,0.0009986987740940785,1.4248184171414764,0.0011833929656950085,37075.0,0.001496092024983101,0.001166960368180266,36969.0,6.23142491041717e-06,2,203.066005,6.794564910705958e-11,6.794564910705958e-11,0,2,1.0000000000000002,-0.004316999999949486,1165,246,48.06570971894978,248.11357795120682,173.83658163045885,2.8060600858369096
NDARKN346XZH,R6,ThePresent,available,361,500.0,60.009018489978196,130,0,42,E8,E25,E21,E17,False,False,False,False,243,224,1.0960536893220292,2999.752525687117,330.1321084889526,-0.38963458350359065,0.6886765571097514,6000,0.9962499915913877,647,0.31888270190970947,3.3543106213891662,1.4525904544398027,44742.0,1.8696244138458444,1.244868230523133,30287.0,2.1098817739211704,2,203.064005,4.39648317751562e-11,4.39648317751562e-11,0,2,0.9999999999999999,-0.0029460000000308814,733,28,21.501730384129782,499.2188685891502,483.08211417180786,1.0305047748976808
NDARKN477EBH,R7,ThePresent,available,106,500.0,119.42520281841739,130,0,34,E8,E25,E21,E17,False,False,False,False,0,244,8.674421860320797e-05,160.75775781136946,294.3243686294491,5.814910883958395e-05,0.5453234367570637,6000,0.986784403244234,1154,0.0001324695107433995,3.7896358945996766,0.0003382571183216879,-3747.0,0.0005254075484994811,0.00030453030272318643,-4113.0,8.72519509286055e-06,2,203.069999,1.2878587085651816e-11,1.2878587085651816e-11,2,2,0.9999999999999999,0.0018540000000265254,0,51,,150.11838332432276,574.3600010639893,
NDARKN509RP9,R4,ThePresent,available,716,500.0,60.02304041644852,130,0,42,E8,E25,E21,E17,False,False,False,False,162,237,0.001708946234429829,-14.083883910498537,308.33214214229696,-0.0007421989347256811,0.9286670530040759,6000,0.966222472350777,1209,0.0013005005668882302,4.238997358795358,0.0013658749192969446,25.0,0.0022119887606745856,0.000709842599024956,9343.0,0.0011750920797054453,2,203.06199999999998,7.283063041541027e-11,7.283063041541027e-11,2,2,0.9999999999999999,0.00033300000008901995,927,138,25.93421100473664,366.7884514576735,181.32896333629085,2.2351887810140236
NDARKN633WZA,R4,ThePresent,available,320,500.0,119.81351367083226,130,0,34,E8,E25,E21,E17,False,False,False,False,0,228,0.0035296277176434187,-1462.5642277474715,700.7162583935393,-2.5776706359560536e-05,0.9098617021649077,6000,0.9933570789094174,2746,0.0006044765682199926,2.3709067936542993,0.011768406722330529,-18008.0,0.02350566348102713,0.011639295624782022,-30825.0,0.02378887302679577,2,203.069993,5.10702591327572e-11,5.10702591327572e-11,0,2,0.9999999999999998,0.0030850000000746925,890,52,25.425123335438858,440.84816925444807,191.84801917443892,3.4482359550561803
NDARKN742LEV,R8,ThePresent,available,696,500.0,59.91759702423011,130,0,42,E8,E25,E21,E17,False,False,False,False,174,237,0.002146030952715716,-21.40684944630682,395.71337541125024,0.0005209623260841751,0.5780739763356648,6000,0.9749234134749653,1552,0.0029162515035137857,3.527086857351749,0.008604857340715259,41363.0,0.012966389967207052,0.005913748810647858,-44881.0,0.012002587018396073,2,203.275993,3.0753177782116836e-11,3.0753177782116836e-11,0,2,1.0000000000000002,-0.007330000000061824,1069,334,69.96400013210445,132.16512949836232,355.015894352025,7.830598690364827
NDARKN988BRP,R4,ThePresent,available,588,500.0,60.02339505912108,130,0,42,E8,E25,E21,E17,False,False,False,False,123,225,0.00034877506877971896,40.56929644897138,277.0027457490041,-0.0001769818816777836,0.9689030039233479,6000,0.9515291883924499,1086,0.0002429278332785657,3.3909260891797954,0.0002727596734264165,29.0,0.0005278632611820503,0.00016005757323506178,-14229.0,0.00039222186804763095,2,203.073993,1.9095836023552692e-11,1.9095836023552692e-11,0,2,1.0000000000000002,-0.007792000000038488,1478,130,33.231281083085165,221.63184301267765,159.16878037750828,3.864749661705007
NDARKP414AZ5,R7,ThePresent,available,7858,500.0,38.06011700584731,130,0,32,E8,E25,E21,E17,False,False,False,False,0,196,0.0,-3000.0,266.6666666666667,0.0,,6000,,523,0.0,,,,,,,,2,203.061998,5.0182080713057076e-11,5.0182080713057076e-11,2,2,1.0,0.0006559999999563402,0,1,,,206463.49370390212,
NDARKP823HEM,R11,ThePresent,available,649,500.0,60.01373956652655,130,0,42,E8,E25,E21,E17,False,False,False,False,261,235,0.015562545420579851,2694.6699467880576,218.66398088667825,-0.015035930147840333,0.8828105376620691,6000,0.9627438892452482,733,-0.0019559899787689344,2.111430297209183,0.016523116852397494,6937.0,0.046791679853858376,0.016113853871605847,7081.0,1.0330537191537148e-05,2,203.075998,3.219646771412954e-11,3.219646771412954e-11,0,2,1.0000000000000002,-0.00717200000000779,1411,110,34.62010052935267,230.0450244858995,246.27572734831617,3.4457335223245926
NDARKP895CJG,R10,ThePresent,available,57,500.0,30.003073370376818,130,0,42,E8,E25,E21,E17,False,False,False,False,350,224,0.0007984614790445122,292.83328181413873,538.9841390858616,-0.000727386005687485,0.7391206625571591,6000,0.8753811710029762,2113,0.00022557518828621973,1.190822277192589,0.000830017654861324,14507.0,0.001047044754569863,0.0008057193240704289,31184.0,0.0009523882449459134,2,203.06600799999998,2.475797344914099e-11,2.475797344914099e-11,0,2,1.0,0.003166999999979017,939,24,53.174290171892274,369.06879523450914,186.09771248076342,2.877284345047924
NDARKR155ME9,R4,ThePresent,available,194,500.0,60.02319087066476,130,0,42,E8,E25,E21,E17,False,False,False,False,153,223,0.0003163102647486103,290.84003706873966,374.76492753817945,-0.00016354542130305732,0.8193795386438569,6000,0.7668618499874131,1469,0.00015633577701784475,2.51756356481759,0.000586842254865096,38196.0,0.0011050645332435364,0.0005798741569426737,38074.0,4.073639524062342e-06,2,203.063996,9.969802761133906e-11,9.969802761133906e-11,2,2,1.0000000000000002,0.0006050000000570577,1028,38,25.33167576892811,362.6373640032043,176.69136381095979,1.421498054474708
NDARKR391CMV,R9,ThePresent,available,66,500.0,60.023389332848474,130,0,42,E8,E25,E21,E17,False,False,False,False,184,230,0.050140873754638764,-370.22204742949026,897.9100530677957,-0.005490170204033815,0.8959136295866653,6000,0.991623039270338,3520,0.04146828445398726,6.959330962932875,0.1098288564350124,-13716.0,0.1180784163492555,0.04563323180345517,10875.0,0.07343173372171954,2,203.076004,2.8310687127941492e-11,2.8310687127941492e-11,0,2,1.0,0.006789999999971899,801,17,24.794397490447956,472.6159445095891,115.63946509843142,1.5929463171036202
NDARKT032RYR,R6,ThePresent,available,463,500.0,60.0184754288816,130,0,42,E8,E25,E21,E17,False,False,False,False,170,224,0.05060589175148573,798.7489560531598,798.1429948491281,-0.004690995313294553,0.8335703980513168,6000,0.9926151042817556,3129,0.028869201833141366,2.6166838124962744,0.07058259455110326,4180.0,0.13565462286747387,0.06995563677289143,4329.0,0.00021992478027410556,2,203.063995,5.2513549064769904e-11,5.2513549064769904e-11,0,2,1.0000000000000004,-0.00472299999998082,1071,96,25.106709646360837,322.0214151325701,186.55757811556902,1.5978991596638654
NDARKT540ZW0,R8,ThePresent,available,82,500.0,60.02343304680548,130,0,42,E8,E25,E21,E17,False,False,False,False,519,242,0.001827791766000288,21.16483761085426,258.19964525443424,8.938465196622455e-05,0.9728467362479787,6000,0.9924814297237392,1012,0.0022008512050487273,7.774503581845332,0.0023669228922499905,33.0,0.002373870537155622,0.0009555795480865773,-37431.0,0.0008090961006101552,2,203.062001,6.09512440519211e-11,6.09512440519211e-11,0,2,0.9999999999999997,-0.006942000000036286,911,16,23.134156887446316,413.8531652920501,152.02398851424078,1.537497255762898
NDARKT811ATJ,R3,ThePresent,available,1201,500.0,116.20769564209822,130,0,34,E8,E25,E21,E17,False,False,False,False,0,244,0.0057110176687317745,413.5683607406954,135.32226301109793,-0.0005949255648316036,0.6160824916416544,6000,0.9902191791282189,530,-0.0004693719823966032,2.7494509805136595,0.00600420291311574,22548.0,0.009797824367908084,0.005522796689085021,8353.0,0.011581700651407095,2,203.07000100000002,4.75175454539567e-11,4.75175454539567e-11,2,2,1.0000000000000002,-0.00051999999999196,1079,82,18.736168093177117,323.0967170482769,624.7051335222179,3.1393141797961075
NDARKU198KFL,R3,ThePresent,available,465,500.0,119.88576908229474,130,0,34,E8,E25,E21,E17,False,False,False,False,0,239,0.0007271218894287187,8.359550393823833,204.62526389554827,-0.00024472501393927844,0.9513644202596097,6000,0.9752078494497756,802,0.0006517098415089142,4.2288640107322815,0.0006518646783147513,1.0,0.0009701289748810654,0.00027472050618499225,40488.0,0.0003303644808668983,2,203.068003,3.774758283725532e-11,3.774758283725532e-11,2,2,1.0000000000000002,0.0007139999999811907,1506,108,21.970353431985057,250.98007068120987,132.21429678879028,3.0883798140770256
NDARKU278YRR,R1,ThePresent,available,244,500.0,119.26232184073208,130,0,34,E8,E25,E21,E17,False,False,False,False,0,229,0.0011213541957656198,210.94326794768412,333.7856142753773,8.673015419592747e-05,0.925559338922732,6000,0.9947190803963226,1309,0.0009856709730639822,6.375904886012992,0.001509146514425539,4615.0,0.001766756542610066,0.0012855839866958041,4207.0,7.275371998138012e-05,2,203.069997,1.7763568394002505e-11,1.7763568394002505e-11,2,2,0.9999999999999999,0.00035900000000765387,1387,34,18.337137928884804,278.479184749807,225.3990490150976,1.7125811103100215
NDARKU649DB7,R5,ThePresent,available,267,500.0,118.89248755445976,130,0,34,E8,E25,E21,E17,False,False,False,False,0,227,0.003239096366240616,-311.64154006522756,662.6924153080697,-0.0005544522932952068,0.9469838896242392,6000,0.9866547678982194,2598,0.0026551862429141588,2.9402146737655004,0.002985856487120361,-41119.0,0.004788998819504904,0.002733940027538926,-41345.0,3.854748253355293e-06,2,203.066002,2.708944180085382e-11,2.708944180085382e-11,2,2,0.9999999999999998,0.0007630000000550692,49,46,311.1720533835764,95.09932697916915,736.6517477174481,51.99163265306122
NDARKV353MTD,R5,ThePresent,available,18,500.0,60.022975004486256,130,0,42,E8,E25,E21,E17,False,False,False,False,164,226,0.009867735158292175,1826.546480629684,587.5289437007383,-0.0013599271200919034,0.751894997596119,6000,0.907154823942868,2304,-0.004532188375008142,4.929768857188461,0.032070210363092086,16400.0,0.04631129605182829,0.025276573163215896,15706.0,0.0001289037657862327,2,203.062001,5.3290705182007514e-11,5.3290705182007514e-11,0,2,0.9999999999999999,0.0045979999999504135,1039,25,26.185084761899883,352.8312351325453,195.26073139538195,2.1862656400384988
NDARKV800DTW,R7,ThePresent,available,1076,500.0,118.09522436328864,130,0,34,E8,E25,E21,E17,False,False,False,False,0,237,0.003759578080104457,121.4051421621498,338.7238977705986,-0.00012813162415186027,0.96163565946578,6000,0.993526250177378,1328,0.0037461800200511313,6.329137231996001,0.0037475477884307017,-6.0,0.0050029932014978365,0.0026513342797168907,38011.0,0.0037112435823168587,2,203.067993,5.728750807065808e-11,5.728750807065808e-11,2,2,1.0,0.0009700000000571688,1291,194,27.450980983180596,262.2500682253405,225.3880956763323,4.275391169635941
NDARKV807EMJ,R5,ThePresent,available,501,500.0,119.55156778511963,130,0,34,E8,E25,E21,E17,False,False,False,False,0,246,0.002032294123291763,131.40764425114514,349.58450284844463,0.00031135379418247125,0.8825679158799569,6000,0.9969475175211996,1370,0.0023713378794766047,6.525612947984663,0.0025652180319567226,106.0,0.002355420043168518,0.0012672884601104527,14580.0,0.0009687655413465174,2,203.07000100000002,5.0182080713057076e-11,5.0182080713057076e-11,2,2,1.0,-8.59999999570477e-05,1220,93,18.865570745382676,318.59307239896253,151.10313307625415,2.4246147540983602
NDARKW010CT2,R4,ThePresent,available,863,500.0,117.88068853232163,130,0,34,E8,E25,E21,E17,False,False,False,False,0,232,0.0013398420224019648,284.12545082794423,228.9884787615305,-0.0010051492531200938,0.954253377686555,6000,0.9478925667962769,897,-0.0001624135963429991,1.6229732443614893,0.0006667637693844839,-39846.0,0.001766364471078597,0.0006655422671255655,-39747.0,5.3336991063155335e-06,2,203.070006,5.417888360170764e-11,5.417888360170764e-11,2,2,1.0,0.0007769999999486014,1932,92,41.88254496187336,164.25447918229187,284.084859683345,4.11074016563147
NDARKW236TN7,R11,ThePresent,available,233,500.0,60.02340184651181,130,0,42,E8,E25,E21,E17,False,False,False,False,265,249,0.007039739210204752,-3669.2108972628284,1636.300909004347,-0.003106887453538667,0.7021863743901992,6000,0.8883346108009508,2538,-0.003261559500140203,5.187625381184445,0.01673103067336804,11856.0,0.025874442001329795,0.007207360620034973,3682.0,0.01420162574854024,2,203.075994,5.540012892879531e-11,5.540012892879531e-11,0,2,1.0000000000000002,-0.006821000000082524,1599,56,44.08457964454416,191.46702460063557,149.94127710097607,7.786785490931831
NDARKW383ZPF,R4,ThePresent,available,421,500.0,103.52426279098722,130,0,34,E8,E25,E21,E17,False,False,False,False,0,263,0.0010442204405045326,-861.9560538049916,1027.3949451945282,-0.00018776647659973818,0.9256013462696,6000,0.9807080784889921,4027,0.0005939572841287531,3.6416719261579886,0.000980019608402897,14711.0,0.0013618679825096167,0.0009231691462251846,-864.0,0.0013898411306506623,2,203.07000299999999,3.5083047578154947e-11,3.5083047578154947e-11,2,2,1.0000000000000002,0.0009450000000130678,983,53,44.62140423860989,253.26259520289096,2178.8976410419664,14.645564598168871
NDARKW511VE6,R11,ThePresent,available,228,500.0,60.014004113489825,130,0,42,E8,E25,E21,E17,False,False,False,False,511,226,0.0021049369868515306,-2.8916958255522958,364.0789160201783,-0.000216042650098097,0.9632339567891857,6000,0.9950615761702374,1427,0.0021221566360545277,6.068524019663274,0.0022192394864274873,36.0,0.0025831664755867003,0.0008644546436637356,40090.0,0.0007998576275996827,2,203.066,5.6066262743570405e-11,5.6066262743570405e-11,0,2,1.0,-0.007120000000055338,1647,26,63.801933845303154,159.38629989774364,343.46769305515744,7.104383727990285
NDARKW521EMY,R4,ThePresent,available,273,500.0,59.98462060577189,130,0,42,E8,E25,E21,E17,False,False,False,False,242,242,0.004234516095226526,60.286811361175054,677.3296166571396,0.0014446580715008139,0.6429909719295184,6000,0.9358359803374265,2655,0.00564631909489638,7.905008382077075,0.015024907112079634,13072.0,0.01668183380446041,0.005951011682062367,71.0,0.007877868916788116,2,203.074002,6.772360450213455e-12,6.772360450213455e-12,0,2,1.0,0.006893999999986516,1556,22,31.89730284580866,223.59168202173615,414.7602469531252,2.0252506426735217
NDARKW738AMY,R2,ThePresent,available,148,500.0,119.45590025307033,130,0,34,E8,E25,E21,E17,False,False,False,False,0,245,0.005832479989995671,40.136491775830336,223.94458422269776,-0.00015010732553931094,0.856258766310789,6000,0.9980434787777068,878,0.005650601611664274,7.788751232822354,0.005929631666318932,61.0,0.006424962488268207,0.0018874841709556427,-42181.0,0.0013949718722454179,2,203.069994,1.0169642905566434e-10,1.0169642905566434e-10,0,2,1.0000000000000002,0.0029680000000606604,1123,23,16.12186364432813,342.48859233120874,509.70486505223465,1.5126447016918967
NDARKX108EG9,R10,ThePresent,available,933,500.0,60.023399947519714,130,0,42,E8,E25,E21,E17,False,False,False,False,551,229,0.008607252546852023,134.09914003440556,360.41323336579956,-0.0002852453607812344,0.904535207735259,6000,0.952734018935037,1413,0.011081162325180716,8.18689112569895,0.01208655471410333,34.0,0.014961665852461982,0.004195962071448993,675.0,0.0001944312179713928,2,203.06800099999998,8.393286066166183e-11,8.393286066166183e-11,2,2,1.0000000000000002,-0.00113699999994631,1369,199,32.12905706555224,235.6548734273542,154.3862823916691,3.3734185536888233
NDARKX265YX7,R7,ThePresent,available,228,500.0,60.01845649635248,130,0,42,E8,E25,E21,E17,False,False,False,False,176,246,0.32154196894788395,-2526.360694714454,907.8700186113573,-0.055375382951283,0.7784054849055421,6000,0.9831179954278807,2254,-0.26705991568881954,5.4066358252615245,0.8859366781507941,50883.0,0.08085688249868117,0.7503353563541333,-48998.0,1.2558690426793808,2,203.063995,4.951594689828198e-11,4.951594689828198e-11,0,2,1.0000000000000004,-0.0035589999999868236,1049,32,26.936083352903463,347.8692963115209,251.46908914852338,2.075853193517636
NDARKX528PH3,R4,ThePresent,available,47,500.0,119.85681812826411,130,0,34,E8,E25,E21,E17,False,False,False,False,0,244,0.003453093385568632,62.67558758799026,518.1342470463617,-0.0006017701118642277,0.8377447893162806,6000,0.9586973151487446,2031,0.003936855696791925,4.8675006995104395,0.003966200570529851,9.0,0.006129658725401808,0.003196760780739582,49753.0,0.003572650560878406,2,203.06399399999998,1.6653345369377348e-11,1.6653345369377348e-11,2,2,0.9999999999999999,-0.00012599999999468876,1822,10,22.67562248520549,196.27626584079258,255.2407242665996,2.5850493962678374
NDARKX640YF6,R10,ThePresent,available,669,500.0,30.003240156367596,130,0,42,E8,E25,E21,E17,False,False,False,False,70,224,0.0031786962225773337,-2.4958930193542224,239.00945576873295,0.00017732190943626426,0.6675025000903133,6000,0.9966434650623921,936,0.0037310196952042344,3.159209189271226,0.003799018329732704,20.0,0.00362376350385987,0.002047916970551211,-22242.0,0.0012781352144610701,2,203.06600600000002,2.9976021664879227e-11,2.9976021664879227e-11,0,0,1.0,0.008732000000031532,697,214,38.82991337966095,399.72489234086385,215.09580408880763,1.7098995695839314
NDARKX665ZD3,R5,ThePresent,available,92,500.0,60.02337090078894,130,0,42,E8,E25,E21,E17,False,False,False,False,135,237,0.00159485905665728,38.25805877069102,220.8224611270537,0.00021113656031451395,0.9251183145322547,6000,0.995806801220763,866,0.0020062098708155856,9.603732747377192,0.0021149315477673883,27.0,0.0020799797557091264,0.0007584561932148386,-22535.0,0.0006284691376292092,2,203.061995,7.172040739078511e-11,7.172040739078511e-11,0,2,1.0000000000000007,0.003349000000000767,1324,16,24.374263919089085,279.7953867843918,199.91875387531994,1.251737160120846
NDARKX788PHG,R4,ThePresent,available,173,500.0,119.87123814135572,130,0,34,E8,E25,E21,E17,False,False,False,False,0,236,0.0015567575267403401,-7.469419525006306,314.3508022308957,0.0014942136504891915,0.954346535181519,6000,0.9955843628191301,1232,0.0037560948714805637,2.474205433888962,0.0037580884173457887,2.0,0.002470424452246917,0.0034831896340320836,-15127.0,0.0016991130453676642,2,203.066002,8.859579736508749e-11,8.859579736508749e-11,0,2,1.0000000000000002,0.0030400000000633475,1752,43,18.660008266147436,218.51118306799918,122.98954869652225,2.1185844748858447
NDARKY667THK,R2,ThePresent,available,163,500.0,119.60381352366754,130,0,34,E8,E25,E21,E17,False,False,False,False,0,238,0.0011387912120647554,257.2790438833,343.9615639782136,-0.0004445416109988253,0.8838363556150008,6000,0.9037177431968475,1348,0.0005637919272145002,3.1905808194539875,0.0010468945673888868,116.0,0.001511008639136289,0.0005282472567303256,39317.0,0.0006373081737101919,2,203.07,1.021405182655144e-11,1.021405182655144e-11,2,2,1.0,0.000994999999979023,2071,36,40.026084483662544,154.88707414897834,247.14683995124696,3.4536793819410914
NDARKY690JBA,R10,ThePresent,available,672,500.0,30.00315501258595,130,0,42,E8,E25,E21,E17,False,False,False,False,151,232,0.01702446939820671,111.30717839771005,300.5401093105071,0.001042099690948112,0.6634043177676726,6000,0.9701492741569823,1178,0.014254980277992827,3.2146254950843574,0.036596703972498,-44961.0,0.0472310844225292,0.03449344412970375,41052.0,0.0626211292581683,2,203.066001,1.0480505352461478e-10,1.0480505352461478e-10,2,2,0.9999999999999996,0.000997999999933406,937,116,42.22391405138402,316.1325912465722,398.8213642849972,1.597043756670224
NDARKZ031NJZ,R7,ThePresent,available,605,500.0,118.4837711246989,130,0,34,E8,E25,E21,E17,False,False,False,False,0,241,0.022767992757781876,3065.8043041666456,2429.7274947132223,-0.007491952347536349,0.19972146849353364,6000,0.2468868686021391,4696,-0.018538755207711508,2.9198854918169106,0.01675552794603568,4616.0,0.032526515100972264,0.016754426309680787,4585.0,2.053894893702668e-06,2,203.064001,2.3314683517128287e-11,2.3314683517128287e-11,2,2,0.9999999999999998,-0.0008059999999814334,1118,117,21.717596033893397,326.16243867953887,227.98548653612454,3.4346779964221823
NDARKZ085UKQ,R6,ThePresent,available,159,500.0,60.023167478075436,130,0,42,E8,E25,E21,E17,False,False,False,False,123,218,0.00045762924480581243,-8.004505340154337,288.40096299998794,-0.00028066399398795434,0.893678146098402,6000,0.9275652029496413,1131,0.00028141699631661026,1.6944176920536191,0.00036283498539760247,3878.0,0.0006466279012256751,0.00035949961390040967,4264.0,1.205884554582212e-05,2,203.06399299999998,8.215650382226158e-12,8.215650382226158e-12,0,2,1.0,0.005148000000016264,917,34,23.275337015237106,410.1271910949778,166.1132386398575,1.5021919302071973
NDARKZ479FC8,R4,ThePresent,available,122,500.0,119.85215330554229,130,0,34,E8,E25,E21,E17,False,False,False,False,0,251,0.0025498838924877163,-26.042583471008104,280.98409533363247,-0.0007645646568356381,0.7795187904175952,6000,0.9895010140750664,1101,0.0021656714402330302,2.4307663662865777,0.0028098800426614415,20959.0,0.003225217813057914,0.0027949482471872266,20812.0,1.077457552770911e-05,2,203.070007,1.554312234475219e-11,1.554312234475219e-11,2,2,1.0,0.0007020000000315753,1484,23,41.65108536296185,238.66818322841465,124.39059930484338,6.833517520215634
NDARKZ634RVX,R5,ThePresent,available,664,500.0,116.56182677193907,130,0,34,E8,E25,E21,E17,False,False,False,False,0,240,0.0012586282853494324,-2497.9362400052723,610.3387165866664,-0.0010595363752903709,0.8223489632330323,6000,0.9945706832447204,1699,-0.0001631652695094464,1.4617305334582769,0.002515103616783963,-18879.0,0.004255985773309031,0.002436061460552767,-19047.0,5.726528134188027e-06,2,203.07,1.554312234475219e-11,1.554312234475219e-11,2,2,0.9999999999999999,-0.00035900000000258197,1001,76,16.03337339020411,375.06543269344246,355.9569463222041,2.148661338661339
NDARKZ949UAL,R8,ThePresent,available,220,500.0,60.023620665440525,130,0,42,E8,E25,E21,E17,False,False,False,False,240,226,8.556907148529503e-06,2382.200389433788,1102.7737613008833,-6.475414918689521e-06,0.916440367799672,6000,0.985128340985129,2779,-7.045332444258238e-06,1.3766422016923545,5.620727536672665e-06,29332.0,7.613516565724808e-06,5.577616088226822e-06,37054.0,7.40313206561453e-06,2,203.276001,2.9976021664879227e-11,2.9976021664879227e-11,0,2,1.0000000000000002,0.00604700000000287,1107,37,28.74612469619814,312.24836885147676,534.9500875416362,1.5024028906955735
NDARLA226ADX,R8,ThePresent,available,41,500.0,60.02318313117885,130,0,42,E8,E25,E21,E17,False,False,False,False,232,222,0.0030542355751412733,20.880029789220693,169.22725944571732,-0.0012177471857912788,0.9869185086589239,6000,0.9936971580065377,663,0.0019632914919159765,7.156424645919293,0.0021520358748488766,27.0,0.003714939166182314,0.00023218129750802736,39827.0,0.001752169602568355,2,203.07200600000002,2.1094237467877974e-12,2.1094237467877974e-12,2,2,0.9999999999999999,0.0017869999999959706,1185,10,26.346786724687878,315.7019377145489,146.60463360626667,1.6793333333333333
NDARLA788EWU,R5,ThePresent,available,923,500.0,59.99905865047314,130,0,42,E8,E25,E21,E17,False,False,False,False,155,239,0.018366906752192852,2116.8981983216972,1398.0940106742014,-0.014304438988360698,0.9290079433962973,6000,0.9634152946404987,3623,-0.020065397888086225,0.5661356473891477,0.004033877235394637,1996.0,0.004779804367740208,0.0031771185588638337,4607.0,0.0027123914132119956,2,203.064004,5.440092820663267e-12,5.440092820663267e-12,0,2,0.9999999999999999,0.006846000000010908,1515,154,31.66035518692714,208.12252499688782,209.10910588647087,2.1475643564356433
NDARLA998XAC,R7,ThePresent,available,412,500.0,114.28029157875285,130,0,34,E8,E25,E21,E17,False,False,False,False,0,230,-1.0,-1.0,-1.0,-1.0,-1.0,-1,-1.0,-1,-0.003098389581172618,4.521275975407691,0.04701029629948093,50410.0,0.032492520792629306,0.03919220776458116,49158.0,0.013447652265990505,2,203.065996,4.6629367034256575e-11,4.6629367034256575e-11,2,2,1.0000000000000002,-1.2999999992495048e-05,44,26,34.70287136576432,174.61449518667652,13035.018249000042,9.402727272727272
NDARLB026GCN,R11,ThePresent,available,37,500.0,60.02340052935636,130,0,42,E8,E25,E21,E17,False,False,False,False,165,228,0.003441721506638041,-1121.5492310511818,67.46304167983942,0.019940332693127578,0.9498156505258813,6000,0.9999807081800959,264,0.020974151239206044,2.5906638987827004,0.02921103040657938,40649.0,0.015732185222467478,0.028682129413567764,44923.0,0.008084543737729006,2,203.066005,1.965094753586527e-11,1.965094753586527e-11,0,2,1.0000000000000002,-0.0031790000000111026,1687,10,38.07319934838554,201.0731479754288,209.91946340401233,2.0316182572614108
NDARLB162XP2,R5,ThePresent,available,314,500.0,119.30717538553888,130,0,34,E8,E25,E21,E17,False,False,False,False,0,239,0.473950013319074,886.406004388795,483.33796360752206,-0.147127541309145,0.8250451347742658,6000,0.9892749636943706,1894,-0.020568418104326042,2.935238283643247,1.2139988210077715,47846.0,1.4198858143060376,1.1394596915521906,46364.0,0.5827597938000747,2,203.06599500000002,4.440892098500626e-11,4.440892098500626e-11,2,2,0.9999999999999998,0.00020800000006100338,1291,44,15.347003589149628,299.36865054259044,192.72448622841296,1.5634856700232378
NDARLB581AXF,R6,ThePresent,available,433,500.0,60.018606909541774,130,0,42,E8,E25,E21,E17,False,False,False,False,367,284,0.001101304356335658,1754.1655180914008,489.97890605155925,-0.0005798646240100659,0.708039338210024,6000,0.9320789482723073,1921,-0.0018088938511342282,1.8330412592017327,0.001505612941418211,43641.0,0.002047388161860768,0.001500307063529005,43592.0,9.601210497272531e-07,2,203.074004,3.419486915845482e-11,3.419486915845482e-11,0,2,1.0000000000000004,-0.004944000000011946,1124,23,23.514197064263122,319.67946556303275,886.238115803908,1.2806316725978648
NDARLC770YL9,R9,ThePresent,available,27,500.0,30.003289428681057,130,0,42,E8,E25,E21,E17,False,False,False,False,62,207,0.005982554277490884,22.301655869310114,217.9498723505652,-0.0005399152686518727,0.9110938954138073,6000,0.9964857608175974,854,0.0060411759036447955,5.047655143818658,0.006251110729858053,20.0,0.009295749199535009,0.003881322473047117,-19361.0,0.006672810291638552,2,203.285999,2.2537527399890678e-11,2.2537527399890678e-11,0,0,1.0000000000000002,0.014645999999983061,1150,16,51.040422359085035,278.951846183742,568.7130222254086,1.868069565217391
NDARLD287MLP,R7,ThePresent,available,271,500.0,60.00881430438457,130,0,42,E8,E25,E21,E17,False,False,False,False,110,246,0.012068516989950135,457.7965085633915,227.73146300532622,-0.008388381885535368,0.7714557889391972,6000,0.9479522501887057,893,-0.0045186334371503266,2.289666432711867,0.026200511005315223,-35430.0,0.06207063455916205,0.02259040216789495,40561.0,0.04425211944918201,2,203.066004,3.83026943495679e-11,3.83026943495679e-11,0,2,1.0,-0.0037059999999517,1014,35,25.335290813287532,357.80011782106016,326.06805379108937,1.864871794871795
NDARLD738DUM,R4,ThePresent,available,845,500.0,59.98456030632186,130,0,42,E8,E25,E21,E17,False,False,False,False,143,224,0.004001995521675615,2888.58080710196,837.7752243878418,2.893333929400982e-05,0.8911223930746054,6000,0.9396363709631501,1753,0.00020458516878101935,6.757344996616002,0.004130398907224302,2888.0,0.005824908309453737,0.001367534160737719,-9395.0,0.0026636284568574116,2,203.074007,6.206146707654625e-11,6.206146707654625e-11,0,2,1.0000000000000002,0.004565000000038588,1259,41,34.259745534524974,256.46568782485645,746.4619809633215,2.530047656870532
NDARLD978JVJ,R5,ThePresent,available,441,500.0,60.004116281409644,130,0,42,E8,E25,E21,E17,False,False,False,False,157,222,0.0034299214815719705,668.8984232522931,821.3252224354095,-0.0006372768043275892,0.695667442325963,6000,0.856087593964988,3219,0.001970162986037139,5.113001012280835,0.00955647493295171,17015.0,0.013742302399818506,0.004706934986530917,8963.0,0.008276127960739666,2,203.075996,2.9531932455029164e-11,2.9531932455029164e-11,2,2,1.0,0.0012270000000306164,1043,69,29.965443484476904,323.206258144106,399.8529628765543,2.6042953020134227
NDARLE091XAZ,R5,ThePresent,available,79,500.0,60.02342501959674,130,0,42,E8,E25,E21,E17,False,False,False,False,104,233,0.0005092325318418902,37.34408463089326,274.7561816811598,-3.182720146114748e-05,0.9498364509744303,6000,0.9911171149102306,1077,0.0005606919961452106,8.99399100499043,0.000585517661814497,23.0,0.0007330973289731789,0.00018233351514836138,46285.0,0.00024138404133454514,2,203.065996,5.6843418860808015e-11,5.6843418860808015e-11,0,2,0.9999999999999999,0.005736000000056921,1505,10,36.93018655325783,230.9176152367904,244.90998047500491,2.4069767441860463
NDARLE282UHJ,R9,ThePresent,available,521,500.0,30.003290996541473,130,0,42,E8,E25,E21,E17,False,False,False,False,77,233,-1.0,-1.0,-1.0,-1.0,-1.0,-1,-1.0,-1,0.007858832129246662,2.5939357105249643,0.032146548250109486,24173.0,0.062099669678165506,0.03154628350283441,38660.0,0.03945395794176253,2,203.286003,1.113553693699032e-10,1.113553693699032e-10,0,0,0.9999999999999997,-0.015290000000080232,1381,58,65.74745407308613,192.6069833465036,678.7143628688797,2.676835626357712
NDARLE335PRN,R8,ThePresent,available,350,500.0,60.02360906677964,130,0,42,E8,E25,E21,E17,False,False,False,False,470,215,0.005711312817674528,25.18182813649689,115.4850531758176,-0.0005737056945710361,0.8595755947432354,6000,0.996712565802593,453,0.005317192498703444,8.332890242931365,0.005818078866490199,25.0,0.007054887381013593,0.0016506383060335857,41743.0,0.001973299273186399,2,203.28599499999999,1.8762769116165146e-11,1.8762769116165146e-11,2,2,0.9999999999999999,-0.0015249999999907553,1409,75,33.88987509451335,231.52893757303642,214.59063424587015,2.8862455642299505
NDARLE412VD5,R8,ThePresent,available,243,500.0,60.023402073189175,130,0,42,E8,E25,E21,E17,False,False,False,False,160,219,0.0006394362594717415,74.7246218102032,352.894936470743,0.00018619734729079376,0.957251632761062,6000,0.9916043954859795,1383,0.0009944663195843955,4.996435058571064,0.0010346479968317383,27.0,0.0011440561672092433,0.000628709061125961,4281.0,0.0004681782315747797,2,203.074006,3.785860513971784e-11,3.785860513971784e-11,0,2,0.9999999999999999,0.0024629999999811756,936,52,23.44286278292612,383.1556499404971,173.65322451637826,1.663344017094017
NDARLE417FRX,R4,ThePresent,available,566,500.0,60.01374380149731,130,0,42,E8,E25,E21,E17,False,False,False,False,134,241,0.0009629347455376684,8.86483099197012,170.33041645999384,-0.00015942724609460516,0.815620144832572,6000,0.9900533163438834,667,0.0008608105902526334,6.057030865979349,0.0009520035049389957,33.0,0.0014433993416352426,0.0005126409360726697,-37409.0,0.0007810317154239004,2,203.06599899999998,1.5210055437364645e-11,1.5210055437364645e-11,0,2,0.9999999999999999,0.00398099999999824,970,113,24.750791378571176,359.19305161262116,169.69609969394983,1.9116082474226803
NDARLE417RA4,R5,ThePresent,available,496,500.0,60.018509799103384,130,0,42,E8,E25,E21,E17,False,False,False,False,191,236,0.0010655179852219292,54.93071448853269,363.89988597467135,0.00027552172978216366,0.9513872016934801,6000,0.9922852383650421,1427,0.0015928749779717919,14.781456316120506,0.0016954960037527896,32.0,0.0017311208402614473,0.0006201030988053519,5260.0,0.0005058660947835113,2,203.062002,3.0531133177191805e-11,3.0531133177191805e-11,0,2,0.9999999999999999,0.004317000000032717,1182,35,33.70216281845174,288.69694964332587,412.6829087957902,4.55844331641286
NDARLE425YXG,R11,ThePresent,available,12115,500.0,60.023317589647526,130,0,42,E8,E25,E21,E17,False,False,False,False,277,240,0.013424400697731752,2974.9946726907688,272.51069271540405,-0.0035115766594386007,0.7071187201932925,6000,0.994599373724605,559,0.0013337821004874829,3.3184028175930336,0.028855016875106672,43114.0,0.049367678366657154,0.02529613523457165,43331.0,0.0012283489233448144,2,203.065993,4.785061236134425e-11,4.785061236134425e-11,0,2,0.9999999999999996,-0.0026399999999037922,8,5,133.2758527437318,111.08042666973567,80682.25979412378,24.3275
NDARLE849LCR,R8,ThePresent,available,249,500.0,60.018510605293095,130,0,42,E8,E25,E21,E17,False,False,False,False,142,225,0.0014938847316837045,1614.917410535483,1207.2884933843322,-0.0007575072327774809,0.9128762499047153,6000,0.9018623041319095,3751,-0.0005966929068581611,1.5663985991487046,0.0011971882312907685,4946.0,0.0035427555406895295,0.0009542833228858178,1611.0,0.0009354062501786538,2,203.06399499999998,3.9968028886505635e-11,3.9968028886505635e-11,2,2,1.0000000000000002,-0.0012480000000518094,886,36,23.91914299846509,404.8168515128268,249.4391301385021,1.5034424379232507
NDARLF032LXH,R5,ThePresent,available,9463,500.0,57.394101973287526,130,0,42,E8,E25,E21,E17,False,False,False,False,150,246,0.001758145541673628,-654.9371461009807,426.3552743495345,-0.00010917890377688629,0.9508739401754551,6000,0.9949998996948137,1671,0.00034304360702417194,2.878280805774207,0.0017031743741561234,-579.0,0.001955428225508745,0.0011043441306420368,-29878.0,0.001191510357635709,2,203.071995,6.405986852087153e-11,6.405986852087153e-11,0,2,1.0000000000000002,-0.002091999999957254,70,362,76.40181713779438,130.47380233566085,973.5826278442263,25.59042857142857
NDARLF446MT5,R4,ThePresent,available,1579,500.0,71.2581221033959,130,0,34,E8,E25,E21,E17,False,False,False,False,0,242,0.013787131970708579,-313.5066136825296,970.7010020191346,-0.005675116378981023,0.8567065758811568,6000,0.820557514050066,3806,0.006852268482828895,2.675690567424695,0.015280612974461235,6570.0,0.03331972266177433,0.015246317270503854,6535.0,2.983732397494887e-06,2,203.065997,4.951594689828198e-11,4.951594689828198e-11,0,2,1.0000000000000002,0.0026140000000135794,721,38,26.730410543724854,245.5029166455874,5547.655812071333,5.870097087378641
NDARLF616PBU,R1,ThePresent,available,385,500.0,119.7507905520795,130,0,34,E8,E25,E21,E17,False,False,False,False,0,223,0.0006802697185571685,23.76622416226554,121.9811029438802,-0.0002707241488838555,0.9290693192692465,6000,0.9856036354867171,478,0.0003679909452426728,3.0164656471765476,0.0004744477977172978,50.0,0.0008715319756630387,0.00026840726046962283,19449.0,0.0006195996938630347,2,203.06999599999997,7.72715225139109e-11,7.72715225139109e-11,2,2,1.0,0.0019669999999301514,1245,57,16.24833101879284,311.7285167879145,199.30954523369314,2.005180722891566
NDARLG154ZA3,R4,ThePresent,available,12362,500.0,60.023101468675755,130,0,42,E8,E25,E21,E17,False,False,False,False,238,246,0.004222581302125283,1024.8912048224538,318.25666406293965,0.003470940428911576,0.5624702838661991,6000,0.1422213097377048,1247,0.0034639228235591774,1.9772149118966231,0.003616882069013167,218.0,0.00017250971557115002,0.0035900852038354917,-28473.0,0.0001067325963756971,2,203.064004,3.164135620181696e-11,3.164135620181696e-11,2,2,1.0,0.0006129999999650585,0,2,,,204105.70890421674,
NDARLG424ZL1,R10,ThePresent,available,228,500.0,30.003143293213803,130,0,42,E8,E25,E21,E17,False,False,False,False,160,241,0.2032511530800852,-943.2424643836216,1409.9394682103355,-0.05476958798952945,0.712946084514282,6000,0.7177420779432968,4821,0.10065802799325309,3.1700317275457737,0.2447970162730444,20904.0,0.4844010952466205,0.18888541085475505,6973.0,0.28263297075494054,2,203.065997,3.2307490016592055e-11,3.2307490016592055e-11,0,0,1.0000000000000002,-0.013549000000007961,505,201,69.76578309726027,432.39784517279105,547.7271489098612,8.705128712871288
NDARLG987WB0,R7,ThePresent,available,1053,500.0,118.64683900525124,130,0,34,E8,E25,E21,E17,False,False,False,False,0,240,0.014207458094198336,2505.4515666155366,973.6319060455805,-0.006754770143082402,0.9234462440618384,6000,0.8689432896026174,2402,-0.008416432731519735,2.2603116434070154,0.011623114440975586,36122.0,0.024981762591072182,0.008088236749054449,41633.0,0.01264193179146205,2,203.065995,2.90878432451791e-11,2.90878432451791e-11,2,2,1.0000000000000002,-0.0006780000000297798,1682,131,22.013026545673988,204.13723356107838,223.36435706774293,2.194548156956005
NDARLH043YDK,R8,ThePresent,available,211,500.0,60.02306639232304,130,0,42,E8,E25,E21,E17,False,False,False,False,207,233,0.008450268700971608,-2656.284325456656,1603.3869252344562,-0.008293164499241746,0.9905275268336123,6000,0.9888906072230209,3487,-0.004348508312721316,0.1554554950250777,0.0007241872775590872,-22982.0,0.001556526345776806,0.000685253967737411,-23187.0,1.1000978338178316e-05,2,203.074001,3.241851231905457e-11,3.241851231905457e-11,0,2,0.9999999999999999,-0.004865999999963408,1062,34,26.19934876139026,342.25852696062384,203.84540261425684,2.0691713747645952
NDARLH263KCL,R7,ThePresent,available,41,500.0,119.70281670209876,130,0,34,E8,E25,E21,E17,False,False,False,False,0,244,0.013716763134972802,-3401.27934032444,2106.862760544267,-0.01300182106182799,0.9979889973512868,6000,0.9969506094346358,3729,-0.011087674106059126,0.2125358141718514,0.0017383653705966369,-3926.0,0.0024737375682879993,0.0017080075506465263,-4371.0,7.732269311724882e-05,2,203.069994,7.549516567451064e-11,7.549516567451064e-11,0,2,0.9999999999999999,0.0037389999999350287,1382,25,17.858592760021736,276.1702788225206,402.0694802621353,2.211367583212735
NDARLH423CR7,R8,ThePresent,available,1198,500.0,60.02344962359476,130,0,42,E8,E25,E21,E17,False,False,False,False,202,225,0.0012811600404914393,24.2836676072175,239.8024600897683,0.0001356923577330584,0.6148901107523355,6000,0.9946593208694835,940,0.0016077908655715743,3.8464796727402772,0.0016824874630653628,27.0,0.0026100920578055013,0.0016707182988469499,8640.0,0.0021689545245601734,2,203.07600100000002,1.5709655798445965e-10,1.5709655798445965e-10,0,2,0.9999999999999999,0.004260999999856685,897,205,25.520532231560665,334.4386875948058,198.29960399330156,2.723121516164994
NDARLH881FBD,R4,ThePresent,available,1142,500.0,119.33646765009946,130,0,34,E8,E25,E21,E17,False,False,False,False,0,230,0.0020659690478350232,-2467.135077404261,338.56695661727514,0.00013096795572966463,0.6849433187709428,6000,0.9941001973299584,1197,0.0008528162617329434,3.6518575540418947,0.009798924138645903,36825.0,0.01622420106650328,0.008830577469006309,36490.0,5.391560540999457e-06,2,203.069999,4.618527782440651e-11,4.618527782440651e-11,0,2,1.0000000000000002,0.0029790000000060753,10,326,125.9861731249548,80.64780170098192,393.95009045194126,73.70400000000001
NDARLH979WFX,R1,ThePresent,available,221,500.0,119.68092689232064,130,0,34,E8,E25,E21,E17,False,False,False,False,0,243,0.0019605734009663324,78.66471784262431,136.91229945573897,0.0005998333773729657,0.9372417636302979,6000,0.9994864927695458,537,0.0022320234298919186,7.559007615311641,0.002618859082410562,87.0,0.0032915715653047796,0.0011992825006576563,-41286.0,0.0017423198556645258,2,203.06999299999998,7.327471962526033e-11,7.327471962526033e-11,2,2,1.0000000000000004,0.0005159999998796262,1271,39,16.546760045229433,307.4104154203432,156.09174967775877,1.754642014162077
NDARLJ148JH2,R4,ThePresent,available,129,500.0,30.0030254576683,130,0,41,E8,E25,E21,E17,False,False,False,False,98,223,0.008576532035983447,-2707.5814082961297,816.1983469967284,-0.00606056986323645,0.973056833089613,6000,0.9508336288482853,1893,-0.003960544181506313,1.1526820913192535,0.004235572821208437,-7971.0,0.008644217126136871,0.003422363299496557,-2558.0,0.006219535478904922,2,203.07199400000002,1.1068923555512811e-10,1.1068923555512811e-10,0,2,1.0000000000000002,-0.0027589999999208313,951,70,42.3387011759154,345.61956506482557,197.1232632500294,1.3443322818086225
NDARLJ334YD0,R4,ThePresent,available,158,500.0,60.0233058687194,130,0,42,E8,E25,E21,E17,False,False,False,False,418,229,0.006093904062473674,96.03131092499122,429.4538772746622,-0.0011818869504191443,0.7249908990956905,6000,0.9581304615014435,1683,0.005809422719664063,4.055129905093869,0.006012359421406691,32.0,0.009035122768729791,0.004635360349408108,-4519.0,0.006126332701431968,2,203.074004,3.042011087472929e-11,3.042011087472929e-11,0,2,1.0000000000000002,-0.0032210000000041203,1036,38,24.23513203472766,355.8821069155843,184.58060283320623,1.5086293436293436
NDARLJ472DLM,R9,ThePresent,available,409,500.0,60.02335402424591,130,0,42,E8,E25,E21,E17,False,False,False,False,349,238,0.05172084242298063,2247.7789751172245,641.2544271126222,-0.00949883940087345,0.7297827044547741,6000,0.9963098216607875,2009,-0.03547848842225969,2.25731906702683,0.048653339835917055,28432.0,0.047473155061689275,0.04492469698415027,2333.0,0.0924595171532206,2,203.072005,3.1308289294429414e-11,3.1308289294429414e-11,0,2,1.0,0.007817000000034283,978,73,27.188320535353945,354.75389713038675,177.55255696356033,2.007484662576687
NDARLJ728KPP,R11,ThePresent,available,275,500.0,60.02353112895562,130,0,42,E8,E25,E21,E17,False,False,False,False,342,234,0.0016945121369935482,24.052788033129655,183.95014205998083,-0.0011969523063738018,0.9719803255734075,6000,0.9786032420235256,721,0.0006415998035219858,1.4463895204229789,0.000871561658975336,7296.0,0.0022012354809117533,0.000869666889591687,7251.0,9.754233996512327e-07,2,203.06600400000002,1.532107773982716e-11,1.532107773982716e-11,2,2,1.0,-0.00019400000003073228,1402,52,34.60532510899815,247.48746203223786,182.94708611369447,2.2969757489301
NDARLJ970DEY,R7,ThePresent,available,354,500.0,60.00410818282124,130,0,42,E8,E25,E21,E17,False,False,False,False,103,226,0.005027895334133868,59.98743042233533,185.0394463186277,0.0015279345738099684,0.9690469065692858,6000,0.9981288111295517,725,0.006578658426072473,16.95809064002326,0.007260160592172876,52.0,0.006791285096982583,0.002393539111985467,1051.0,0.0004656734597922969,2,203.063994,4.6629367034256575e-11,4.6629367034256575e-11,0,2,0.9999999999999996,-0.005134000000007493,1193,38,27.88766002602594,300.92943477700965,260.81955461437883,1.7986336965632863
NDARLK551KXD,R4,ThePresent,available,369,500.0,119.80307677680698,130,0,34,E8,E25,E21,E17,False,False,False,False,0,235,0.0017813356810049117,65.25923792704943,189.91992864557258,0.003314984485369406,0.79950438616461,6000,0.9994408648589219,744,0.005179636069621765,2.872240302132244,0.005181028630866297,-3.0,0.002990252108179448,0.00482788215949077,46809.0,0.0016598395975148486,2,203.065997,4.618527782440651e-11,4.618527782440651e-11,2,2,0.9999999999999999,0.0011390000000645645,1009,70,14.584520537786524,391.33903391957364,113.44399552646196,1.9956888007928644
NDARLK762JFX,R10,ThePresent,available,43,500.0,30.003211092227453,130,0,42,E8,E25,E21,E17,False,False,False,False,123,245,0.004077417043847493,282.4771625805843,368.6253511455591,-0.0065566835562451,0.8649653065554382,6000,0.9383787948129755,1445,-0.0012856052192137756,0.2762577052653967,0.0007573775007514264,22698.0,0.002773540406977753,0.0004492006016452335,23037.0,7.827226750315374e-06,2,203.066004,1.687538997430238e-11,1.687538997430238e-11,0,0,0.9999999999999997,-0.01256899999999424,1426,14,54.016557677114584,228.30170261862878,204.75050242736725,1.5066199158485274
NDARLL181EGQ,R9,ThePresent,available,786,500.0,60.01858367890548,130,0,42,E8,E25,E21,E17,False,False,False,False,141,223,0.004489853297398567,-8.538008707558397,338.83491773386885,-0.003025914742693827,0.9353524511671524,6000,0.9627657170903005,1328,0.0021040534365409287,6.754760104294913,0.031042512654070924,-5593.0,0.03367141218774431,0.012250781350434416,7723.0,0.01905395148078807,2,203.074007,8.593126210598712e-11,8.593126210598712e-11,0,2,1.0000000000000002,0.006723000000058039,924,128,24.882694273312822,356.6795136379819,228.55480806948026,1.9171428571428573
NDARLL386VRE,R10,ThePresent,available,76,500.0,30.003161743204107,130,0,42,E8,E25,E21,E17,False,False,False,False,336,222,0.006295154113942518,333.597402638034,533.3039006445044,-0.0021038197053661802,0.7719309222447681,6000,0.894397182280238,2090,0.00383603564708634,2.8934684680702083,0.008154833257732155,-22512.0,0.013196978448116656,0.006234222532348013,-35747.0,0.014390501277459625,2,203.063994,6.072919944699606e-11,6.072919944699606e-11,0,2,1.0000000000000002,-0.0027519999999640475,1210,21,56.93795315676362,192.19241781636612,4885.348727935869,2.1996115702479346
NDARLL572UP2,R9,ThePresent,available,617,500.0,60.0234415742348,130,0,42,E8,E25,E21,E17,False,False,False,False,147,224,0.00335353784573901,944.0414210247848,672.893826355933,-0.0016095551092138408,0.939722302081081,6000,0.9112872882161743,2637,0.0003793031098043579,2.8835363375051704,0.003953496039317886,5464.0,0.007011626466044778,0.0036278842160381835,5205.0,0.00012145873609080947,2,203.074001,4.207745263329343e-11,4.207745263329343e-11,0,2,1.0,-0.0036609999999729277,849,122,23.647137096772564,394.5411066113993,173.02547266724395,1.6715429917550058
NDARLL846UYQ,R10,ThePresent,available,97,500.0,60.02349597723716,130,0,42,E8,E25,E21,E17,False,False,False,False,283,221,0.0026904938868123488,80.33494579510071,595.5783875450617,-0.0023101270293655594,0.9606677885610707,6000,0.9298590284558703,2334,0.000988862067815682,5.2470389021788,0.016343080277507218,-17688.0,0.01883972098729499,0.0043912145665397865,-5565.0,0.012179452470812355,2,203.065999,1.2467804566540508e-10,1.2467804566540508e-10,0,2,1.0000000000000004,0.005721000000078437,1976,21,34.957254111243444,169.28625727087035,172.16061331407454,1.7082236842105265
NDARLL894HC3,R7,ThePresent,available,625,500.0,60.02345370922663,130,0,42,E8,E25,E21,E17,False,False,False,False,138,234,0.0010210086043732733,10.996015029148888,232.61241546262767,0.00024916984006689597,0.8081741145452555,6000,0.9870921474847357,911,0.0015511703068074969,7.6310734705962355,0.0016482050134868013,26.0,0.00167318224434111,0.0006938449684978071,-48040.0,0.0005424458954124039,2,203.07199400000002,1.2778667013435552e-10,1.2778667013435552e-10,0,2,1.0000000000000002,0.006616000000084671,806,195,25.46733188944803,405.55263380282844,106.96851229088735,3.3856079404466497
NDARLM196YRG,R5,ThePresent,available,88,500.0,119.87616731676898,130,0,34,E8,E25,E21,E17,False,False,False,False,0,247,0.006065853641955146,-15.062895432189675,241.4220680665357,0.0013933337741307342,0.7407196086643284,6000,0.9974790147424114,947,0.00830933926096955,4.204165141073818,0.008322374892384691,5.0,0.007952455405388607,0.0041871490201945,-23653.0,0.003467344013815906,2,203.06999599999997,7.283063041541027e-11,7.283063041541027e-11,2,2,0.9999999999999999,0.00038299999994116684,1406,53,15.545506985487844,267.8633564626443,217.99792538533384,1.9090042674253203
NDARLM313FVX,R5,ThePresent,available,351,500.0,60.023383325363774,130,0,42,E8,E25,E21,E17,False,False,False,False,149,228,0.0034942750525465095,181.61133719989778,514.7692341682764,-0.00025421190340647464,0.5977620001993929,6000,0.9228103506916303,2018,0.003973698466779387,2.468930120841939,0.004141526205344481,29.0,0.007755905910032215,0.003985361241440737,42102.0,0.006291976002902653,2,203.073995,4.574118861455645e-11,4.574118861455645e-11,2,2,1.0000000000000002,0.0012559999999366132,1122,72,27.02477053190097,321.0463500953955,167.7606229361741,1.8871122994652407
NDARLM877UZM,R9,ThePresent,available,11939,500.0,60.02345581064769,130,0,42,E8,E25,E21,E17,False,False,False,False,158,236,0.017038481567368504,-1910.217312799409,531.6986029226434,0.0061820960098094725,0.9988002841133939,6000,0.9988832994106899,2084,0.006237411690223077,7.9849644536514965,0.025289060249445727,-1912.0,0.019342464515725095,0.00638662314176064,33146.0,0.0003304572034773783,2,203.063998,3.730349362740526e-11,3.730349362740526e-11,0,2,1.0,0.003477000000046214,32,6,39.572543679260455,225.1518172580261,66419.69789901198,4.155312500000001
NDARLM981MEN,R11,ThePresent,available,1308,500.0,60.02342433187774,130,0,42,E8,E25,E21,E17,False,False,False,False,669,219,0.008437017250876503,-0.20238258779867685,188.37294854453626,-0.00045784550630421976,0.8381165911982542,6000,0.9841835175974404,739,0.009288416263128138,9.013942952075203,0.009652463373464804,27.0,0.010170598159113812,0.0025689481198130177,-13645.0,0.002527820897231247,2,203.066005,2.930988785010413e-11,2.930988785010413e-11,0,2,1.0000000000000004,0.00782699999994084,1831,206,65.42404113469041,123.46504420189669,224.4348681171555,6.460780993992353
NDARLN550RM6,R7,ThePresent,available,4121,500.0,50.62469135944324,130,0,32,E8,E25,E21,E17,False,False,False,False,0,274,-1.0,-1.0,-1.0,-1.0,-1.0,-1,-1.0,-1,-0.0005434890761193497,2.7048826434376285,0.001208131029059273,-14622.0,0.0017090083979956951,0.0011929661215961996,-14683.0,4.116834052518212e-06,2,203.067996,6.88338275267597e-11,6.88338275267597e-11,2,2,0.9999999999999999,-0.000559999999918719,220,186,153.55690985544538,,1737.1420575409304,62.761818181818185
NDARLN620ZA7,R10,ThePresent,available,5028,500.0,59.478081595703436,130,0,42,E8,E25,E21,E17,False,False,False,False,173,230,0.007126515668534073,322.6449702647777,464.6204421896541,-0.0009406582668164607,0.6838356315117547,6000,0.9885063166906459,1822,0.005599173899077207,4.561825778154918,0.012090282934670044,-30639.0,0.014184016670713178,0.009476107792385878,-17349.0,0.013936291985538474,2,203.075998,1.4055423491754482e-10,1.4055423491754482e-10,0,2,1.0000000000000002,-0.006057999999889512,929,74,44.315113650554395,190.9893558140271,2375.923779425902,5.793789020452099
NDARLN739JVC,R11,ThePresent,available,635,500.0,59.98977251866746,130,0,42,E8,E25,E21,E17,False,False,False,False,244,244,0.0048988126468279556,47.06919088021452,251.0931983577826,0.0015939684512069818,0.7919682923479094,6000,0.9984973087846355,985,0.006872654291099163,3.482176561594978,0.0070796879784988465,30.0,0.007256749086329713,0.00415560826033482,-12933.0,0.003429350611283717,2,203.06600799999998,3.0531133177191805e-11,3.0531133177191805e-11,2,2,0.9999999999999997,-0.001971999999966827,1372,117,97.37732228263408,113.9640074661736,213.88204904297808,27.22173469387755
NDARLN961XGP,R4,ThePresent,available,860,500.0,59.94580527266218,130,0,42,E8,E25,E21,E17,False,False,False,False,142,232,0.018673460131735663,2600.634540195964,308.09923688127157,-0.004019389884229837,0.6771509417105398,6000,0.9945972455790587,1003,0.004924292207381696,3.0190848417058946,0.017557151992756537,29876.0,0.03354921128013145,0.016253566844165127,21717.0,0.03224549004458148,2,203.064004,7.2164496600635175e-12,7.2164496600635175e-12,0,0,1.0,0.008298999999985698,973,65,27.156358287699785,338.7617853045785,579.431111891859,1.9630215827338129
NDARLP246NT6,R4,ThePresent,available,317,500.0,119.60144732161072,130,0,34,E8,E25,E21,E17,False,False,False,False,0,234,0.0032059224130946717,-2740.7241538277526,550.0478628949515,0.0009566463499740873,0.6159399220973326,6000,0.99808711518625,1338,0.00294920751732525,2.5362808897673625,0.004081111067954715,-2817.0,0.006627309328368334,0.004075831685681622,-2775.0,1.4580381109234597e-06,2,203.07000100000002,7.283063041541027e-11,7.283063041541027e-11,2,2,1.0,0.0009430000000597619,1787,90,74.6054580694961,154.75545146745569,163.49659126071842,10.531438164521544
NDARLP413TUX,R11,ThePresent,available,58,500.0,60.02339827391392,130,0,42,E8,E25,E21,E17,False,False,False,False,73,236,0.0026553297721515373,-10.082802161327148,291.47326674668665,-0.0004224148240649229,0.8598988630082346,6000,0.990386447906461,1143,0.0026107224577981746,5.986838994577108,0.0027269184555285732,25.0,0.0031736062644796073,0.0007431849140529513,-13512.0,0.0009141564279810375,2,203.064004,1.587618925213974e-11,1.587618925213974e-11,0,2,0.9999999999999997,-0.0028989999999962024,1127,8,28.279635213256526,331.4087799130946,270.72722559034787,1.5228393966282165
NDARLP417RC6,R8,ThePresent,available,120,500.0,60.01376819272884,130,0,42,E8,E25,E21,E17,False,False,False,False,222,247,0.0,-3000.0,266.6666666666667,0.0,,6000,,523,0.0,,,,,,,,2,203.074003,5.972999872483342e-11,5.972999872483342e-11,2,2,0.9999999999999997,-0.0003440000000339781,1141,6,25.18821139267421,326.03457545850637,419.1043545325301,2.2055302366345315
NDARLR039GJL,R7,ThePresent,available,94,500.0,60.02336878191707,130,0,42,E8,E25,E21,E17,False,False,False,False,142,242,0.0026642993299562166,-43.10004706533328,741.174494969548,-0.0009442696984618858,0.7550587701035257,6000,0.6996136943667984,2905,0.00235497407784986,3.8406614130371914,0.005568296553010646,-6097.0,0.010144579177581287,0.003802175629031855,13740.0,0.006796426403172205,2,203.074006,3.985700658404312e-11,3.985700658404312e-11,0,2,0.9999999999999999,-0.006272000000022659,1103,24,27.687178436727887,334.7406045844215,150.62891124891775,1.7707071622846784
NDARLR083PKF,R7,ThePresent,available,459,500.0,60.02343138713348,130,0,42,E8,E25,E21,E17,False,False,False,False,100,231,1.5065277222699457e-06,-1170.8244346644494,593.1044372311419,1.3690709171518423e-06,0.9358895230897093,6000,0.9851658145790574,2325,2.8587642255527866e-06,3.4332267726379384,3.3010493561363784e-06,-11748.0,2.2533899630912276e-06,3.108688220652567e-06,-1284.0,2.8279769572368414e-06,2,203.074006,4.973799150320701e-11,4.973799150320701e-11,0,0,0.9999999999999999,0.008106999999957383,1271,87,26.360066862828646,274.12814511365707,190.15522149624388,2.1828088119590876
NDARLR586MPX,R9,ThePresent,available,347,500.0,60.023412045870884,130,0,42,E8,E25,E21,E17,False,False,False,False,101,227,0.0006551782867599668,1331.8345366131139,619.7006821004944,-0.00024112953151263276,0.6447708658821002,6000,0.6754026451196744,2429,-1.5412102081076313e-05,3.443079042966483,0.00202602732281221,-6601.0,0.003580029998233973,0.0019475555074708788,7418.0,0.0034769748153080132,2,203.064002,3.0309088572266774e-11,3.0309088572266774e-11,2,2,1.0000000000000002,0.0005259999999676666,1081,99,29.638233410293044,315.99848918821664,152.1337121583733,4.651665124884366
NDARLR924YAV,R8,ThePresent,available,178,500.0,60.0236086795881,130,0,42,E8,E25,E21,E17,False,False,False,False,251,219,0.019270601494644154,7.975019511351296,360.32139090192055,-0.0012814946630968352,0.9838670159023785,6000,0.9935777667623075,1413,0.020863046859511115,15.986224855296959,0.02140260548059507,23.0,0.02435259713957016,0.005463567500069859,33028.0,0.00661868405311936,2,203.276004,1.1246559239452836e-10,1.1246559239452836e-10,0,2,1.0000000000000002,0.0075790000000826915,1132,35,31.45269602098528,293.89944041336065,315.129741773649,1.710989399293286
NDARLU111UYF,R4,ThePresent,available,607,500.0,60.02329778529621,130,0,42,E8,E25,E21,E17,False,False,False,False,177,239,0.000571643102401289,-59.20530270982191,374.6125058638029,0.0007591360242804948,0.9774349887707213,6000,0.9988940834730142,1469,0.0014379507638359681,3.4624754839211302,0.0014575655834249337,22.0,0.001243017776557919,0.001381629666418532,-40060.0,0.0010360488484425306,2,203.074,1.0913492332065289e-10,1.0913492332065289e-10,0,0,1.0000000000000002,0.008159999999866697,1014,130,25.057336935003917,341.7979674682192,199.15629821382083,2.5806706114398423
NDARLU939YX4,R5,ThePresent,available,3132,500.0,15.959440765982162,130,0,34,E8,E25,E21,E17,False,False,False,False,0,209,0.0026765340557682684,1095.2976367249819,753.7325629109696,-0.000724742387139537,0.7103314390043165,6000,0.922759798412762,2955,2.7414821366523514e-05,4.185009255280518,0.0019067994247034877,1245.0,0.00348896865388865,0.0009672621901460108,6669.0,0.0019255589077425083,2,203.072002,1.0413891970983968e-10,1.0413891970983968e-10,2,2,1.0,0.0006700000000947341,10,6,17.49293369166021,170.1935007224557,68036.00097258347,5.4879999999999995
NDARLV812JXX,R7,ThePresent,available,284,500.0,118.78891551005282,130,0,34,E8,E25,E21,E17,False,False,False,False,0,249,0.019027020720888355,2214.349076871486,700.116668303641,-0.007057092762043115,0.7365562871330882,6000,0.8868082689420058,2157,-0.002560231860713452,3.3449241620220387,0.03951603223607654,25717.0,0.046220798632155176,0.02874710138996443,-39575.0,0.046415865469637024,2,203.06599899999998,2.708944180085382e-11,2.708944180085382e-11,2,2,1.0,-0.00021500000002557887,3,63,8.368452472904792,188.5210839276704,1776.9617902254724,0.30333333333333334
NDARLW708LJR,R11,ThePresent,available,92,500.0,60.023422336695745,130,0,42,E8,E25,E21,E17,False,False,False,False,174,220,0.002718230630778556,83.04474997136086,309.82868724303086,-0.0015590776406585302,0.8683141178162216,6000,0.8880380425327364,1215,0.0017858843432621812,2.9798474625024958,0.001983913300452445,31.0,0.003281955480020693,0.0009291581970276319,4986.0,0.0018157676537466352,2,203.065998,1.467714838554457e-10,1.467714838554457e-10,0,2,1.0,-0.0023300000001517636,1253,25,26.461084007057572,295.47650971627473,135.28362832493602,1.7133359936153232
NDARLW774VY1,R5,ThePresent,available,7538,500.0,59.310503270729825,130,0,42,E8,E25,E21,E17,False,False,False,False,703,228,0.0066657890711676,2909.5962992020886,185.8706249384809,0.0008170079885151534,0.22527653199519282,6000,0.9938329847698759,454,0.0021481418510689355,4.228868581807331,0.01627267099135674,9428.0,0.025880915314791343,0.015331612090574917,7223.0,0.009430374689616307,2,203.073996,5.4511950509095186e-11,5.4511950509095186e-11,0,2,1.0000000000000002,-0.006969999999976715,217,447,79.92549540579775,107.73328757134068,695.5946812033193,18.389170506912443
NDARLY465LNP,R9,ThePresent,available,67,500.0,30.00325101462367,130,0,42,E8,E25,E21,E17,False,False,False,False,49,219,0.004946740196102272,-1213.596721197487,378.7699740574149,0.0002956563808722697,0.634172473709585,6000,0.9828059337276139,1484,-0.001638406281488457,2.646731368750543,0.008582716905653258,36333.0,0.01399585224518736,0.008535860120264718,-11675.0,0.015324668577598045,2,203.286006,7.649436639667329e-11,7.649436639667329e-11,2,2,1.0,0.0001600000000676666,1272,32,45.490855349614584,264.6503448528662,134.3744037216963,1.0187657232704401
NDARLY483UNZ,R4,ThePresent,available,533,500.0,60.02301558198836,130,0,42,E8,E25,E21,E17,False,False,False,False,179,215,0.0013167015811617327,2379.0467057327633,695.7188927817161,-0.0009113212832676398,0.9100320604952031,6000,0.9892014186873219,1984,0.0002837358916468985,2.1268392583089875,0.0015449256897027814,28720.0,0.0026336011651815336,0.0013257910133724353,8470.0,0.0020667834824942884,2,203.063995,7.105427357601002e-11,7.105427357601002e-11,2,2,1.0000000000000004,0.0019850000000278117,1055,94,30.398887586991556,331.55695167513625,221.902657832639,3.249071090047394
NDARLY771XJ0,R10,ThePresent,available,196,500.0,30.003156207432845,130,0,42,E8,E25,E21,E17,False,False,False,False,228,208,0.0032735967449508078,25.433342924541076,87.0094009682628,-0.00262628545854103,0.9707151786232938,6000,0.9955701042511026,341,0.0004937750658703338,0.6632336306223805,0.0008000990071177877,23.0,0.005155528493798442,0.00024000598246806806,-11068.0,0.0037251674896717954,2,203.065999,2.8754776337791554e-11,2.8754776337791554e-11,0,2,0.9999999999999999,0.004574000000000894,1453,92,55.054008462765786,205.27878160982203,159.40761654268752,2.5602064693737097
NDARLY867ZD4,R9,ThePresent,available,8020,500.0,59.371027472178845,130,0,42,E8,E25,E21,E17,False,False,False,False,152,237,0.002607143935468838,112.7496942239262,487.99674620601013,-0.0016192756568825055,0.9882283778970767,6000,0.9515120892897012,1913,0.0015353649628408374,2.792774744184625,0.0015715192526801175,24.0,0.003331553036878163,0.0006869582576353577,27899.0,0.0015938833769649934,2,203.074005,7.505107646466058e-11,7.505107646466058e-11,0,2,0.9999999999999997,0.0040330000000937455,338,44,188.1947557176734,98.23301666376726,6113.51199075751,23.95112426035503
NDARLYO38AJZ,R9,ThePresent,available,152,500.0,30.003244327595386,130,0,42,E8,E25,E21,E17,False,False,False,False,63,0,0.0208960753085015,226.89215492767696,739.8453544195214,-0.005474913697710845,0.8154064114480807,6000,0.9544867018056205,2900,0.013490234044422898,3.0930115277131893,0.030166836439369085,-38765.0,0.03867641519815647,0.02282682638797392,38006.0,0.049937052342179364,2,203.27599500000002,1.6575629757653587e-10,1.6575629757653587e-10,0,0,1.0,0.012734000000160929,1089,105,51.42090296643941,272.0279812481402,264.113797979341,2.7851056014692372
NDARLZ007NHG,R7,ThePresent,available,642,500.0,119.25115369982649,130,0,34,E8,E25,E21,E17,False,False,False,False,0,234,0.20730136089218665,-2944.0169710884634,166.6655898254336,-0.03950450104023875,0.5840731717301823,6000,0.9967391958929798,383,0.07451803057593748,3.6073940766637937,0.294372283466936,-16721.0,0.4930568829844611,0.28720394415435935,-16857.0,0.003768736249161686,2,203.066001,2.6645352591003757e-12,2.6645352591003757e-12,2,2,1.0,-0.00027999999999483137,1305,81,21.06117803612783,290.57380650712884,182.77339980994407,2.540919540229885
NDARLZ701LJ3,R5,ThePresent,available,81,500.0,119.82270374173505,130,0,34,E8,E25,E21,E17,False,False,False,False,0,235,0.0025272075832009793,22.778284364179758,146.88251945646493,-0.0001580383211392269,0.9218362362215877,6000,0.9930239148420208,576,0.0026914311848318744,11.836785815195556,0.0028041206561621656,18.0,0.0033707881405082444,0.0006034679961529389,14938.0,0.0011147870167653924,2,203.067995,1.1857181902996672e-10,1.1857181902996672e-10,0,2,0.9999999999999998,0.0025309999999052657,1209,27,14.80512869514531,322.44788992128633,109.67336113239942,1.4546815550041357
NDARLZ986JLL,R4,ThePresent,available,2279,500.0,87.92847190137607,130,0,34,E8,E25,E21,E17,False,False,False,False,0,248,0.003504863921443832,259.691331733096,833.3725603743192,0.0002989495103613624,0.7361031967071713,6000,0.8970212858500414,3267,0.0038722763327624075,3.0268216650776982,0.014403906151731781,39592.0,0.019199461858617407,0.013810090209540854,40055.0,5.547478095654229e-05,2,203.06799999999998,3.552713678800501e-11,3.552713678800501e-11,0,2,1.0000000000000002,0.0028599999999564564,1271,101,27.105382017057103,176.0034928776343,1578.067342335488,3.184335169158143
NDARMA629XDR,R9,ThePresent,available,107,500.0,30.00326174167482,130,0,42,E8,E25,E21,E17,False,False,False,False,129,222,0.008393395329614504,-9.164141800058214,253.64476844352708,0.00010767103005029586,0.8138293840776201,6000,0.979741525690406,994,0.010653317116065255,7.5308240277866565,0.011536388645074825,30.0,0.016375434990119106,0.004013627401015316,7849.0,0.007277393359056071,2,203.28599499999999,5.062616992290714e-11,5.062616992290714e-11,0,0,0.9999999999999998,-0.011060000000015823,1443,42,50.701626658695275,222.02346903794947,186.49222249478524,1.5974982674982676
NDARMA657LLB,R11,ThePresent,available,1302,500.0,60.023460147297925,130,0,42,E8,E25,E21,E17,False,False,False,False,364,226,0.003143354678828039,-2029.6684603178085,869.6507717074151,0.00023159631195255703,0.8842326626053684,6000,0.9835540278913298,2675,0.0026953448595727343,2.7185406534595793,0.004927643630258548,-14672.0,0.01050587303337172,0.004903546184127264,-14952.0,4.290748070811309e-05,2,203.07399900000001,3.26405569239796e-11,3.26405569239796e-11,0,2,1.0000000000000002,-0.0022510000000371213,1380,288,31.933990812326208,218.25562191058748,154.39670804364758,5.010579710144928
NDARMB216LA6,R4,ThePresent,available,445,500.0,118.8477464456998,130,0,34,E8,E25,E21,E17,False,False,False,False,0,246,0.007107772448445136,2536.345849985744,473.6956010472367,-0.0008612169217111779,0.9298031763095836,6000,0.9923390018423066,1392,0.0013669315362787578,2.6983212900301012,0.006564732724316982,2420.0,0.015209532931389226,0.006181349556304084,-30216.0,0.009591046395740979,2,203.067995,3.3306690738754696e-11,3.3306690738754696e-11,2,2,1.0000000000000002,1.7999999932092038e-05,1444,67,29.31670435864903,249.9052939641121,243.61374582988438,3.6283033240997233
NDARMB290GPL,R8,ThePresent,available,288,500.0,60.01850731369974,130,0,42,E8,E25,E21,E17,False,False,False,False,123,246,0.0016694283715492312,249.03764797393123,177.71369875923565,-0.00022492802446240356,0.6106898929147326,6000,0.9724842848465879,697,0.00041494498275420727,3.5056989421163585,0.006216174923453377,-6101.0,0.011789119167430601,0.004536120828343,-5757.0,1.2594962211357787e-05,2,203.074006,4.6074255521943996e-11,4.6074255521943996e-11,2,2,0.9999999999999999,0.0009489999999648472,1183,12,27.588882578507175,303.98227624975317,796.8792330896212,2.472899408284024
NDARMC298UC7,R10,ThePresent,available,44,500.0,30.003160191254743,130,0,42,E8,E25,E21,E17,False,False,False,False,367,213,0.003594857477455363,-89.14459125594952,383.12830915952173,0.00031547569713486265,0.8938336448769392,6000,0.9808738556235316,1502,0.005147830076332187,4.866998064604202,0.005251040975029725,15.0,0.006428023733212989,0.003464556447847389,8507.0,0.005212440198813543,2,203.066005,2.0872192862952943e-11,2.0872192862952943e-11,0,0,1.0,0.013904000000013524,737,9,39.9337667389847,507.000738800792,211.08254771415946,1.7359972862957938
NDARMC325JCN,R4,ThePresent,available,116,500.0,60.02340036112635,130,0,42,E8,E25,E21,E17,False,False,False,False,141,245,0.005758051874952256,614.4343594821943,466.7338457405572,-0.0038168691179759316,0.8705278169377084,6000,0.6476466269106756,1830,-0.00028242140774064614,3.1491743069266165,0.01595140704103023,-18417.0,0.026809397409161745,0.013817367305787089,23769.0,0.020134937233383405,2,203.07199699999998,6.505906924303417e-11,6.505906924303417e-11,0,0,1.0000000000000002,-0.008246999999955469,1264,28,26.8879030404441,289.20836958893307,158.2772530096743,1.7151977848101267
NDARMC473UHD,R5,ThePresent,available,365,500.0,60.023454571210515,130,0,42,E8,E25,E21,E17,False,False,False,False,340,242,0.000514715458114056,27.226449990831792,80.55972222063554,7.946834319254579e-05,0.03197253254587574,6000,0.9993190566327752,316,0.0005529472335203901,2.3383984465815444,0.0009471440422842373,-19130.0,0.001237155274460262,0.0006565462349688715,-34134.0,0.0007516348717586026,2,203.06400499999998,3.1086244689504383e-12,3.1086244689504383e-12,2,2,1.0,-0.0018289999999939028,1431,72,29.909451987656382,241.2933682159001,125.87568102709871,2.561383647798742
NDARMC481AWW,R7,ThePresent,available,3591,500.0,21.899904286861194,130,0,34,E8,E25,E21,E17,False,False,False,False,0,275,0.0006795914173630425,-1855.1262785427061,678.5928504827406,-0.0010189376171434986,0.9640462847573802,6000,0.9969602573959675,2475,-0.0018211860604242123,,,,,,,,2,203.070006,5.995204332975845e-11,5.995204332975845e-11,2,2,1.0,0.0005729999999360308,64,22,27.23558120718065,162.733610796719,18216.102700681873,7.18265625
NDARMC688WLU,R11,ThePresent,available,409,500.0,60.02346905913061,130,0,42,E8,E25,E21,E17,False,False,False,False,24,229,0.0,-3000.0,266.6666666666667,0.0,,6000,,523,0.0,,,,,,,,2,203.06600699999998,1.27675647831893e-11,1.27675647831893e-11,0,0,0.9999999999999999,0.008638000000025606,1288,102,26.530371424777787,267.8870810840907,155.177118910304,2.0591847826086958
NDARMC694YF3,R8,ThePresent,available,320,500.0,60.02354670424457,130,0,42,E8,E25,E21,E17,False,False,False,False,247,229,0.008102187990655874,-38.28759016977241,419.18749594192246,0.00020520802361940948,0.7887877249046484,6000,0.9865646427927772,1643,0.009602326061159653,3.7013968096512344,0.00980216569359199,23.0,0.013474935996649319,0.006857189842227719,5964.0,0.01346385764878794,2,203.27599600000002,4.196643033083092e-11,4.196643033083092e-11,0,2,1.0,-0.0037949999999728795,1268,95,39.93116570335695,242.85058878198708,290.7746701085529,4.381995268138801
NDARMC774PRM,R4,ThePresent,available,4405,500.0,98.90580643640952,130,0,34,E8,E25,E21,E17,False,False,False,False,0,261,0.22182947158736377,617.9053892001726,463.57203019413583,0.016862394925978814,0.8706228681434391,6000,0.9875089474675137,1817,0.07768798121442927,3.989996688837261,0.2996175555283633,-24835.0,0.3857239769819694,0.2733772767234702,-12631.0,0.2728923887785898,2,203.06400100000002,7.061018436615996e-11,7.061018436615996e-11,2,2,1.0000000000000002,0.0009539999998867872,7,126,61.90494907740537,66.78171562173738,2598.9023097215804,16.065714285714286
NDARMC950EUL,R7,ThePresent,available,205,500.0,119.70281958584626,130,0,34,E8,E25,E21,E17,False,False,False,False,0,229,0.0035156204860061543,-2115.6875766839407,537.8223951796392,-0.0021099200428783033,0.7684867500529592,6000,0.7751154753102731,1939,-0.0013903701771018852,5.126859054725776,0.019358022543513115,-45883.0,0.020869404393727406,0.009579559833322508,-45298.0,3.658520052188946e-06,2,203.079994,4.39648317751562e-11,4.39648317751562e-11,0,2,0.9999999999999999,0.003070999999969508,1203,34,14.184673294962552,328.0642274480732,151.84988977221826,1.439443059019119
NDARMD134JRU,R7,ThePresent,available,295,500.0,118.7779019027068,130,0,34,E8,E25,E21,E17,False,False,False,False,0,247,0.0,-3000.0,266.6666666666667,0.0,,6000,,523,0.0,,,,,,,,2,203.07000299999999,3.019806626980426e-11,3.019806626980426e-11,2,2,1.0000000000000002,0.0009020000000028609,1387,69,17.465366339375002,272.83927433771214,207.01047367764605,2.2414419610670513
NDARMD987YR6,R9,ThePresent,available,1694,500.0,30.00330276472102,130,0,42,E8,E25,E21,E17,False,False,False,False,106,308,0.02733493646491763,-4538.9212142858,1152.777263911589,0.006600712925894927,0.9598971251105277,6000,0.999857461417852,721,0.012663351408607457,2.8521476743196317,0.020418596469286142,-39855.0,0.017067710643756947,0.020256547713193684,-39569.0,1.5020629207350422e-05,2,203.27600099999998,4.9960036108132044e-12,4.9960036108132044e-12,0,0,1.0,0.015424000000009866,531,316,76.87823846485736,172.75919119453937,692.076567566179,9.302937853107345
NDARME689TAF,R7,ThePresent,available,62,500.0,119.73173849983515,130,0,34,E8,E25,E21,E17,False,False,False,False,0,234,0.015194199525858517,-3352.770572623118,927.6893385860976,-0.0112102661484445,0.9375187558018743,6000,0.9963228855548144,1466,-0.00525739246357721,1.3753745655964926,0.010070032595980098,-18437.0,0.02066594978995911,0.00999936934398936,-18564.0,0.00013200585137484837,2,203.070007,6.039613253960852e-11,6.039613253960852e-11,2,2,1.0,0.0006140000000637865,7,14,22.637348361211366,156.37590643468153,1281.033713548121,8.15857142857143
NDARME724FJE,R7,ThePresent,available,56,500.0,60.02338919701034,130,0,42,E8,E25,E21,E17,False,False,False,False,277,241,0.0009754238279697413,14.93853461342615,357.0316420804477,0.0006789961214159222,0.9238315942618942,6000,0.9955186315572087,1399,0.001914568183553925,6.123214948946488,0.001953427500202074,24.0,0.001676883568375137,0.0011973941404151995,16452.0,0.0008834657594117342,2,203.073996,5.662137425588298e-12,5.662137425588298e-12,0,2,1.0,0.00302399999998858,1081,11,22.809470307612628,348.93127826742614,140.85115180111634,0.9814061054579094
NDARME789TD2,R7,ThePresent,available,105,500.0,60.02337392738248,130,0,42,E8,E25,E21,E17,False,False,False,False,157,240,0.0012296846398662082,124.94141966808792,435.83951323626206,-0.0007301359052930132,0.9297195896061746,6000,0.9708552154202519,1709,0.0006201514203970728,1.7840361365512232,0.0007026368942980931,41.0,0.0016596650554002502,0.000563914563929253,13278.0,0.0009038809121967937,2,203.063998,2.864375403532904e-11,2.864375403532904e-11,0,0,0.9999999999999997,-0.008241999999999267,1582,28,31.171201393351772,222.17406233593033,129.71305823386513,1.991504424778761
NDARME880JD7,R4,ThePresent,available,186,500.0,59.951190235832875,130,0,42,E8,E25,E21,E17,False,False,False,False,178,235,0.0016634166074430377,290.3096059268358,504.19835478010594,-0.0006246891658972496,0.7643211001669661,6000,0.8682434639842723,1976,0.0010526674125116403,2.3808766073285237,0.0015830092837990657,120.0,0.0017933105829648593,0.0011136186861048737,9187.0,0.0009390106873794187,2,203.06400100000002,4.8627768478581856e-11,4.8627768478581856e-11,0,2,0.9999999999999998,-0.0051069999999304744,1694,19,32.09070220641283,203.82767181328165,371.4126915292771,1.9239551357733178
NDARMF116AFR,R2,ThePresent,available,130,500.0,119.66154400491713,130,0,34,E8,E25,E21,E17,False,False,False,False,0,236,0.0019279602428991802,-56.55995999550724,291.18122967348035,-0.00014802978655411168,0.9768490042509365,6000,0.9944850787648886,1142,0.0018458333559119916,9.769436749824411,0.0020337388714725887,-71.0,0.002491986299473015,0.0005477961854191722,-14294.0,0.000874946046472755,2,203.067997,5.284661597215745e-11,5.284661597215745e-11,2,2,0.9999999999999998,-0.0006290000000199444,1031,20,16.235481616405558,381.7153066605389,192.15120777205053,1.5156450048496604
NDARMF450DKQ,R10,ThePresent,available,1040,500.0,60.023460318019,130,0,42,E8,E25,E21,E17,False,False,False,False,103,231,0.005295281071335576,11.680544815928261,261.3410550222921,0.0007233929017857138,0.838277684785791,6000,0.9959520115542794,1024,0.006700152876071587,3.7712130497413794,0.007028848027628465,32.0,0.006312656514117413,0.004353342488433357,-10477.0,0.002889452448606419,2,203.06600200000003,4.807265696626928e-11,4.807265696626928e-11,0,2,0.9999999999999997,-0.007021999999931678,1876,208,58.695306169987916,128.56345900829277,175.4993878578979,5.843939232409381
NDARMF508PA2,R4,ThePresent,available,467,500.0,60.01363385914437,130,0,42,E8,E25,E21,E17,False,False,False,False,185,233,0.009224222030497659,714.8490941156136,613.8206335759955,-0.0042532110990413366,0.8821817823956695,6000,0.8232467324532636,2406,6.146675657457989e-05,2.4783314598564545,0.008309083627077713,-38526.0,0.015783390647174246,0.007280847523489342,40497.0,0.016975378956795455,2,203.063997,4.951594689828198e-11,4.951594689828198e-11,0,2,1.0000000000000002,-0.006160000000070721,827,70,25.020959285171983,440.9235248623182,234.43514444826533,2.1371463119709797
NDARMF668NU5,R5,ThePresent,available,996,500.0,60.01390272776023,130,0,42,E8,E25,E21,E17,False,False,False,False,327,236,-1.0,-1.0,-1.0,-1.0,-1.0,-1,-1.0,-1,-0.0030893994777164415,4.101190514400316,0.011499606494684123,-8359.0,0.015308694009158796,0.010339809826629262,-3295.0,0.0160051610037726,2,203.065993,6.328271240363392e-12,6.328271240363392e-12,0,2,1.0,-0.004205999999987365,1210,170,29.72713995056444,263.88480030079796,238.82756536179568,2.7565867768595043
NDARMF703BP3,R11,ThePresent,available,129,500.0,60.02336235546916,130,0,42,E8,E25,E21,E17,False,False,False,False,230,235,0.34504879528283466,348.7240930633813,696.9066395651404,-0.12330399144470672,0.6931401754121103,6000,0.6750241236083733,2732,0.06578655591706152,4.158717925791597,2.7925705768987794,-19336.0,4.411905568691768,2.7821253431890876,-19443.0,2.9212985546145376e-05,2,203.065994,2.398081733190338e-11,2.398081733190338e-11,2,2,1.0,-0.0015830000000195243,1712,29,31.86174757402141,200.24904926839622,148.2200552071122,1.975514018691589
NDARMF939FNX,R4,ThePresent,available,1326,500.0,118.08242511422915,130,0,34,E8,E25,E21,E17,False,False,False,False,0,244,0.00032205154434581176,2324.7669000383517,361.84265596400746,0.0005759478913477482,0.9726567907299973,6000,0.9994527649109716,1384,0.0006720432735083606,2.8892352422365035,0.0014100859728137546,-6239.0,0.0026532861614436774,0.0013508081395629487,9933.0,0.0015941157398831265,2,203.07600100000002,1.4432899320127035e-11,1.4432899320127035e-11,2,2,0.9999999999999999,0.0017560000000007127,1928,173,63.270912559141635,130.4477924485795,184.9295607629192,7.575523858921162
NDARMG239GUV,R7,ThePresent,available,790,500.0,116.03743293662609,130,0,34,E8,E25,E21,E17,False,False,False,False,0,250,0.017302789133950024,2452.8001502920247,575.2923051885117,-0.001125997227186027,0.9337221877451901,6000,0.9989473520688733,1674,-0.001111800127386767,4.855567803042758,0.01724814139685089,2341.0,0.025110143172444685,0.014839826177002581,-49916.0,0.012275108086449656,2,203.069995,9.769962616701378e-12,9.769962616701378e-12,2,2,1.0,0.0002770000000203979,1732,256,74.7627443277285,135.04912162865193,270.0085048491677,10.447344110854504
NDARMG263JRX,R8,ThePresent,available,755,500.0,60.02353626110896,130,0,42,E8,E25,E21,E17,False,False,False,False,408,221,0.005683195588004713,-6.912160438684662,283.0112404094276,0.00023956607212750246,0.9580069902189002,6000,0.9865607862553708,1109,0.007340813073733903,8.185566432899153,0.007655136909440371,23.0,0.008760951536531517,0.003481226799246757,-45192.0,0.004232439040792372,2,203.285999,3.61932706027801e-11,3.61932706027801e-11,0,2,1.0000000000000002,0.0029110000000151935,1591,139,41.34426252753191,192.22757382107136,203.4046336007844,3.3264236329352608
NDARMG405RZK,R7,ThePresent,available,292,500.0,60.02347214772335,130,0,42,E8,E25,E21,E17,False,False,False,False,114,223,3.030652716070567e-06,2449.7410582932434,864.5532059603543,-3.860676773606816e-06,0.9848203464664128,6000,0.9951843163932703,2244,-4.165640610654799e-06,0.3519382892300318,2.95970803432129e-07,10078.0,3.690965190615143e-06,2.8322386828825957e-07,10487.0,1.1337639186007144e-07,2,203.073993,2.1649348980190553e-11,2.1649348980190553e-11,0,2,1.0000000000000002,0.0052169999999565455,718,71,24.87525025869728,490.666092370469,145.2489019739806,2.747757660167131
NDARMG675JB4,R7,ThePresent,available,281,500.0,117.90234134068915,130,0,34,E8,E25,E21,E17,False,False,False,False,26,238,0.01584220686666743,-428.41666807071,258.2154757443016,0.026709711436710602,0.9160683309403442,6000,0.9998671001681991,1012,0.03163682048461968,3.1598338566427553,0.05649259586505474,38479.0,0.03375786963772044,0.05507674158794986,38778.0,0.00015755944671316802,2,203.064,8.326672684688674e-11,8.326672684688674e-11,2,2,1.0,-0.0014519999999185462,1626,49,136.58323848386965,108.82021823936566,364.60522302908606,12.315043050430504
NDARMG741FDL,R7,ThePresent,available,1486,500.0,60.01853555682027,130,0,42,E8,E25,E21,E17,False,False,False,False,164,244,0.0017817715969648956,-20.80397041493064,308.67543960567366,-0.0006293406426296887,0.641698371975988,6000,0.9756228380974548,1210,0.0012907602658749659,3.3856185289673064,0.005442182505618388,-9452.0,0.008783918673345228,0.005000180038255703,-9675.0,4.8430402181704954e-05,2,203.074007,6.916689443414725e-11,6.916689443414725e-11,0,2,1.0000000000000002,-0.005352999999947197,1073,304,72.21567828433128,164.54446037853916,294.67939379290976,13.146533084808947
NDARMH180XE5,R10,ThePresent,available,745,500.0,30.00321535423234,130,0,42,E8,E25,E21,E17,False,False,False,False,88,252,0.005551944459174231,-851.2661778429297,639.7504606599251,0.0010490093524338946,0.8311206693716128,6000,0.9673517888511282,2508,0.006748810479304102,4.684029888078163,0.007623252656641374,-872.0,0.011093651749855174,0.006972706491263951,32.0,0.0026045438528723196,2,203.06599500000002,3.785860513971784e-11,3.785860513971784e-11,0,0,1.0,-0.009025000000047063,1004,266,45.083032652219615,265.89856301860925,201.73732478369445,2.098037848605578
NDARMH559LKK,R5,ThePresent,available,894,500.0,59.928507210316475,130,0,42,E8,E25,E21,E17,False,False,False,False,347,245,0.007134305218263453,-263.51990973967935,380.4463254384782,-0.002376497300382718,0.6671125479734028,6000,0.927963797173721,1492,0.004271381465014897,2.8636797471690185,0.015715870328256918,-18241.0,0.028972085091066073,0.011817115222178149,-31528.0,0.026407114616405446,2,203.063996,5.573319583618286e-11,5.573319583618286e-11,0,2,0.9999999999999999,-0.0064969999999451074,1035,54,28.36373545114541,326.90957960316905,663.6028224105438,2.530908212560387
NDARMJ333WJM,R8,ThePresent,available,196,500.0,60.02360445167657,130,0,42,E8,E25,E21,E17,False,False,False,False,209,223,0.008784800705560756,39.73365486311381,331.8796623878033,-0.001453202581288454,0.9346920189257847,6000,0.9817700889343841,1301,0.008920625033359301,7.818479615970815,0.009352528663732533,27.0,0.012092753314765262,0.0038015934474765504,8172.0,0.006847841487438538,2,203.275993,5.084821452783217e-11,5.084821452783217e-11,2,2,1.0000000000000002,-0.0001089999999837844,1533,47,31.223584583483785,221.13369158273855,196.02997136560836,1.749641226353555
NDARMJ495DE0,R4,ThePresent,available,738,500.0,60.018559830584735,130,0,42,E8,E25,E21,E17,False,False,False,False,172,231,0.04665324691939505,-2822.711452266874,179.6346137758011,-0.01582612595299488,0.5321406061978154,6000,0.9803463034332326,530,-0.00923716312052167,4.138214359702412,0.15463779523921378,3585.0,0.16047724948225994,0.1482019433260655,-49164.0,0.2527373092763787,2,203.066,5.1958437552457326e-11,5.1958437552457326e-11,0,2,1.0000000000000002,-0.004703999999981597,1020,117,27.228025417913287,338.2079857878784,218.8562801043597,2.9729019607843132
NDARMK046ZRK,R9,ThePresent,available,62,500.0,30.003298250890783,130,0,42,E8,E25,E21,E17,False,False,False,False,253,230,0.010292289009267576,-21.232711845457406,344.66940833943215,-0.0015044866398018326,0.8855563766183034,6000,0.9830811095412428,1351,0.010816903911596948,4.267315682233726,0.011166353993245488,23.0,0.018226598271623297,0.007804151984226209,48175.0,0.011431141412296154,2,203.286005,3.47499806707674e-11,3.47499806707674e-11,2,2,0.9999999999999999,0.0016709999999876318,958,12,47.735231215801626,362.3650344699387,772.1726420619759,1.3605845511482255
NDARMK100DJR,R9,ThePresent,available,65,500.0,30.00326296754383,130,0,42,E8,E25,E21,E17,False,False,False,False,183,266,0.005928949251107833,16.343561525140522,449.22098055404365,-0.0010253612533312527,0.8297308501781352,6000,0.9727108541792879,1761,0.006421931133328213,6.84667742605624,0.0066197860760787005,23.0,0.010250389890428584,0.003111867139215599,-5319.0,0.006327003567143672,2,203.28600400000002,5.81756864903582e-11,5.81756864903582e-11,0,2,1.0000000000000002,0.004090000000030734,1192,27,48.541690948177546,281.41111229759747,216.02496024168522,1.7284060402684565
NDARMK416UUQ,R5,ThePresent,available,336,500.0,60.013706875970854,130,0,42,E8,E25,E21,E17,False,False,False,False,123,220,0.000554856651855779,53.78242463133662,339.50688691736246,9.068938262103568e-05,0.6674797450710102,6000,0.9935899131810116,1331,0.0007299152349229378,3.7373705609702155,0.0007796928959016444,42.0,0.0011939862502361614,0.0005106279481823863,13900.0,0.0010494703843833145,2,203.06599899999998,2.1538326677728037e-11,2.1538326677728037e-11,2,2,1.0000000000000002,0.00019699999998486445,2022,65,62.47260310331629,126.54620158792545,201.72374329301095,6.101206726013848
NDARMK525TGP,R5,ThePresent,available,433,500.0,60.02338227861757,130,0,42,E8,E25,E21,E17,False,False,False,False,800,220,-1.0,-1.0,-1.0,-1.0,-1.0,-1,-1.0,-1,-0.0004215980959974954,1.5111589949756454,0.002471999838139552,17140.0,0.003076486282381007,0.0022338788608440344,16186.0,0.00010942107950056125,2,203.063998,2.6756374893466273e-11,2.6756374893466273e-11,0,2,0.9999999999999996,0.004207000000053745,1072,102,26.24965471219664,316.1599226096855,163.98802473846098,5.083274253731344
NDARML115LD7,R10,ThePresent,available,44,500.0,30.00321382739874,130,0,42,E8,E25,E21,E17,False,False,False,False,279,219,0.0035909616440048084,36.74336419897845,272.809209485463,0.00017756018687527776,0.6584933286311728,6000,0.9939166186717315,1069,0.004252202358412826,4.790244681321604,0.004512209359195854,28.0,0.004788418259004995,0.002076730692519623,-19395.0,0.002067568304747801,2,203.065999,1.2989609388114332e-11,1.2989609388114332e-11,0,2,0.9999999999999997,-0.007037999999973539,910,11,43.513740664223306,400.11979336186914,236.3488696372476,1.0027032967032967
NDARML626PGU,R8,ThePresent,available,159,500.0,60.013872622342305,130,0,42,E8,E25,E21,E17,False,False,False,False,359,239,0.0013263460496632155,4.94054432881397,251.2869276335343,0.0006892223809278204,0.94145483830645,6000,0.9990862527145813,985,0.002040142317853211,4.216150707929682,0.0022622932075049,-14800.0,0.002137125711051727,0.0021158566150639847,43.0,0.0018725214631224755,2,203.062002,1.1957101975212936e-10,1.1957101975212936e-10,0,2,1.0000000000000007,-0.003632999999960442,867,48,41.681338319781624,337.57834736423996,134.6559467745375,12.586805074971164
NDARMM326JCB,R2,ThePresent,available,528,500.0,119.49050774385438,130,0,34,E8,E25,E21,E17,False,False,False,False,0,242,0.007563684846782809,9.786115565824913,183.2156098647394,-0.0007356906143102364,0.6989160451574578,6000,0.9986123991886356,718,0.0072202905692361,3.3466442055346413,0.00722594035329627,-4.0,0.010756232058844213,0.007153361371519684,-24797.0,0.009322575680868776,2,203.080006,6.927791673660977e-11,6.927791673660977e-11,2,2,1.0000000000000002,-0.00012899999994725076,397,178,235.23982094482284,92.25760217056076,408.54229892325776,42.335314861460965
NDARMM421CEC,R10,ThePresent,available,410,500.0,30.003197585254988,130,0,42,E8,E25,E21,E17,False,False,False,False,81,215,0.004129214517232735,115.94717888111037,437.105672967102,-0.0004026156744500682,0.8983115111013218,6000,0.9649923021508942,1713,0.004802055131999878,6.70263289954913,0.004917363352096417,18.0,0.0062967361915832205,0.0023463425817652735,452.0,3.4648083154157575e-05,2,203.066002,5.795364188543317e-11,5.795364188543317e-11,0,0,1.0000000000000002,0.01133800000003006,1148,111,54.43738876413374,261.4274835423424,328.19518353777585,3.0550348432055747
NDARMM628VVA,R10,ThePresent,available,285,500.0,30.0030724341174,130,0,42,E8,E25,E21,E17,False,False,False,False,199,223,-1.0,-1.0,-1.0,-1.0,-1.0,-1,-1.0,-1,-0.041224390731312045,1.5587458598166073,0.03611974683760951,3731.0,0.06128302536454114,0.035730385088799596,3806.0,5.439533336850516e-05,2,203.06600699999998,2.1649348980190553e-11,2.1649348980190553e-11,0,0,1.0,0.014704000000014688,917,17,48.088044449246304,362.36395296233314,1601.8750137349784,1.5738058887677207
NDARMN376BMF,R3,ThePresent,available,917,500.0,118.47976565807964,130,0,34,E8,E25,E21,E17,False,False,False,False,0,244,0.004430145182227507,-2629.390905910683,378.5244313918395,-0.0010099494763680388,0.8930668517132688,6000,0.9915221932216708,1113,6.006537303213801e-05,4.052146171881231,0.010791043863182045,6362.0,0.016955450521073036,0.01028584288939279,6183.0,0.00017369001951502566,2,203.080007,3.241851231905457e-11,3.241851231905457e-11,0,2,0.9999999999999998,0.0036480000000377534,1491,212,26.218004803949814,225.91506412246963,213.1600561232458,4.09494299128102
NDARMP745EAC,R2,ThePresent,available,904,500.0,113.47082754727674,130,0,34,E8,E25,E21,E17,False,False,False,False,0,233,-1.0,-1.0,-1.0,-1.0,-1.0,-1,-1.0,-1,-0.0019117556608640512,0.9222975264158206,0.0008719325775185679,2949.0,0.003247178697740303,0.0008551303640046192,2427.0,0.00022834605953667869,2,203.064006,4.04121180963557e-11,4.04121180963557e-11,2,2,0.9999999999999999,-0.0008120000000236476,1213,88,22.122130651974953,281.94557616903063,483.69478890126805,3.053355317394888
NDARMP977RHZ,R5,ThePresent,available,438,500.0,60.02325420323361,130,0,42,E8,E25,E21,E17,False,False,False,False,139,219,0.009725177263495957,1828.8771317669514,680.9979902282083,0.006210126310000674,0.982873240743828,6000,0.9981029954098263,2505,0.006927273046361497,3.677022880297402,0.019841607071898325,15340.0,0.019428546633351102,0.016675467008898954,40938.0,0.015330350496561094,2,203.064,4.8405723873656825e-11,4.8405723873656825e-11,2,2,1.0,0.0015910000000399563,918,71,22.905729359025475,394.0356855787742,238.6369810437193,1.5148039215686273
NDARMR134HUY,R8,ThePresent,available,1281,500.0,59.98497493957567,130,0,42,E8,E25,E21,E17,False,False,False,False,141,233,0.2729598018158418,2691.1109096838227,98.34801204431874,0.013649494421803248,0.36244555847164417,6000,0.9898524685473683,385,-0.08805024328961887,5.546055436680628,0.2910248888517401,2662.0,0.32853044074056525,0.2670126615047746,1835.0,0.5342465039297749,2,203.063994,5.440092820663267e-11,5.440092820663267e-11,0,2,1.0,0.004553999999948432,904,157,28.639926742443386,328.3225221218432,342.11860997089605,3.7179203539823007
NDARMR306ZKG,R5,ThePresent,available,188,500.0,119.38951662620558,130,0,34,E8,E25,E21,E17,False,False,False,False,0,238,0.002629014947802306,102.44629919721854,234.51848944886646,-0.00020314100156710436,0.8657646455913133,6000,0.9958217096862035,920,0.0020404625794351846,4.971752622272323,0.0027236053678347124,122.0,0.0029795449586296338,0.001018628403591536,-14036.0,0.0011050475050135274,2,203.067993,1.4210854715202004e-11,1.4210854715202004e-11,2,2,1.0,-0.0001890000000001458,1092,41,14.389609431432138,354.2878945062326,372.3157491759658,1.381831501831502
NDARMR570GJ5,R2,ThePresent,available,127,500.0,119.82247916719376,130,0,34,E8,E25,E21,E17,False,False,False,False,0,246,0.0031391447061976385,29.73260204817675,153.43070565534097,0.00036609369690925774,0.8609642331307306,6000,0.9971878167795731,601,0.003652576144619893,8.709903514047758,0.003934006228047272,34.0,0.0043782156059342025,0.0011540838796109069,3620.0,0.00198642432859014,2,203.07000100000002,8.970602038971265e-11,8.970602038971265e-11,2,2,1.0000000000000002,-0.0007319999999343255,1097,24,15.624076799750162,353.0101664296223,149.7736223238955,1.6439197812215134
NDARMR631KR5,R5,ThePresent,available,449,500.0,60.02340155539677,130,0,42,E8,E25,E21,E17,False,False,False,False,267,225,0.0023081838115089747,-1631.7444867984154,809.604829294028,-0.0013569694821330945,0.9531399715197372,6000,0.9211872126662142,2956,0.000373662897229429,4.377653729155417,0.003862250018727503,7240.0,0.005820390200494731,0.0038615044753899192,7291.0,7.122479469051299e-07,2,203.064,5.850875339774575e-11,5.850875339774575e-11,0,2,1.0,0.004809000000060224,1444,81,120.6255533380069,121.47828019979778,199.1016884963847,16.411391966759002
NDARMR684AH2,R5,ThePresent,available,394,500.0,60.02333172441869,130,0,42,E8,E25,E21,E17,False,False,False,False,161,241,0.0067872077894522475,-3163.6336831875337,451.8634570222339,-0.0015047165932970828,0.7972915777061651,6000,0.9989756866853284,723,-0.0008500324218340296,1.7482136551512235,0.008448693716064418,7690.0,0.015453564872228109,0.008137286395732898,19715.0,0.025275130547743746,2,203.07199400000002,1.4566126083082054e-10,1.4566126083082054e-10,0,2,1.0,-0.006141000000149269,1077,92,25.338318548284175,323.87527651520156,216.40153196342925,1.813649025069638
NDARMT575KF6,R9,ThePresent,available,63,500.0,30.00313449253441,130,0,42,E8,E25,E21,E17,False,False,False,False,113,238,0.005139157844035992,-7.011807624120228,300.91489635732637,-0.000334703527205538,0.8115936697933585,6000,0.9912743581846787,1179,0.0055625169318561166,3.1950668748689326,0.0057679314944774455,28.0,0.00838213047262464,0.005210008023102572,41086.0,0.00746997587829612,2,203.275994,2.3425705819590803e-11,2.3425705819590803e-11,0,2,1.0000000000000002,-0.0076690000000471,905,8,46.553238332982744,398.0335546851386,537.4624488174537,1.234375690607735
NDARMT661WCR,R4,ThePresent,available,51,500.0,119.6642341283504,130,0,34,E8,E25,E21,E17,False,False,False,False,0,229,0.004237647532669792,2011.0363685000393,889.9307579126045,-0.002993600157506651,0.9398432787495173,6000,0.9546235555736305,2733,-0.0005263886509692579,1.3356541782351787,0.001449777894158546,1888.0,0.00375266791295877,0.0008482736224312191,2287.0,7.170544210180528e-07,2,203.068005,1.687538997430238e-11,1.687538997430238e-11,2,2,0.9999999999999999,0.0007360000000057959,1045,21,13.273836078330502,374.25978872193684,554.9060551054722,1.2453110047846891
NDARMT732GKM,R2,ThePresent,available,1026,500.0,115.42299431232377,130,0,34,E8,E25,E21,E17,False,False,False,False,0,235,0.0007129585793273179,-1355.561731252966,176.83641664046485,-8.51197543840863e-07,0.3655353289932995,6000,0.9802311121240946,694,-0.00014356632376029315,3.101188153276034,0.0017120925044567603,-7793.0,0.0028580241232816495,0.0016846450794860473,-7871.0,1.843816351942214e-05,2,203.071994,6.039613253960852e-11,6.039613253960852e-11,2,2,0.9999999999999998,0.0004209999999653853,18,374,41.244357105281274,314.24068372826116,360.68076166629106,26.840555555555554
NDARMT882AWE,R4,ThePresent,available,3999,500.0,60.02330179453828,130,0,42,E8,E25,E21,E17,False,False,False,False,171,262,0.0002974800505947986,22.412423112842728,159.35018131629084,-0.0001528179951502829,0.8059498009067679,6000,0.996056761409215,624,0.00015157811675099394,4.271409141724084,0.0007343901909965734,4474.0,0.0008973838681849986,0.0007291565123103339,4565.0,6.181325659052744e-08,2,203.073996,6.328271240363392e-12,6.328271240363392e-12,0,2,1.0,0.006882999999987227,696,477,53.04216437026807,183.61151031139607,275.24604266769,18.662112068965516
NDARMT939UCK,R7,ThePresent,available,776,500.0,119.66423560939621,130,0,34,E8,E25,E21,E17,False,False,False,False,0,230,0.0028468449667116134,89.59050708328091,176.58171975091267,-0.00089220112854957,0.959981955161393,6000,0.9914072173290944,692,0.0018139611284294034,6.353232295753052,0.002105959153569822,56.0,0.0035973910905791806,0.00035075159214602633,-20331.0,0.0014402536539101648,2,203.070007,5.5067062021407764e-11,5.5067062021407764e-11,2,2,1.0000000000000002,0.0011730000000232115,1193,123,14.34983315309273,327.3129157008962,178.96599277389535,2.312942162615256
NDARMU161LHN,R3,ThePresent,available,633,500.0,117.79614577587394,130,0,34,E8,E25,E21,E17,False,False,False,False,0,282,0.0035395913361247295,-442.1170152636895,1521.8345930769058,-0.0025097826085208326,0.8232307040293387,6000,0.7451362384882411,5541,0.0009537565588947461,2.105162553689096,0.004996214394460727,-24920.0,0.006833269396872466,0.0049182849543420795,29711.0,0.011277701024862533,2,203.079997,3.6415315207705135e-11,3.6415315207705135e-11,2,2,0.9999999999999999,0.0009190000000455812,1134,58,16.825284674398254,303.46667348457544,606.4291504313763,2.2846913580246917
NDARMU228TCQ,R10,ThePresent,available,789,500.0,60.00451216590777,130,0,42,E8,E25,E21,E17,False,False,False,False,474,239,0.004718867807356501,-4415.854590280132,1978.526003816751,-0.001332599494006556,0.7058199566006355,6000,0.7325849745298509,2463,-0.0018545740590321781,5.292290338149506,0.004909824669123063,-16371.0,0.006109558109187844,0.0022428498381377848,-2979.0,0.003875951402327351,2,203.065999,1.5631940186722204e-10,1.5631940186722204e-10,2,2,1.0000000000000004,-0.000618999999886577,1957,62,65.13258730344127,126.58833471468652,403.00803408200346,4.172636688809402
NDARMU280FXT,R9,ThePresent,available,454,500.0,30.003286252456807,130,0,42,E8,E25,E21,E17,False,False,False,False,80,216,0.003715213144535618,-5.0751861547479775,299.84801289753256,-0.003058229243064505,0.96544239452064,6000,0.940422372741103,1175,0.0008302331516336992,1.7903684229738157,0.003438730828105171,11348.0,0.010164904225828423,0.002573593486402087,-6212.0,0.008936905912638762,2,203.276004,7.527312106958561e-11,7.527312106958561e-11,0,0,1.0000000000000002,0.015437000000036132,1217,102,51.680156340113385,237.36983610073096,339.5146599744706,2.304354971240756
NDARMU443RHZ,R11,ThePresent,available,337,500.0,60.02320745493552,130,0,42,E8,E25,E21,E17,False,False,False,False,385,241,0.005082575372843965,56.430313197726576,320.7023011889015,-0.00018889480997551236,0.9354724616083974,6000,0.981410077183124,1258,0.005957426246637313,13.096407718482437,0.006453598072470325,32.0,0.007172662203482634,0.0019971013949434905,407.0,1.1366454292236275e-06,2,203.068005,2.375877272697835e-11,2.375877272697835e-11,0,2,1.0,-0.0054320000000190145,1502,52,28.729314240901804,235.34863300939483,179.10690613088212,2.235426098535286
NDARMU589LP6,R5,ThePresent,available,444,500.0,60.018517929785986,130,0,42,E8,E25,E21,E17,False,False,False,False,165,254,-1.0,-1.0,-1.0,-1.0,-1.0,-1,-1.0,-1,-3.051217934960434e-06,,,,,,,,2,203.07599499999998,4.4297898682543746e-11,4.4297898682543746e-11,0,2,1.0000000000000002,-0.005130000000060476,1016,92,25.05088268592346,347.32898650470526,179.41747784948782,2.1521259842519687
NDARMU791UN7,R7,ThePresent,available,624,500.0,119.71462300843055,130,0,34,E8,E25,E21,E17,False,False,False,False,0,245,0.0011958852572615927,19.315340316071843,279.43316998211776,-0.00010631686054333691,0.8254542145506129,6000,0.9929478788805567,1096,0.0011968275181004006,4.491789809150427,0.0012143189283213215,-35.0,0.0018946527441614548,0.0008755743174990943,-27220.0,0.0015002356354126337,2,203.06799999999998,6.661338147750939e-12,6.661338147750939e-12,2,2,1.0,0.0014230000000134907,1123,92,18.37586882434298,339.84702483720747,189.20398018580303,2.5814158504007128
NDARMV189NXG,R7,ThePresent,available,1485,500.0,59.88058272973074,130,0,42,E8,E25,E21,E17,False,False,False,False,1200,236,0.0029334396506815364,76.00289828334974,209.29979564579384,0.00011277769759428141,0.8821689554798915,6000,0.9978148999945636,821,0.0029056248389453944,6.2023827952633654,0.0032463758327627604,81.0,0.0035639540793890464,0.0015250068445071725,-20786.0,0.0016428587344893505,2,203.073995,5.861977570020827e-11,5.861977570020827e-11,2,2,1.0000000000000002,0.0017089999999109575,1717,37,54.066048957897756,148.53932206932598,1207.649827834807,6.773343040186371
NDARMV198XGY,R10,ThePresent,available,195,500.0,30.003166016858312,130,0,42,E8,E25,E21,E17,False,False,False,False,306,234,0.4172432867043144,695.7858431041103,374.9293321914382,-0.233738330736494,0.7496014299327881,6000,0.8192149089141243,1470,-0.044038862451550656,3.0362383908768633,1.5467315402563253,-19933.0,2.7643508095088754,1.5452727827304718,-19895.0,0.0007090526953852372,2,203.065998,4.6407322429331543e-11,4.6407322429331543e-11,0,0,0.9999999999999999,0.010546999999964344,672,56,41.2674706500693,521.7867413925201,205.34399636308706,2.592053571428571
NDARMV575DC1,R4,ThePresent,available,169,500.0,60.02329048771545,130,0,42,E8,E25,E21,E17,False,False,False,False,157,240,0.0005241675266368421,106.02099850427217,374.0989341358468,7.863105426681451e-05,0.9401158356420212,6000,0.9890644320849188,1467,0.0006793606178322979,4.675512442271497,0.0007372214713112736,39.0,0.0007217110934627289,0.000513541121851315,-24146.0,0.00042760522049577676,2,203.065996,5.218048215738236e-11,5.218048215738236e-11,0,2,0.9999999999999999,-0.004480999999952279,1659,40,36.946080912109586,199.12631196449536,132.85947158716473,4.370409885473177
NDARMV822KWR,R4,ThePresent,available,515,500.0,114.03950225575129,130,0,34,E8,E25,E21,E17,False,False,False,False,0,250,0.0008369814521917367,2566.2391731485864,318.13972959880385,-0.0004809042029629703,0.8447930705399677,6000,0.926707838683287,1057,-0.001107750307263195,2.32967061089341,0.0012724293469721182,4166.0,0.001967017505825507,0.0012638396945703872,4205.0,7.68264754100103e-07,2,203.067995,1.0547118733938987e-10,1.0547118733938987e-10,2,2,1.0,0.0007700000000970554,1486,77,43.48564265564046,192.1336732676594,725.0436858007577,8.05027590847914
NDARMV981GZ7,R5,ThePresent,available,199,500.0,60.018561279706795,130,0,42,E8,E25,E21,E17,False,False,False,False,170,240,0.0033869745056945362,-407.639109660164,552.1786553432272,-0.0009678377218209535,0.5860010255692215,6000,0.9086461188105773,2164,0.002120234040150422,4.1035328415924734,0.003162733666139963,13381.0,0.005006103855756065,0.0022495537406681796,-40470.0,0.0025841480551742862,2,203.071994,1.84297022087776e-11,1.84297022087776e-11,2,2,0.9999999999999999,0.00011200000003707466,1871,30,48.07518042029801,162.44227741508413,256.5573035230458,4.310700160342063
NDARMW088NNR,R6,ThePresent,available,159,500.0,60.02341275996144,130,0,42,E8,E25,E21,E17,False,False,False,False,152,234,0.0062454313809098515,2967.2692534472535,225.89867410257335,-0.0017559073271612236,0.770965906779132,6000,0.9948313208592207,475,-0.001741283916588821,2.876013416204981,0.012772659091492933,43717.0,0.024936889999310707,0.011154143712683369,43420.0,4.777131329543674e-06,2,203.06400299999999,8.137934770502397e-11,8.137934770502397e-11,0,2,1.0000000000000002,0.0074339999998938675,1427,30,31.99042452500559,247.82657233759028,203.2658342019647,1.7099719691660829
NDARMW127WL5,R10,ThePresent,available,207,500.0,60.01355469472699,130,0,42,E8,E25,E21,E17,False,False,False,False,261,238,0.006934245517468095,65.91496198141097,419.7211104621891,-0.00775608323061635,0.928269179219818,6000,0.9778980637445749,1645,0.0010654748046742535,1.2870743911677718,0.006665046236863995,39996.0,0.025143914836223084,0.005427186122675611,14178.0,0.018461676683228335,2,203.06599200000002,2.864375403532904e-11,2.864375403532904e-11,0,2,1.0,-0.004352000000028867,1400,29,30.65657980101532,251.81815117422684,267.12257141545297,2.0168071428571426
NDARMW445NBC,R7,ThePresent,available,1347,500.0,113.14028262328743,130,0,34,E8,E25,E21,E17,False,False,False,False,0,247,0.0,-3000.0,266.6666666666667,0.0,,6000,,523,0.0,,,,,,,,2,203.065993,8.038014698286133e-11,8.038014698286133e-11,2,2,1.0000000000000004,-0.0001269999999538278,149,228,57.6671418991545,147.89803149853392,522.6809346309243,13.128724832214766
NDARMW551YA0,R7,ThePresent,available,1340,500.0,117.24782197423286,130,0,34,E8,E25,E21,E17,False,False,False,False,19,247,0.0014736640912233702,646.5602694972614,707.5565893055357,-0.00010705154164198379,0.663203483051453,6000,0.9987647603803852,2774,0.0008389598832648931,2.9140158717391844,0.0016662927253797914,45347.0,0.002390870600984924,0.0016477304788486858,45545.0,1.3092938051231448e-08,2,203.068007,7.771561172376096e-11,7.771561172376096e-11,2,2,1.0000000000000002,0.0018500000000409085,1211,142,19.44227404864268,306.17209491488745,250.0299762070672,3.3104376548307184
NDARMW863HW5,R7,ThePresent,available,300,500.0,118.77479646466739,130,0,34,E8,E25,E21,E17,False,False,False,False,0,228,0.10472254056192919,-12086.63785992485,3876.318829658473,-0.0036648522504174933,0.9537639462937748,6000,,0,-0.003960951490051391,2.081138352413382,0.0035056695319977643,7856.0,0.007739418312189775,0.0027870488230445334,-2896.0,0.009013933763543484,2,203.066002,2.2426505097428162e-11,2.2426505097428162e-11,2,2,0.9999999999999998,0.0008210000000176933,1852,62,23.100955883131,189.3347612289265,303.12277946386797,2.202068034557236
NDARMX196KKY,R11,ThePresent,available,834,500.0,60.02325392108964,130,0,42,E8,E25,E21,E17,False,False,False,False,90,236,0.005167965604345929,-46.28318484431184,222.41810610426396,-0.003404000602711624,0.8783098372443185,6000,0.9371249960478036,872,0.002525884758948865,2.5304333992075807,0.007763455160379002,12885.0,0.011841889527759908,0.006296136023392168,12464.0,0.0001872393407073361,2,203.06600799999998,1.5987211554602254e-11,1.5987211554602254e-11,0,2,0.9999999999999999,0.0036580000000037663,969,237,123.93268556928695,103.0149287164773,465.16407357407513,17.73703818369453
NDARMX277VHC,R7,ThePresent,available,60,500.0,60.02331963057008,130,0,42,E8,E25,E21,E17,False,False,False,False,205,244,0.09954689604352963,681.1593352853978,154.47922613629757,-0.004010485149049135,0.6178164039096643,6000,0.9937677412154557,605,0.02405408439053045,5.605365092570301,0.3655038603979161,36914.0,0.5513717703993938,0.3650064829447477,36945.0,7.472004011854771e-05,2,203.064002,9.880984919163893e-12,9.880984919163893e-12,0,2,0.9999999999999999,-0.0043629999999801475,1019,18,29.42941481512293,360.1567780477612,234.17339282534277,2.1822374877330715
NDARMX328VWC,R7,ThePresent,available,474,500.0,60.023346979246206,130,0,42,E8,E25,E21,E17,False,False,False,False,298,240,0.15906500274635701,2060.166207324649,914.3442801064423,-0.07394044622451179,0.7449580841071642,6000,0.9597827866114795,2731,-0.13153426931157094,6.73939431751462,0.6392455740311258,-49690.0,0.5181108656057701,0.24113947880692094,-48789.0,0.002307088663208362,2,203.074005,2.708944180085382e-11,2.708944180085382e-11,0,2,0.9999999999999999,0.007933999999974321,969,77,23.865241908747755,372.6829135005523,208.36965604476526,1.9453973168214655
NDARMX482GWR,R8,ThePresent,available,140,500.0,60.02350199934228,130,0,42,E8,E25,E21,E17,False,False,False,False,352,223,0.006096720498729377,21.079340156655,362.90640555870743,-0.00027328224993929367,0.9597710696300419,6000,0.9884551336704761,1423,0.006966434288486996,16.1420841467567,0.00727679464738428,30.0,0.007904029237991668,0.0017637181951730193,13271.0,0.0021236579683913417,2,203.276001,1.5987211554602254e-11,1.5987211554602254e-11,0,2,0.9999999999999999,-0.006856999999996136,1194,92,54.21198461596953,190.08138624799614,843.1855953577508,8.222244556113903
NDARMX835PGE,R8,ThePresent,available,440,500.0,60.02336473587556,130,0,42,E8,E25,E21,E17,False,False,False,False,243,246,1.89328895359315e-06,-1967.1073363509665,900.1307750124994,5.189346211855501e-07,0.9098497008904268,6000,0.9703574502046147,2798,1.8048537164691683e-06,4.426582141327824,2.5901783980387445e-06,-2163.0,2.7585730181447756e-06,2.4699132457748182e-06,-2052.0,7.889270915896936e-09,2,203.073994,1.340039190722564e-10,1.340039190722564e-10,2,2,0.9999999999999999,-0.0006820000001258157,1006,57,30.63799022153489,337.9884348563933,382.02467651810815,4.040924453280319
NDARMY254BGN,R5,ThePresent,available,78,500.0,60.02338568321972,130,0,42,E8,E25,E21,E17,False,False,False,False,169,233,0.0006450028044169917,171.59735673533834,388.69484898685306,-0.0005079626225289308,0.8796065490063986,6000,0.8266025332525407,1524,0.0002650760359110565,4.2651797546907675,0.0031783247128430955,44740.0,0.003917817463400875,0.002724750339333104,28753.0,0.004179225800243061,2,203.063995,7.405187574249794e-11,7.405187574249794e-11,2,2,1.0000000000000004,-3.7999999965936315e-05,914,15,40.19208037352145,396.1450759877562,387.61710079256886,7.915623632385121
NDARMY294VNE,R5,ThePresent,available,446,500.0,60.023292888242665,130,0,42,E8,E25,E21,E17,False,False,False,False,1027,237,0.0131406642460614,1815.3955754016367,934.388637013398,-0.006725045956263711,0.898672826742475,6000,0.991300729161745,3016,-0.005110295102389311,3.272357751208339,0.027211594301441395,-12214.0,0.04600922719826332,0.022146658796590533,-12699.0,1.6192884819334064e-05,2,203.065993,2.531308496145357e-11,2.531308496145357e-11,2,2,0.9999999999999997,-0.00012399999997739805,2099,66,65.5390246890091,121.3632850891668,126.72422878474308,4.367970462124821
NDARMY456WML,R5,ThePresent,available,855,500.0,114.30573017388097,130,0,34,E8,E25,E21,E17,False,False,False,False,0,239,0.0015267943339171905,232.2899836955929,474.94334483405055,0.0009201191790873053,0.7333901192644754,6000,0.9953533542621084,1862,0.0024090134754900672,3.617704546471048,0.0076087506268553845,-51051.0,0.0023265470310906674,0.005435821170280042,-26307.0,0.009410427406468648,2,203.06799600000002,5.995204332975845e-11,5.995204332975845e-11,2,2,1.0000000000000002,0.0012820000000337568,2180,86,46.65202635650768,109.84579661759199,488.50869992596216,6.841573394495414
NDARMY564AXU,R10,ThePresent,available,97,500.0,30.003222773109435,130,0,42,E8,E25,E21,E17,False,False,False,False,167,231,0.0016366340016865134,-3246.3267534601578,781.6188524183387,-0.0018221042075145773,0.9898178394682409,6000,0.9997356894893411,1286,-0.0016277271847329302,0.8293677638949306,0.000936165383617658,-44171.0,0.0010862680589474884,0.000933235453928592,-44216.0,6.625694964992358e-07,2,203.065994,2.631228568361621e-11,2.631228568361621e-11,0,2,1.0,-0.0038210000000241115,1059,33,45.668168598973196,325.3767457395915,282.8040718952115,1.2843342776203965
NDARMY873XG5,R5,ThePresent,available,734,500.0,119.41490858412865,130,0,34,E8,E25,E21,E17,False,False,False,False,0,239,0.0009776621449265883,204.80007092026545,376.0223234584053,0.00019533081187849517,0.9438290106329214,6000,0.9966014575493615,1474,0.0009353205769868636,7.128021719502614,0.0012757945765110486,216.0,0.0014724649830278192,0.0006695548112664739,-22827.0,0.0008149223524185308,2,203.079996,6.306066779870889e-11,6.306066779870889e-11,0,2,1.0,0.0024470000000691326,1213,104,16.439259004308237,315.2308622359317,171.78112344966866,2.5151195383347074
NDARMZ119VPH,R8,ThePresent,available,488,500.0,60.00392820448071,130,0,42,E8,E25,E21,E17,False,False,False,False,194,224,0.03786492319335528,1020.6314042808109,246.47190586374919,-0.0074838886570933105,0.5413755232997052,6000,0.9553863749264626,966,0.01580171198042377,2.4312841935455767,0.05508172880199924,-26275.0,0.0759324141356458,0.05469890530987118,-11320.0,0.06255589855967986,2,203.073995,3.419486915845482e-11,3.419486915845482e-11,2,2,0.9999999999999999,-0.0007939999999597315,1134,59,34.51093985425636,288.0441184634581,451.52693977634755,3.9653880070546736
NDARMZ162JV7,R11,ThePresent,available,323,500.0,60.02349458185924,130,0,42,E8,E25,E21,E17,False,False,False,False,250,239,-1.0,-1.0,-1.0,-1.0,-1.0,-1,-1.0,-1,-0.0005274306283972321,0.18222224348408167,0.00022621536855893098,39392.0,0.0008781346123365305,0.00022149758350035128,39451.0,7.728005616731992e-07,2,203.064003,4.696243394164412e-11,4.696243394164412e-11,0,2,0.9999999999999996,0.007420000000009028,1406,66,30.51301361875973,251.69276994763263,151.72129681437434,2.5132005689900425
NDARMZ189EFC,R5,ThePresent,available,54,500.0,119.72204841138041,130,0,34,E8,E25,E21,E17,False,False,False,False,0,248,0.0019025419992454355,32.20122078793944,168.89175621260023,0.00044021678024783845,0.9466692600055022,6000,0.9969360252462195,662,0.002373856246821778,5.348775214242364,0.0027369600620631524,8359.0,0.0036571101567676014,0.0025565984747266497,55.0,0.00357765430175556,2,203.069999,4.929390229335695e-11,4.929390229335695e-11,2,2,1.0000000000000002,0.0001740000000131594,1234,16,15.072063007533849,313.2293079615929,554.1555416764909,1.5279578606158832
NDARMZ200GVD,R2,ThePresent,available,460,500.0,112.0335199387849,130,0,34,E8,E25,E21,E17,False,False,False,False,0,239,0.0024946449538910164,-1551.5211929584946,692.1458109514925,4.575180649305413e-05,0.6274408795179168,6000,0.8108548072679121,2714,0.002063982941637813,1.9485632668251083,0.005219221818376985,19182.0,0.009538096959997494,0.004780209800360157,17822.0,0.0025353516320107358,2,203.066002,6.372680161348399e-11,6.372680161348399e-11,2,2,1.0000000000000002,-0.0003839999999579812,1006,29,16.811300819947363,351.41527633951415,1405.7838628289833,1.8026739562624254
NDARMZ366UY8,R5,ThePresent,available,434,500.0,60.02330853581724,130,0,42,E8,E25,E21,E17,False,False,False,False,162,244,0.0029799173234472693,7.1804799581629695,132.7365710505768,-0.0004695040582395351,0.7017943887244712,6000,0.9981297944606344,520,0.0025586610743510638,2.864510894249037,0.0027104906561706155,25.0,0.005039815049882341,0.0022322992920357013,11609.0,0.005020974050886392,2,203.07399800000002,8.58202398035246e-11,8.58202398035246e-11,0,2,0.9999999999999997,-0.0020150000000575385,1150,56,27.078361760431353,306.1017699460113,305.53765613364595,1.864478260869565
NDARMZ518UH1,R2,ThePresent,available,98,500.0,119.19407113125332,130,0,34,E8,E25,E21,E17,False,False,False,False,0,241,0.004885079423125905,40.7648034411731,359.4301398811465,-0.00029360503518564694,0.9084216697492613,6000,0.9842199648837673,1409,0.004683916050860135,4.553586432932904,0.005158535244912896,140.0,0.007557565420167709,0.0030245999303950997,-11910.0,0.006009266111507242,2,203.070004,2.6201263381153694e-11,2.6201263381153694e-11,2,2,0.9999999999999998,8.100000002502023e-05,1183,42,15.457438132556366,323.0804898962825,281.1882111578283,1.7164666103127644
NDARMZ687XRR,R3,ThePresent,available,183,500.0,119.82791970480692,130,0,32,E8,E25,E21,E17,False,False,False,False,0,235,0.0023637753679739662,-15.721730157068619,163.61596432879261,0.004371987280101329,0.8105419032622926,6000,0.9996626330599367,641,0.006736744594359551,2.3671401021861223,0.006849296553698893,-18119.0,0.0023445250434190983,0.006817220671182067,-17110.0,0.000209990232076223,2,203.069999,6.927791673660977e-11,6.927791673660977e-11,2,2,1.0000000000000004,-0.00014799999997713468,1390,38,18.68573532630128,280.86523899284157,113.04673372845873,2.128424460431655
NDARMZ790VHM,R7,ThePresent,available,640,500.0,60.02334662031004,130,0,42,E8,E25,E21,E17,False,False,False,False,109,241,0.0023233209751995464,33.404975254774605,434.86270442227436,0.0007426530751226578,0.9719042822184214,6000,0.9942279913280457,1704,0.003595725863163714,8.753426040511876,0.0037254709913435297,29.0,0.00373899195973715,0.0017046269510210424,-13044.0,0.0013417453201159332,2,203.076003,3.430589146091734e-11,3.430589146091734e-11,0,2,0.9999999999999997,0.0038660000000120764,1023,151,26.725669435503658,329.15053007673555,154.13543558414204,2.330957966764418
NDARMZ936WYB,R9,ThePresent,available,13,500.0,30.003260273694142,130,0,42,E8,E25,E21,E17,False,False,False,False,65,226,0.0024565139478318603,80.80895390705662,224.31051265656117,-0.0014535733661414868,0.90735427650846,6000,0.8845045378621215,879,0.0015250736219014874,1.558856048616723,0.0017946172067844694,9330.0,0.0030906347673703973,0.0017834698275223078,9374.0,5.519939513208821e-07,2,203.285993,3.7969627442180354e-11,3.7969627442180354e-11,2,2,0.9999999999999999,-0.0007449999999522125,848,56,65.0898261964629,193.7025769759034,3189.037581067145,2.592393867924528
NDARNA004AGP,R7,ThePresent,available,870,500.0,115.95331827209317,130,0,34,E8,E25,E21,E17,False,False,False,False,0,283,0.0008836835132838221,-2472.572358170037,264.614529754811,0.00026153244912201034,0.6772297338304195,6000,0.9894007716409055,1038,0.0009850609023837936,2.4700513471569847,0.002091108102820181,-33321.0,0.0027906537144375297,0.0020503193007632165,-33209.0,1.3615404061201406e-05,2,203.074001,3.552713678800501e-12,3.552713678800501e-12,2,2,1.0,8.399999999303859e-05,1513,125,29.438774013146222,124.29757599978942,410.7942631035575,5.472128222075347
NDARNA055LLN,R9,ThePresent,available,127,500.0,30.00324650389609,130,0,42,E8,E25,E21,E17,False,False,False,False,73,209,0.008015104247559931,102.90718645715542,379.99900988499184,0.001608679348166461,0.8815486126290444,6000,0.9868286133798695,1489,0.011841312356640314,2.5712076370461476,0.013650776188005864,16029.0,0.03321023860759878,0.01254278773240851,42277.0,0.021334383683499485,2,203.285995,3.352873534367973e-11,3.352873534367973e-11,2,2,1.0,0.00019200000003855583,1279,70,50.192721813352975,245.1823746589405,239.507474895662,2.0553635652853792
NDARNA335GX2,R4,ThePresent,available,925,500.0,117.22811780713133,130,0,34,E8,E25,E21,E17,False,False,False,False,0,246,0.001578227637404036,-247.8625645871457,334.52609104800354,-0.00012200321481127874,0.8197467015130034,6000,0.9969226190278746,1311,0.0012218594855423696,5.184329822249865,0.0014167161139928889,-189.0,0.0016909176002570647,0.0008873413009119466,-24020.0,0.0010385888788761453,2,203.07999999999998,2.930988785010413e-11,2.930988785010413e-11,2,2,1.0000000000000002,0.00014100000000085745,1525,164,25.433810665413247,219.4846564323186,269.2080985706536,4.635468852459017
NDARNA360JWE,R10,ThePresent,available,36,500.0,30.00317602260071,130,0,42,E8,E25,E21,E17,False,False,False,False,172,235,0.005564890021746107,-1964.7130156233181,282.66023386338924,0.00430205013232857,0.7969490905762234,6000,0.9981207412928627,1108,0.007838610504199265,2.401306429619511,0.0151765970094372,-10982.0,0.04009740452098127,0.015112711734612101,24732.0,0.032234725549921205,2,203.06599599999998,0.0,0.0,0,2,1.0,-0.006314999999999808,1326,11,47.3069463042356,251.68779210741627,660.5520423071958,1.1195927601809954
NDARNA421FL7,R8,ThePresent,available,213,500.0,60.02349408524985,130,0,42,E8,E25,E21,E17,False,False,False,False,206,230,0.001951776203273034,13.052079048935441,280.3156852458384,6.276255474461085e-05,0.8972930718390213,6000,0.9903358577599294,1099,0.002372823215690156,9.626152730528881,0.002520948997030333,32.0,0.002531525029550975,0.0006962694208696823,-25259.0,0.0007043282380367544,2,203.073997,4.6407322429331543e-11,4.6407322429331543e-11,0,0,1.0000000000000002,-0.008134000000064782,753,51,22.523911425749148,482.96572622700023,146.9976568651784,1.2070252324037185
NDARNA455LV4,R10,ThePresent,available,158,500.0,30.003170241791373,130,0,42,E8,E25,E21,E17,False,False,False,False,94,217,0.003247735864457114,22.760242758497796,235.27409760799807,-0.0005653096964569497,0.959377940425566,6000,0.9778766637045824,922,0.003402487210338961,11.357983584360063,0.0036162928606818007,23.0,0.004550854673155094,0.0006769840788188045,14076.0,0.0011173898089515872,2,203.066002,8.770761894538737e-12,8.770761894538737e-12,0,2,1.0,0.004314999999982618,1260,65,50.10155844245513,259.02228419601875,145.6290385862397,2.023761904761905
NDARNA607WEF,R11,ThePresent,available,304,500.0,30.00313150792114,130,0,42,E8,E25,E21,E17,False,False,False,False,127,231,0.0030362089543836323,-17.80360366715751,281.16112225927094,0.000612716766529968,0.8791981478776671,6000,0.9931657938895073,1102,0.004239666713893722,6.768548356580882,0.004468723450881253,27.0,0.0040295540108265466,0.0018234787577166493,-46064.0,0.0012317025460388338,2,203.076001,1.865174681370263e-11,1.865174681370263e-11,0,2,1.0,-0.0025079999999910343,1110,128,41.01887651655944,276.9204570730969,175.50739056263677,0.8154594594594595
NDARNA660PPK,R7,ThePresent,available,187,500.0,119.40681091127686,130,0,34,E8,E25,E21,E17,False,False,False,False,0,248,0.0012698306392248406,82.81083720729437,220.62379058311222,-0.000627528505326273,0.902115504733385,6000,0.9863299555528557,865,0.0006582112641784979,3.0537873585734046,0.0015693243756458631,48237.0,0.0021143979864602473,0.0011546669797396821,4702.0,0.0025138922413495924,2,203.071996,7.904787935331115e-11,7.904787935331115e-11,0,2,1.0,0.003126999999927083,2056,23,68.65040055237887,130.1708932448835,291.86278377047836,6.008934824902724
NDARNA768ZAK,R3,ThePresent,available,796,500.0,116.18155555652974,130,0,34,E8,E25,E21,E17,False,False,False,False,0,236,0.0024733599155842,1255.1348605909343,442.3385837216265,-0.000885316698101493,0.891325030474033,6000,0.9151103778550821,1734,-0.0016257145236001393,2.451294898228648,0.0015727623989553103,6240.0,0.0037236903790562525,0.0014692412270886036,1041.0,0.0031244835811703015,2,203.067995,3.8191672047105385e-11,3.8191672047105385e-11,2,2,0.9999999999999996,-0.0008419999999794133,403,125,189.85551344530714,86.36764503854077,680.4456854049182,25.277295285359802
NDARNA856AY1,R4,ThePresent,available,645,500.0,118.6883834660488,130,0,34,E8,E25,E21,E17,False,False,False,False,0,235,0.0012914936727934216,413.5493603931019,593.0494445967161,-0.0008827237378235611,0.7429745443887195,6000,0.7314452380151413,2324,0.00016623324093541464,3.0026990370672237,0.002642110486774188,23892.0,0.004060235326177842,0.002304756174633071,21754.0,0.002482084062481074,2,203.068,7.327471962526033e-11,7.327471962526033e-11,2,2,0.9999999999999999,0.0014409999999392843,1180,90,19.19090110004714,318.11047942571923,248.13038933673755,2.59664406779661
NDARNA984ZXT,R11,ThePresent,available,397,500.0,60.018434914225615,130,0,42,E8,E25,E21,E17,False,False,False,False,204,223,0.0036996514429627333,11.126630554953778,152.80604374758641,0.0068005358482317365,0.9562817318130427,6000,0.9996787926317199,599,0.010764225404158705,2.4631399675016583,0.011075360705241457,28.0,0.004794801044353573,0.010782408903821247,-20832.0,0.004205429211104883,2,203.065995,9.792167077193881e-11,9.792167077193881e-11,2,2,1.0000000000000002,0.001356000000081909,1368,78,31.520073829508735,250.38577474171058,206.9647130804718,2.8897076023391812
NDARNB032ZLC,R9,ThePresent,available,106,500.0,30.003265775281474,130,0,42,E8,E25,E21,E17,False,False,False,False,87,217,0.02021082690867153,130.77722371608243,265.3883127629317,-0.00849710066762388,0.9266556850726339,6000,0.9366238481633433,1040,0.013807342328502104,4.505664816662414,0.015300409661491961,33.0,0.02863113829142604,0.009745757448564377,-9973.0,0.022393223764346222,2,203.288003,2.1538326677728037e-11,2.1538326677728037e-11,0,2,0.9999999999999999,-0.00701399999998514,1199,60,51.76206793923939,257.1128762741777,389.9785957527425,2.0984987489574647
NDARNB390JL3,R8,ThePresent,available,2593,500.0,60.018716653925644,130,0,42,E8,E25,E21,E17,False,False,False,False,449,222,0.002259748079662772,1490.20559292771,612.3937013142397,-0.0003859131561086119,0.5698588017201889,6000,0.9645272041748639,2401,0.0016902811099576613,2.14517400409045,0.004895660237106914,-42975.0,0.00970265395853603,0.004550906234715027,-43317.0,2.2154606339204463e-05,2,203.062005,1.4732659536775827e-10,1.4732659536775827e-10,2,2,1.0000000000000002,-0.0017399999998761269,824,419,24.06042013718033,277.22822230675524,219.32587687284598,2.917160194174757
NDARNB401DN9,R11,ThePresent,available,124,500.0,60.023487000187,130,0,42,E8,E25,E21,E17,False,False,False,False,229,241,0.00207020221563361,-85.04085835169356,330.89740729565193,-0.0005783713763191338,0.8438851402537048,6000,0.9627355899897841,1297,0.0018241777656541431,6.140316802178039,0.0019302698443710966,28.0,0.0025096658548260653,0.0008582732460995612,24158.0,0.0014510949098898505,2,203.07600200000002,2.886579864025407e-12,2.886579864025407e-12,2,2,1.0,0.000982999999994497,1575,20,34.664735300975515,219.10213271457306,194.09809464805267,2.48895873015873
NDARNB427ARE,R7,ThePresent,available,779,500.0,60.02311968192914,130,0,42,E8,E25,E21,E17,False,False,False,False,106,239,0.0011517031145532699,531.7914861063086,467.1283176220687,-0.00010883584258346414,0.4466765177530311,6000,0.9364236735245897,1831,0.00076262976967332,4.291199895881753,0.0062514476877573106,7886.0,0.00937150553101802,0.005734166937046724,8190.0,4.9360521493252256e-05,2,203.06400100000002,1.765254609153999e-11,1.765254609153999e-11,0,2,0.9999999999999999,-0.002301000000006872,1376,131,37.558678101507674,226.5725835082858,236.67651931206336,4.41375726744186
NDARNB579TCQ,R10,ThePresent,available,110,500.0,30.003215835671213,130,0,42,E8,E25,E21,E17,False,False,False,False,305,219,0.005272186736554931,-21.14136480273593,140.17949651355784,0.001383094863811352,0.7671701495167684,6000,0.9904783600611422,549,0.007220192364929173,3.392580521539934,0.012146131234791023,-19773.0,0.013282796139955795,0.007674019763605013,23.0,0.011960806365952505,2,203.063998,5.639932965095795e-11,5.639932965095795e-11,0,2,1.0,0.0025509999999440624,1027,56,44.59123617719298,324.7877552598104,144.62846480504552,1.4655696202531645
NDARNB738TM9,R9,ThePresent,available,389,500.0,30.003272245395873,130,0,42,E8,E25,E21,E17,False,False,False,False,103,212,0.020089374611755792,-115.06100044046238,575.2131428560381,0.023753802491671795,0.8745009784105963,6000,0.9951607510833251,2255,0.042228319108321394,3.216461105734541,0.053426028998825245,-14988.0,0.04002725245933623,0.05267589978853474,-14448.0,9.473325892445095e-05,2,203.286003,9.403589018575076e-11,9.403589018575076e-11,2,2,0.9999999999999994,0.0011389999999547665,970,143,50.54645984340629,315.1618576644995,212.8008203031926,2.5322268041237117
NDARNB905CFU,R5,ThePresent,available,38,500.0,119.7457969314636,130,0,34,E8,E25,E21,E17,False,False,False,False,0,225,0.0005397965089721412,-10.151904760214395,87.98104481142907,-0.0005301500540198074,0.9576900235461776,6000,0.9949502678684019,345,8.158210032354212e-07,1.387662412223829,0.00038808897422932127,-8360.0,0.0010226807730518925,0.00023122728348692556,-8771.0,1.1181116049943825e-06,2,203.067999,6.616929226765933e-11,6.616929226765933e-11,2,2,0.9999999999999999,0.0010680000000761662,1611,11,112.88061114763863,144.85455578211082,153.17381762687765,12.133842333954066
NDARNC130ZLK,R8,ThePresent,available,290,500.0,60.0234973501475,130,0,42,E8,E25,E21,E17,False,False,False,False,162,233,0.010337143914086619,-74.53424791888703,336.5202348393541,-0.0006450675161720141,0.9088789258819386,6000,0.9727604071692534,1320,0.011984776683120646,7.635491039356046,0.012579824747224381,25.0,0.015580253377792317,0.006021947642456623,4142.0,0.009070092510407446,2,203.283995,9.026113190202523e-11,9.026113190202523e-11,0,2,0.9999999999999997,0.004167999999933501,1351,55,28.757317794661017,259.4928969118155,204.46647718279436,2.1811324944485566
NDARNC287MK5,R9,ThePresent,available,657,500.0,30.003281608925974,130,0,42,E8,E25,E21,E17,False,False,False,False,147,214,0.019874900335414687,13.535973654647966,268.14785316252375,0.00035319520422711915,0.9094945937098816,6000,0.9944230594715531,1052,0.023275953817282882,11.811248472165722,0.023680928470107193,19.0,0.025424999015629397,0.00551790350357195,-15502.0,0.006448785862785636,2,203.274002,2.90878432451791e-11,2.90878432451791e-11,0,2,1.0,0.0025959999999699574,918,158,47.455040813473396,313.00880497985884,284.15394682567324,1.7098910675381265
NDARNC489BX5,R8,ThePresent,available,188,500.0,60.023506670489205,130,0,42,E8,E25,E21,E17,False,False,False,False,886,220,0.006499185957658206,13.973030347534857,200.13437489853726,-0.00012919979190915436,0.9190052379758247,6000,0.9979986432776912,785,0.006775209271431136,8.818077247900517,0.0071110889894161885,26.0,0.009301273704787654,0.002000161454980892,-17639.0,0.00359596189933904,2,203.285995,7.283063041541027e-11,7.283063041541027e-11,0,2,1.0,-0.0038549999999396207,1479,16,34.73066383931838,232.2750586623709,400.89098213224673,2.2793306288032453
NDARND085WZK,R1,ThePresent,available,295,500.0,119.80374082220874,130,0,34,E8,E25,E21,E17,False,False,False,False,0,239,0.0009350135340861162,-44.79819521119087,384.3592071643716,-0.00012289783718602129,0.9003317619537585,6000,0.9585460885958837,1507,0.0009168601977092871,3.7880835315035126,0.0012160980432033652,-84.0,0.0019716100704431474,0.0010313978506773336,39.0,0.00018985419325555461,2,203.080007,7.838174553853605e-11,7.838174553853605e-11,2,2,1.0000000000000004,-0.0007209999999585742,1921,70,45.34440464926229,148.25326961383774,140.02744792972362,5.291650182196773
NDARND348HB3,R2,ThePresent,available,126,500.0,119.31196829299645,130,0,34,E8,E25,E21,E17,False,False,False,False,0,228,0.017915270238538155,3281.0928439178465,1596.1949629922415,-0.016809176162079803,0.9940713060217741,6000,0.9865449387850702,2847,-0.014483222447371696,0.43322564910860395,0.0033676391063803793,4646.0,0.004788610742657913,0.003352435996933385,4523.0,2.3433472231947777e-06,2,203.068002,3.3306690738754696e-11,3.3306690738754696e-11,2,2,1.0000000000000002,0.0016539999999613624,1753,16,22.90947879625906,210.7741062156077,351.6575002858226,2.1074158585282374
NDARND604TNB,R8,ThePresent,available,547,500.0,60.018530558334156,130,0,42,E8,E25,E21,E17,False,False,False,False,175,231,0.0024016098742182276,39.51982176220183,195.38598951347566,-0.00024446999746170024,0.9186884997996675,6000,0.9888818419252694,766,0.002454120810746373,6.078091700101408,0.0026582997067320117,30.0,0.0037249331928309163,0.001481634908075459,42735.0,0.0023312050342610266,2,203.075998,5.695444116327053e-11,5.695444116327053e-11,0,2,1.0000000000000002,0.004423000000028384,811,113,24.343665263729964,415.30092414740926,165.8658521741092,1.9571639950678175
NDARND697FLK,R5,ThePresent,available,348,500.0,59.98941746301259,130,0,42,E8,E25,E21,E17,False,False,False,False,115,220,0.00430022279107942,224.67207527966568,565.9132316058177,0.0013915841861889097,0.6347135956171523,6000,0.9886842049509724,2218,0.0060918269897791266,4.14973472772763,0.007874636884725464,4235.0,0.011346475589244159,0.0061703047686760045,41.0,0.006900483473632247,2,203.074006,1.0025313912365164e-10,1.0025313912365164e-10,0,2,0.9999999999999999,0.005327999999913368,987,54,25.472694440124314,346.1364109892839,479.45092105464323,2.7700810536980747
NDARND805ZTP,R8,ThePresent,available,500,500.0,30.003188426456685,130,0,41,E8,E25,E21,E17,False,False,False,False,129,236,0.0016510825001135798,48.76060556785389,242.61404298783137,0.00012156295231168213,0.8129849495797383,6000,0.9926055891046317,951,0.001973081501312217,5.72591816525544,0.0021249860490016085,38.0,0.0021779159687800717,0.0009642152631441971,-31241.0,0.0009413381457147853,2,203.064007,3.9968028886505635e-11,3.9968028886505635e-11,2,2,1.0000000000000002,0.000579000000022866,414,159,40.25311776991566,628.6357933921753,229.5361109318832,1.3590096618357488
NDARNE098NPR,R10,ThePresent,available,43,500.0,30.003155145660504,130,0,42,E8,E25,E21,E17,False,False,False,False,102,227,0.0018254294467759701,27.67174252792316,158.3290982064846,0.0008315178530357652,0.899600784709913,6000,0.9985014220382951,620,0.0028261538807730713,4.32503162368676,0.002948758657987368,24.0,0.0038754958863873885,0.002939664761551868,38315.0,0.004351793862898681,2,203.06600799999998,3.0753177782116836e-11,3.0753177782116836e-11,0,2,0.9999999999999999,0.004697999999995559,1069,67,49.51280983219691,304.09873631710656,180.5816525919078,2.411066417212348
NDARNF439YDW,R11,ThePresent,available,125,500.0,60.02333121580238,130,0,42,E8,E25,E21,E17,False,False,False,False,271,234,0.0026247776411299755,175.4795268515615,395.38305326290543,-0.0017326515705730833,0.6766606242909804,6000,0.9215234922197134,1550,0.0011406420869253882,1.7259299720971593,0.001983746124475558,12109.0,0.003526184425502661,0.0019780440892081205,12036.0,4.153134416404452e-06,2,203.066002,1.8984813721090177e-11,1.8984813721090177e-11,2,2,1.0,-0.00016800000000953688,1131,31,144.32151570323506,112.60241299976718,185.419993485992,24.621494252873568
NDARNF525CRN,R10,ThePresent,available,87,500.0,60.023444862617254,130,0,42,E8,E25,E21,E17,False,False,False,False,271,240,0.00571167151434072,1.8632591970480628,85.05909781537405,-0.003346051921280794,0.9351245517990847,6000,0.9699317169053213,333,0.0020933872797171075,1.2819692039021822,0.0026193682068889833,27.0,0.010717575921004282,0.001694691127019839,19144.0,0.0052346754344598494,2,203.067998,1.2745360322696797e-10,1.2745360322696797e-10,0,2,0.9999999999999999,-0.0021880000001127165,1502,25,29.284327050385578,238.0713119079546,192.59575263395334,2.15737017310253
NDARNF873FCV,R5,ThePresent,available,179,500.0,119.70714549511986,130,0,34,E8,E25,E21,E17,False,False,False,False,0,244,0.00047326858667578754,-185.57889320719784,328.35918563401606,5.523989377951737e-05,0.8100209087750511,6000,0.981324043919414,1288,0.0006025950949199355,6.232782127692795,0.0006126611691488575,-24.0,0.0007351440565401803,0.00039976254184781896,-6137.0,0.000371843300105083,2,203.07000000000002,4.196643033083092e-11,4.196643033083092e-11,2,2,1.0,0.0006950000000269634,1224,54,17.05025408442668,313.6790872210035,254.10463377736946,2.169656862745098
NDARNG108PFB,R7,ThePresent,available,401,500.0,110.86010245208784,130,0,34,E8,E25,E21,E17,False,False,False,False,1,289,0.002082522942803156,-898.3358090750867,399.9330890207578,0.00048300374404866927,0.8884252222591789,6000,0.9996265327770575,1568,0.0010802960330966503,3.5823069278236885,0.005533303579080027,39165.0,0.00985780163902001,0.005469137980803139,39283.0,2.3511428422291064e-05,2,203.070007,5.46229728115577e-11,5.46229728115577e-11,0,2,1.0,-0.005090999999948077,985,97,30.59605148905467,305.1349351052454,853.0433056536484,9.432741116751268
NDARNG968RB9,R7,ThePresent,available,1525,500.0,114.16612863986484,130,0,34,E8,E25,E21,E17,False,False,False,False,0,246,0.0020574813972600325,-1680.2275790494632,551.0805901774837,-5.7146001795776775e-05,0.8806779988719952,6000,0.9943881892760497,2160,-0.0004158900705201338,3.5261411991286056,0.002660435850700248,22350.0,0.00389579875993803,0.0020586880770600267,-50849.0,0.00037256611456604086,2,203.069994,5.595524044110789e-11,5.595524044110789e-11,2,2,1.0000000000000002,0.0009270000000259191,1263,148,16.679600420685777,212.37306665281852,790.8271924539077,1.650752177355503
NDARNH110NV6,R7,ThePresent,available,506,500.0,60.018510880977175,130,0,42,E8,E25,E21,E17,False,False,False,False,191,237,0.0068054793739116696,272.2795455885202,385.33524205029175,-0.00146504992064793,0.5713530015981432,6000,0.9298767848773514,1510,0.005256995416398113,3.0320877027039073,0.01004472964250078,4613.0,0.019362270215939323,0.008910699499996759,4247.0,1.1883401467710497e-08,2,203.073994,1.425526363618701e-10,1.425526363618701e-10,0,2,0.9999999999999997,0.00704099999988568,869,153,41.431332557973,278.6444392726787,571.4630975028115,8.814614499424625
NDARNH170TJU,R9,ThePresent,available,469,500.0,30.00328760661591,130,0,42,E8,E25,E21,E17,False,False,False,False,70,226,3.938362131563409e-06,-683.3926151807631,279.3827758081795,1.083338988379621e-06,0.569262305916305,6000,0.9978207190114731,1095,2.591074542055071e-07,2.8173029317931046,7.153708254611995e-06,-9228.0,9.182434310852118e-06,6.9598700838803375e-06,-45163.0,5.590029447868269e-06,2,203.28600400000002,5.295763827461997e-11,5.295763827461997e-11,0,2,1.0000000000000002,-0.0058759999999794645,1113,212,71.72328243665464,170.665666576193,478.26859227094974,5.70299191374663
NDARNH200DA6,R5,ThePresent,available,503,500.0,60.01859431786624,130,0,42,E8,E25,E21,E17,False,False,False,False,116,234,0.001369203330917324,66.97908200726108,277.0005020234551,-0.0002128330719566451,0.8984805352262842,6000,0.9828005579663427,1085,0.0013717638350674473,2.91178868155488,0.0014313659211226798,25.0,0.0023574050584725444,0.001396867830318242,-19644.0,0.001895011069461497,2,203.063995,1.1102230246251565e-12,1.1102230246251565e-12,2,2,1.0,-0.0003499999999977456,1476,110,29.0541484396143,229.31616920597074,177.80852648775087,2.0791869918699186
NDARNH285EWA,R9,ThePresent,available,41,500.0,30.003235498211804,130,0,42,E8,E25,E21,E17,False,False,False,False,158,221,0.013915977435269337,20.671454927534477,167.03818727053226,-0.002739060738344031,0.7054984611168484,6000,0.9957302027003252,655,0.011667142533251212,3.0326449986885176,0.012626155923071626,29.0,0.01816359361010403,0.004009354610266762,-5625.0,0.018000242705797663,2,203.27599500000002,1.6553425297161084e-10,1.6553425297161084e-10,0,0,1.0000000000000002,-0.01318699999986807,1302,25,57.21498741826486,239.3200884788486,150.65583291711994,3.9194546850998466
NDARNH766CU7,R9,ThePresent,available,64,500.0,60.023401367926965,130,0,42,E8,E25,E21,E17,False,False,False,False,511,242,0.011202488725007514,1723.5704117018183,409.63931482631335,-0.0016519666506175459,0.7643853045771416,6000,0.9935178608828672,1606,-0.007227523531954934,3.102440868331091,0.021332723512605994,5930.0,0.03545887850828694,0.019629566566682136,-7980.0,0.031314799883118596,2,203.074001,4.629630012686903e-11,4.629630012686903e-11,0,2,1.0000000000000002,-0.007154999999992895,1032,14,25.425615032349285,363.2018254623939,166.60562846372582,1.5634786821705426
NDARNJ633HHX,R4,ThePresent,available,475,500.0,118.75868666859596,130,0,34,E8,E25,E21,E17,False,False,False,False,0,230,0.003216731985840528,-101.7037428214409,210.44195690123,-7.659563945659845e-05,0.9730173382629543,6000,0.9969484121092287,825,0.002656671847565179,16.338790116175353,0.0034918066436387995,-105.0,0.004047326447587713,0.0006960993931586171,-4968.0,0.00122431299831876,2,203.066006,2.930988785010413e-11,2.930988785010413e-11,0,2,1.0000000000000004,0.004079999999997142,1752,140,18.449237304321063,206.78806333913099,150.35507389101235,2.8288984018264838
NDARNJ899HW7,R6,ThePresent,available,304,500.0,60.023339687731635,130,0,42,E8,E25,E21,E17,False,False,False,False,95,249,0.002090455163628939,64.48720364651572,312.07843165206367,0.000323987023820588,0.9403279076547972,6000,0.9827776531695435,1224,0.0029902329436895503,8.146203352340125,0.00320728499838999,34.0,0.003717325029475675,0.0018568129220168424,41645.0,0.002161923721115894,2,203.066005,5.184741524999481e-11,5.184741524999481e-11,2,2,1.0000000000000002,-0.0015790000000754944,1071,84,23.132686733321158,324.86004549026063,153.11622698113098,1.544285714285714
NDARNJ987CYD,R11,ThePresent,available,252,500.0,60.018633294517066,130,0,42,E8,E25,E21,E17,False,False,False,False,167,221,0.00782079152511579,2795.4356780833823,731.523038495764,-0.0028696297667098795,0.8291515080000663,6000,0.9995829928866882,1638,-0.004830647993540749,2.7650595559791866,0.004930115162654407,2671.0,0.011685761355098058,0.00490601641952272,2946.0,6.656280937775323e-05,2,203.065998,4.929390229335695e-11,4.929390229335695e-11,0,2,0.9999999999999997,0.0035999999999870736,1964,35,43.12770293144161,158.65400162735796,220.85817047741222,2.8930804480651733
NDARNK005BRN,R4,ThePresent,available,211,500.0,119.29141268896664,130,0,34,E8,E25,E21,E17,False,False,False,False,0,220,0.002170072204758414,192.44385581838984,182.52246075417682,0.002174779601078866,0.8216140140451852,6000,0.9992654523681888,716,0.0035233068333911303,3.2495697803264867,0.004149817369943452,273.0,0.002659088010179663,0.004149727470569226,171.0,1.0975055850515059e-05,2,203.065999,4.1744385725905886e-11,4.1744385725905886e-11,2,2,0.9999999999999996,-0.0007979999999437842,1294,43,13.646035885224599,299.3292705852308,262.18720721401564,1.4652009273570323
NDARNK055HVH,R4,ThePresent,available,208,500.0,60.023300891462924,130,0,42,E8,E25,E21,E17,False,False,False,False,145,237,0.0015433968774092755,-1619.5914357759998,574.6318302966487,-0.0008878770421464669,0.9212772193895994,6000,0.9164188163357774,2252,-0.0011130794247794006,1.4672542192556417,0.0010593201282594227,-43244.0,0.0014439377820177036,0.0008927266140161161,-7402.0,0.0018396811680500042,2,203.07399800000002,8.348877145181177e-11,8.348877145181177e-11,2,2,0.9999999999999997,-0.0007620000000526931,1385,53,27.16261523221203,256.5219876629105,118.19358072879676,1.8036173285198558
NDARNK064DXY,R7,ThePresent,available,7388,500.0,90.50425344452239,130,0,34,E8,E25,E21,E17,False,False,False,False,0,225,0.011181480738303528,-506.4173782840991,694.9736063369489,-0.004616336133805886,0.7664411588834179,6000,0.8221244154942708,2724,0.004844734544080152,2.9864771880295824,0.021287030117195842,47356.0,0.028910952106874454,0.019138588245767366,46854.0,0.0013835689464024928,2,203.072004,4.973799150320701e-11,4.973799150320701e-11,2,2,1.0000000000000004,0.0007630000000123954,14,182,36.349239077791104,127.8809334966449,1988.3315929640344,15.170714285714284
NDARNK241ZXA,R4,ThePresent,available,467,500.0,60.01362544474357,130,0,42,E8,E25,E21,E17,False,False,False,False,150,240,0.0,-3000.0,266.6666666666667,0.0,,6000,,523,0.0,,,,,,,,2,203.07599499999998,8.37108160567368e-11,8.37108160567368e-11,0,2,1.0,0.003486999999917865,1003,37,25.082757025749427,359.35274597408767,497.5362235070063,1.4142273180458622
NDARNL547DDH,R11,ThePresent,available,1041,500.0,60.023223682919195,130,0,42,E8,E25,E21,E17,False,False,False,False,228,230,0.016152920672541343,-199.88621280544032,661.1492798423479,-0.003162389132771864,0.8930661181937037,6000,0.9488528752848653,2591,0.011949023242110092,3.0281270555914115,0.01518762750414807,19478.0,0.028391951094052216,0.013438158796266262,18792.0,5.5252042652144395e-05,2,203.066007,8.704148513061227e-11,8.704148513061227e-11,0,2,1.0000000000000002,0.00672300000006019,1679,175,75.06932701452155,121.46885782240474,248.2005943259835,13.284943418701607
NDARNM147CG2,R4,ThePresent,available,1903,500.0,60.008203675119624,130,0,34,E8,E25,E21,E17,False,False,False,False,0,246,0.0020983157663620284,-1633.0170136489717,671.670776185386,-0.00032688678574030954,0.8116567103627431,6000,0.97941409662583,2633,-0.0013373318245807108,3.52999057216413,0.00175667718708613,-1500.0,0.002391092485595636,0.0017545462560818405,-1634.0,9.943133487015816e-06,2,203.067997,2.5757174171303632e-11,2.5757174171303632e-11,2,2,1.0,-0.00037600000002255404,497,50,53.425020751475145,215.20208963254632,5585.656995416363,19.197122736418514
NDARNM384EEW,R11,ThePresent,available,87,500.0,60.02329561420234,130,0,42,E8,E25,E21,E17,False,False,False,False,106,226,0.1762227877382195,-503.8997845798199,667.7982523971979,-0.043626106433800965,0.829755362509628,6000,0.9494349157787932,2617,0.08879437151775244,4.709298064368938,0.20760889949894476,12832.0,0.21154265542224526,0.15487929296241326,12121.0,0.007248893995329658,2,203.066005,7.593925488436071e-11,7.593925488436071e-11,0,2,1.0000000000000004,0.007683000000037772,1388,24,28.856428041709343,260.9419361935046,147.86282431822826,1.7280907780979828
NDARNM708YTF,R5,ThePresent,available,250,500.0,60.02319496989155,130,0,42,E8,E25,E21,E17,False,False,False,False,209,240,0.06931546853045512,1971.3735492902135,790.3061937453267,-0.055391722480170755,0.9666668753893357,6000,0.9815930297574603,2577,-0.07489496602707486,4.280022226715642,0.2563354447709935,-50050.0,0.11462633854614965,0.1239117019820731,-14474.0,0.3141411493655979,2,203.066004,9.769962616701378e-11,9.769962616701378e-11,0,2,0.9999999999999999,-0.0034329999998897564,1583,40,125.32905511236258,101.85460174645632,215.75582188496102,20.596544535691724
NDARNM721XWT,R10,ThePresent,available,196,500.0,30.003223692486195,130,0,42,E8,E25,E21,E17,False,False,False,False,125,218,0.0029000936686101038,10.799077217406037,147.50552177631545,0.00028841971457411417,0.663006511685514,6000,0.9989631072663055,578,0.0033045103348617716,3.358305939372625,0.003411082170040119,19.0,0.0053247291934892475,0.003055218759691864,42506.0,0.0027459430703049405,2,203.075994,1.709743457922741e-10,1.709743457922741e-10,0,0,1.0000000000000002,0.00974500000014295,1040,71,43.58693692082734,324.9713177511314,206.0852550227503,1.3224423076923078
NDARNM783ZVV,R3,ThePresent,available,281,500.0,119.18221486233298,130,0,34,E8,E25,E21,E17,False,False,False,False,0,239,0.0023462412457091967,2976.5173774277705,918.2513704416484,-0.0014990797254973403,0.974375807672367,6000,0.991079769782675,1823,-0.0010873463306792983,1.6921814609867045,0.001366338585437559,-29691.0,0.0040588855932189045,0.0011815164950082046,3221.0,0.0037403806723805997,2,203.067993,1.9984014443252818e-11,1.9984014443252818e-11,2,2,0.9999999999999999,0.0005970000000406759,1359,63,17.32404268532847,282.0668973744748,211.43971793231364,2.4967917586460633
NDARNM838ABN,R9,ThePresent,available,450,500.0,30.00327020167507,130,0,42,E8,E25,E21,E17,False,False,False,False,258,217,0.003318950496241493,22.91541177051862,278.9678025745381,-0.0006341757564697133,0.9644518796661223,6000,0.9834891023786749,1093,0.0033717794138857045,10.223899183963713,0.003514642732553772,22.0,0.0045307685629570995,0.0005911961933905408,-25144.0,0.0013836400113727853,2,203.28599799999998,7.549516567451064e-11,7.549516567451064e-11,0,2,1.0000000000000004,0.004847000000036969,1316,196,64.94058922893802,184.79040137644108,276.85444925331166,4.7063297872340435
NDARNN042YCH,R9,ThePresent,available,200,500.0,30.003270126460237,130,0,42,E8,E25,E21,E17,False,False,False,False,120,215,0.04502705771417439,2644.2673971307076,420.40368427448936,-0.005784379268430505,0.9424660619201388,6000,0.9960310420836492,1179,-0.010924982748928239,3.195686679301877,0.06643235017972877,43155.0,0.12869910887286984,0.06123865035912939,41733.0,0.005443532554007577,2,203.286005,3.441691376337985e-11,3.441691376337985e-11,0,0,1.0,0.014225000000040238,1109,49,48.027318131810674,293.9907103057196,282.9696372682835,1.3101803426510368
NDARNN142WYB,R7,ThePresent,available,176,500.0,60.02337087581456,130,0,42,E8,E25,E21,E17,False,False,False,False,178,241,0.0003299054256895362,-0.47865706544413794,160.62228675058304,0.0001479735381469332,0.9304185101031333,6000,0.99915071630071,630,0.000478325059543821,4.5604373535116265,0.0004998504108492434,32.0,0.0006380478489176137,0.0004169541790584337,-42000.0,0.0005126251669682428,2,203.072003,1.0336176359260207e-10,1.0336176359260207e-10,0,2,1.0000000000000004,-0.0061409999999356745,1704,44,42.36496287958008,184.752491765703,139.71912092037198,6.526396713615023
NDARNN164EA6,R4,ThePresent,available,422,500.0,60.023438849967,130,0,42,E8,E25,E21,E17,False,False,False,False,128,249,0.0010756350857914103,-1732.5695907632387,778.4712924401147,-0.00043931116829335273,0.8605991620787108,6000,0.9693787307307399,2794,0.0002651432476496818,1.2162838104131948,0.0006607830057177904,-1787.0,0.0010865970226277112,0.0005858109477958534,-13695.0,0.0009296493618993017,2,203.063994,5.129230373768223e-11,5.129230373768223e-11,0,2,0.9999999999999994,-0.006443999999982079,695,101,21.88541375836049,469.1218672041301,126.68278278022571,1.9302877697841725
NDARNN321YCR,R11,ThePresent,available,146,500.0,60.02343806721661,130,0,42,E8,E25,E21,E17,False,False,False,False,35,237,0.002985972190080023,-50.99833596108607,584.8332072201081,-0.0015688664043558584,0.9301035013903685,6000,0.956445346248182,2293,0.0018507917046871468,2.3583223025157607,0.00332184644585966,13509.0,0.008193917161555733,0.003124835190936357,13935.0,1.3130794654075267e-06,2,203.066001,1.3955503419538218e-10,1.3955503419538218e-10,2,2,1.0000000000000007,-0.0005469999999205607,970,38,53.125036846639546,165.09984880198996,1704.6582683224049,3.4883298969072167
NDARNN493WMD,R10,ThePresent,available,6082,500.0,30.003181418865065,130,0,42,E8,E25,E21,E17,False,False,False,False,28,226,0.0005165605540523509,3128.280307026185,517.2993301599643,-0.0006893090854509999,0.9661058289672864,6000,0.9999121432215179,885,-0.0007826835388659011,0.8371706918769787,0.00017438963073082526,4256.0,0.0012031852393134953,0.00017313865804552818,4344.0,6.329299409377079e-07,2,203.066003,4.4297898682543746e-11,4.4297898682543746e-11,0,2,0.9999999999999997,0.007750999999997186,10,3,73.32886534204198,146.1446966518164,135223.90575650765,6.381
NDARNN989FZ4,R10,ThePresent,available,6004,500.0,59.721451096522756,130,0,42,E8,E25,E21,E17,False,False,False,False,254,244,0.004382316719284867,-90.47913822929358,154.58978460341464,-0.0015196522443305513,0.7346566485463001,6000,0.9897714270478701,606,0.0024152489466901044,2.2344983359641133,0.004911928320805172,20389.0,0.011493944412654163,0.004893128673767011,20319.0,3.5817479628807644e-06,2,203.06600400000002,5.051514762044462e-11,5.051514762044462e-11,0,2,1.0,-0.004818000000044268,258,428,158.99106115352362,126.49311982785566,538.5449303358992,37.02631782945737
NDARNP370WGP,R3,ThePresent,available,66,500.0,119.68339853136493,130,0,34,E8,E25,E21,E17,False,False,False,False,0,238,0.00114573561609014,-76.06997200472924,401.74971613051594,-7.709071490178066e-06,0.7955472902816849,6000,0.9880933983298955,1575,0.001395075410225436,4.796559700136969,0.0022202296186000807,-30004.0,0.0024872269906311144,0.001395283729889514,-3.0,0.002753790705387729,2,203.069998,4.440892098500626e-11,4.440892098500626e-11,0,2,1.0000000000000004,0.0021259999999657486,1409,16,15.063626579518136,277.94194995111786,227.32292041771626,1.1007806955287438
NDARNP423EJQ,R7,ThePresent,available,113,500.0,60.00883563363737,130,0,42,E8,E25,E21,E17,False,False,False,False,158,250,0.004382213148483498,-1313.2974394738767,580.3348828099217,-0.0008052540087541717,0.6885381176002596,6000,0.9746066943073628,2275,-0.002365855574167585,3.2275410105379585,0.01289699779361718,-9134.0,0.020433635939005164,0.01194763312341844,4061.0,0.018628856809036632,2,203.06399299999998,4.0190073491430667e-11,4.0190073491430667e-11,0,2,0.9999999999999999,-0.004591999999947819,725,13,22.79571111042311,522.7093360196716,285.7950131604386,1.0474758620689657
NDARNP812WAQ,R7,ThePresent,available,407,500.0,60.018442294099664,130,0,42,E8,E25,E21,E17,False,False,False,False,163,236,0.009544104144839258,237.18802792707,502.9150837522321,-0.004371199825558005,0.943049762951674,6000,0.9749208019701487,1971,0.004480420776432008,3.769161720552476,0.014796240731672598,43584.0,0.020656329211793598,0.014779664778481496,43740.0,0.0002224810979962761,2,203.065996,4.0523140398818214e-11,4.0523140398818214e-11,0,2,0.9999999999999997,0.007931999999976373,1056,63,25.526561411410043,336.78303329964797,227.6933224606197,1.7147064393939395
NDARNP956FPR,R10,ThePresent,available,296,500.0,30.003152112288586,130,0,42,E8,E25,E21,E17,False,False,False,False,102,221,0.003693932664959905,-2886.5261779907496,1011.2262359523083,0.00020653525815940367,0.9425541468488053,6000,0.9904243249207443,2096,0.0006240441092090104,4.379009954830082,0.005629763803655018,11657.0,0.00768159366289902,0.005624152180294788,11514.0,1.2616319825386677e-05,2,203.066007,1.1401990462900358e-10,1.1401990462900358e-10,0,0,1.0000000000000002,0.011228000000085732,1201,136,45.59824532916527,259.9344429086718,188.7124716043314,2.001415487094088
NDARNR459MUJ,R5,ThePresent,available,384,500.0,60.023385125667836,130,0,42,E8,E25,E21,E17,False,False,False,False,699,242,0.002657896956962667,-2784.6272224899762,652.4512092913179,-0.0019095296830130251,0.9656968791964229,6000,0.959351121925025,1495,-0.0003567168276082764,3.2883808095828897,0.002106879008877535,-3646.0,0.0033625477808676293,0.0013489460304128783,-8171.0,0.0024317624052528474,2,203.073997,5.662137425588298e-12,5.662137425588298e-12,0,2,0.9999999999999999,0.0062180000000116075,1319,142,37.56413188975404,214.7022506477422,184.43209040116423,6.233328278999242
NDARNT043XGH,R4,ThePresent,available,136,500.0,60.01841031639844,130,0,42,E8,E25,E21,E17,False,False,False,False,171,231,0.00270895121495491,64.36507378866358,193.5723994992288,-0.0012361122193251814,0.9613610845714756,6000,0.9915684080277467,759,0.001490581405015524,7.178353264474296,0.0016922162538254924,34.0,0.0035286703721747253,0.0001411313141811112,-26209.0,0.0012711382107697998,2,203.065996,3.1308289294429414e-11,3.1308289294429414e-11,0,2,0.9999999999999999,-0.004248999999965486,1271,26,33.6489166183586,269.03091287243615,325.50842521292697,6.192029897718332
NDARNT151UN1,R4,ThePresent,available,96,500.0,60.02302719823986,130,0,42,E8,E25,E21,E17,False,False,False,False,318,260,-1.0,-1.0,-1.0,-1.0,-1.0,-1,-1.0,-1,-0.0010848241392388438,1.2337756097061092,0.00037998088799012607,22073.0,0.0018370453545031298,0.0001886733315509792,-14482.0,0.0014850196321824593,2,203.063995,4.5130565951012613e-11,4.5130565951012613e-11,0,2,0.9999999999999996,0.003493000000033938,1193,20,27.80263451140689,308.09531215352337,139.11359636308435,1.9164459346186087
NDARNT205ZKP,R8,ThePresent,available,1212,500.0,60.02349928189357,130,0,42,E8,E25,E21,E17,False,False,False,False,900,227,0.014329458625918738,-10.94972980536771,338.32032323663765,-0.0022522770654335184,0.8837388448184963,6000,0.9787701392043042,1327,0.015716182328792096,8.586072320442224,0.016246588906490497,21.0,0.019071293163924027,0.0034794740977258554,-14753.0,0.0052992704377679755,2,203.276003,7.172040739078511e-11,7.172040739078511e-11,0,2,1.0000000000000007,0.005063999999997745,1628,217,38.0496142727669,178.07204597639034,196.6268931976675,3.256529484029484
NDARNT245TP0,R5,ThePresent,available,502,500.0,60.023456573286175,130,0,42,E8,E25,E21,E17,False,False,False,False,124,219,0.0019447160498473053,264.46512253456496,527.1652790583589,0.001890427181537544,0.9567285096273925,6000,0.9987626531437336,2066,0.00393821250416989,3.6318075482736645,0.00398848257346864,27.0,0.0023193531427785304,0.003946798738412232,24560.0,0.002264033409695565,2,203.06600699999998,6.17284001691587e-11,6.17284001691587e-11,0,2,1.0000000000000002,0.007986000000038034,1055,100,24.95159973440117,325.8641354003044,218.08539461905386,2.0653175355450237
NDARNT277FMR,R9,ThePresent,available,42,500.0,30.003301316841654,130,0,42,E8,E25,E21,E17,False,False,False,False,153,229,0.003128139626398554,-10.531025710034275,224.90560837933126,0.0010039162210264815,0.8502728509801387,6000,0.9973554213532998,882,0.00447121092283703,9.051066913672608,0.004634484732408096,29.0,0.005357087575279562,0.001855829770043492,-1025.0,0.0004898846740186834,2,203.286002,5.10702591327572e-11,5.10702591327572e-11,0,0,1.0,-0.015124000000045122,1410,19,50.6347770092835,227.85699166888637,250.86328876370428,1.6771347517730497
NDARNU411FDE,R8,ThePresent,available,583,500.0,60.0235773757967,130,0,42,E8,E25,E21,E17,False,False,False,False,224,245,0.07214616694906417,-2024.8195275404528,811.2509143687539,-0.029929154130455136,0.9241985907157645,6000,0.9746733107688174,2566,-0.0034492006738275714,3.0493133799890613,0.04510034148557274,-8860.0,0.06885870427366038,0.0437798763026007,-1969.0,0.07014650238841079,2,203.273999,2.398081733190338e-11,2.398081733190338e-11,0,2,0.9999999999999998,0.003804000000020208,1561,75,28.646561911784673,217.11887751467918,275.0099697118773,1.5371492632927608
NDARNU770PM5,R5,ThePresent,available,623,500.0,117.07158379604472,130,0,34,E8,E25,E21,E17,False,False,False,False,0,231,0.011175831320819915,3316.977427340619,510.57399016852673,-0.0042529712463629755,0.6549145249101604,6000,0.9838684255789525,683,-0.0030690134338312203,3.6425728842432434,0.023235440740503908,20047.0,0.033082692974791286,0.0197151789286444,20604.0,9.891938104406028e-05,2,203.063995,1.021405182655144e-11,1.021405182655144e-11,2,2,1.0,0.001773000000020306,4,67,8.346821644951769,235.57484463755495,782.0318170484801,6.1775
NDARNV124WR8,R7,ThePresent,available,222,500.0,117.95122711206794,130,0,34,E8,E25,E21,E17,False,False,False,False,0,229,0.020161474923178567,-296.46498741908744,574.0369825689708,0.006567622638877977,0.6507788170604877,6000,0.9694405322683269,2250,0.01984995512737175,2.4169140608954516,0.029353850767712113,-341.0,0.05583089141786267,0.028847546376983838,-471.0,4.054619055819317e-05,2,203.073995,9.325873406851315e-11,9.325873406851315e-11,2,2,1.0000000000000002,0.0010290000000718386,1512,45,30.77174988969363,233.8396984935749,375.6469100412754,3.0123941798941796
NDARNV187AMZ,R11,ThePresent,available,388,500.0,60.01380902406651,130,0,42,E8,E25,E21,E17,False,False,False,False,250,219,0.004066350084511692,1795.2109255771943,334.1750234761754,-0.0019119929417501886,0.7357480918086926,6000,0.918386156246429,1310,-0.0018498639947932766,2.163063299385603,0.012500624978042444,35914.0,0.026170857870663453,0.012331505685480911,36053.0,3.851634549137395e-05,2,203.06599599999998,1.63202784619898e-11,1.63202784619898e-11,0,2,1.0000000000000002,0.002366999999995554,1312,60,31.289852162136672,263.7990132175158,240.45255345360192,3.2090701219512194
NDARNV375KEK,R7,ThePresent,available,630,500.0,60.00698455392014,130,0,42,E8,E25,E21,E17,False,False,False,False,2387,233,0.0024434595290723847,-2.8203148968600043,407.94442619725965,-0.00026131668728884404,0.9003044674471243,6000,0.9832687498116051,1599,0.0027404786103586392,6.864057125390361,0.002818802019188255,21.0,0.0036143534738248134,0.0015325176505178008,48093.0,0.0015220727827336064,2,203.07399800000002,7.827072323607354e-11,7.827072323607354e-11,2,2,0.9999999999999997,0.0002689999999577403,985,103,23.206602322606052,349.6076641508702,201.37890617793957,1.5528426395939086
NDARNV399BV4,R2,ThePresent,available,255,500.0,119.07158999678333,130,0,34,E8,E25,E21,E17,False,False,False,False,0,237,0.0035120810061255872,344.5054444961464,348.5592170955013,-0.0011376212921970323,0.9540741731060313,6000,0.9916558094668189,1366,0.0009687584356854321,4.48559735133956,0.002595210823439768,453.0,0.004327875104732407,0.0007745635547934823,-13310.0,0.0023850342895359996,2,203.072,1.0524914273446484e-10,1.0524914273446484e-10,2,2,1.0000000000000002,3.700000006716023e-05,1106,40,16.131048698215416,347.07720823799076,301.88800417248217,1.6285533453887884
NDARNV694EMG,R7,ThePresent,available,1026,500.0,60.02337197259539,130,0,42,E8,E25,E21,E17,False,False,False,False,328,220,0.004650377530635395,2088.6881801621207,1523.2163204815383,-0.0038607692646836743,0.9937064221079537,6000,0.9905445820584551,3896,-0.0032731327670838836,0.34345487179091416,0.0007946165431002627,1872.0,0.0016371224341158496,0.0007092874888598807,2300.0,4.711315408172361e-07,2,203.066004,4.884981308350689e-11,4.884981308350689e-11,0,2,1.0000000000000002,0.0035199999999296055,1144,192,23.782975036394124,288.16290949125386,192.1997004854116,2.083942307692308
NDARNV983DET,R8,ThePresent,available,451,500.0,59.980017470638934,130,0,42,E8,E25,E21,E17,False,False,False,False,295,229,0.003343263982421166,163.23719094675022,595.7092961107453,-0.0015800930170657597,0.7711237379975676,6000,0.9096833371809573,2335,0.0017223786343735406,2.7875931637899085,0.0058172738487305194,9852.0,0.011003509463086255,0.005512429536404452,10210.0,0.00011390707965647836,2,203.07399999999998,2.8532731732866523e-11,2.8532731732866523e-11,0,2,1.0,-0.004333999999971407,853,40,26.426321726885316,415.89729770091907,463.99795990163295,2.0509613130128956
NDARNW099DC7,R8,ThePresent,available,913,500.0,60.00440601329024,130,0,42,E8,E25,E21,E17,False,False,False,False,327,239,-1.0,-1.0,-1.0,-1.0,-1.0,-1,-1.0,-1,0.007153108294419335,2.76104188315496,0.010032379629761369,-16481.0,0.007479429211924749,0.009977157374440396,-15950.0,0.000403847203542319,2,203.073995,5.972999872483342e-11,5.972999872483342e-11,0,2,1.0000000000000002,-0.0029850000000911686,892,131,23.306568097757506,366.26480521022063,230.8246952032748,1.8277242152466366
NDARNX050XBN,R8,ThePresent,available,2146,500.0,60.01881488691399,130,0,42,E8,E25,E21,E17,False,False,False,False,268,239,0.012864406791027362,353.6819125316882,475.98396429137176,-0.0014296194861322482,0.6654068695768774,6000,0.9929749370518298,1866,0.009534614573244737,2.2029827738811796,0.014902340266475293,47632.0,0.026614504084486887,0.013169751501193207,26509.0,0.02025799373346489,2,203.27600700000002,3.141931159689193e-11,3.141931159689193e-11,0,2,1.0000000000000002,-0.005059000000006176,1032,6,27.896467609696337,295.19430391103674,11895.648670960605,1.129593023255814
NDARNX477HZ4,R9,ThePresent,available,46,500.0,25.601460342743163,130,0,42,E8,E25,E21,E17,False,False,False,False,78,225,0.028542158972626745,314.78412052611935,501.71203712723064,0.0010413518607296245,0.9443038571011582,6000,0.998261306294967,1967,0.023652758726611493,4.221534269888464,0.04703338807446733,-35649.0,0.04275283307171298,0.0455736096941533,-35545.0,0.00011219503224340482,2,203.28599300000002,5.773159728050814e-12,5.773159728050814e-12,0,0,1.0,0.018799000000011477,1226,22,57.65170628709194,268.23214593928145,206.3168052600518,1.7716721044045678
NDARNX562GP3,R9,ThePresent,available,1420,500.0,30.00326177856951,130,0,42,E8,E25,E21,E17,False,False,False,False,375,224,0.007071172037572283,2909.3491127958346,488.56906758470467,0.00032531271816158317,0.3052147162451748,6000,0.9475471422136751,1048,0.0052280732219947175,3.0488057792692884,0.01940053764406088,-4346.0,0.027723076814111403,0.017144089920797734,-3937.0,6.855583511716778e-05,2,203.285993,7.394085344003543e-11,7.394085344003543e-11,0,0,0.9999999999999997,0.008030000000091493,909,233,53.82819877363522,219.69946967187443,538.0191280849806,2.950517051705171
NDARNX583ELQ,R11,ThePresent,available,81,500.0,30.003209534864055,130,0,42,E8,E25,E21,E17,False,False,False,False,104,211,0.00609817464724248,21.81837925624171,297.1699196345355,0.0010397282405172116,0.9261975277465823,6000,0.9931447236268273,1165,0.008414264359843295,8.973412972039831,0.008721062572230098,24.0,0.008150373447726367,0.0036062426422994774,-4837.0,0.0026990774697019516,2,203.066002,5.495603971894525e-11,5.495603971894525e-11,0,2,1.0000000000000002,0.002567999999918399,1238,42,42.88872644568281,275.1455978003116,130.94532470186917,1.0361147011308562
NDARNX843CD9,R10,ThePresent,available,331,500.0,60.02348988079396,130,0,42,E8,E25,E21,E17,False,False,False,False,119,225,0.007718865376988074,5.0224464875634025,348.4069912249896,0.0021603777911351927,0.8791224080557037,6000,0.9950727473784152,1365,0.011245868200788725,5.426331025061015,0.011669065154598517,31.0,0.012885623297890413,0.005949892908503928,-30460.0,0.005455859529046856,2,203.065998,5.717648576819556e-11,5.717648576819556e-11,0,2,1.0,-0.006220999999942395,1316,75,41.80455099843142,229.94669028551797,164.60701995284884,10.111907294832827
NDARNY402DTE,R11,ThePresent,available,2825,500.0,59.97489090052998,130,0,42,E8,E25,E21,E17,False,False,False,False,102,235,-1.0,-1.0,-1.0,-1.0,-1.0,-1,-1.0,-1,-0.32696311464599226,1.1386856140901338,0.2820558606401569,6034.0,0.5522301274771675,0.27755466095774634,5923.0,0.0010443680456952986,2,203.075995,5.906386491005833e-11,5.906386491005833e-11,2,2,1.0,-0.001782000000061211,1264,572,33.69112449003038,193.610040889668,171.201729202678,7.902191455696203
NDARNY419GR2,R5,ThePresent,available,4541,500.0,23.876816124908707,130,0,34,E8,E25,E21,E17,False,False,False,False,0,228,0.000571593616873612,790.0083050282069,385.91479310022845,-0.0002309131483690199,0.9141529816370247,6000,0.9533377267769673,1513,-0.0002884755717383114,5.511104293336376,0.006023960177804684,17233.0,0.006471897418725955,0.0025727775679798065,31953.0,0.002775363217523283,2,203.067998,5.284661597215745e-11,5.284661597215745e-11,2,2,1.0,0.0006869999999516586,0,9,,,45976.60836131038,
NDARNY894TH7,R7,ThePresent,available,79,500.0,119.75104503651193,130,0,34,E8,E25,E21,E17,False,False,False,False,0,227,0.002554400181563143,2.612304725152561,179.50722632558868,0.003260719676973357,0.8581229960460025,6000,0.9996162120431716,704,0.005996481691130332,2.6054007278362055,0.006102739517822511,26.0,0.004052080051499941,0.006027382451986577,-15094.0,0.0038621594730948046,2,203.068004,3.108624468950438e-11,3.108624468950438e-11,2,2,0.9999999999999998,-0.0008899999999652439,1568,27,29.605718342719282,235.0458012008028,185.98781512928497,2.671224489795918
NDARNZ084JVC,R8,ThePresent,available,722,500.0,60.02362723723132,130,0,42,E8,E25,E21,E17,False,False,False,False,181,235,0.009535272235176381,3278.9107239351206,1735.9437306723617,-0.0006675572277023176,0.8671989635316601,6000,0.9702266591594759,3123,0.0023196273456000836,3.8157252811879934,0.01526637706089694,16488.0,0.024815957676402614,0.015265224742510554,16620.0,0.00013737391565560482,2,203.277995,3.597122599785507e-11,3.597122599785507e-11,0,2,0.9999999999999999,-0.0026700000000147613,1052,215,47.03865775137497,216.28625755945998,326.4769038161527,8.122376425855514
NDARNZ141GNH,R7,ThePresent,available,83,500.0,119.53886737409877,130,0,34,E8,E25,E21,E17,False,False,False,False,0,233,0.02058030835235166,-1693.9591326902375,602.0126347165866,-0.004866028924182963,0.7421937995991575,6000,0.9446955583353996,2359,-0.006060043974864207,5.601775039366121,0.035244368913228304,13136.0,0.04107690979052997,0.017051982146719824,10819.0,0.01257565079113053,2,203.067995,2.5757174171303632e-11,2.5757174171303632e-11,2,2,0.9999999999999998,0.000937000000024207,375,32,716.4138214162491,80.37623456626315,474.93418821270853,95.63194666666668
NDARNZ433DDH,R9,ThePresent,available,59,500.0,30.003320367453995,130,0,42,E8,E25,E21,E17,False,False,False,False,161,243,0.007897460980892418,-332.77907577894166,389.88222797353313,0.0009659743961627538,0.6877814686247622,6000,0.974831084485389,1528,0.009686244842415315,2.7912308487175292,0.011863786355809158,-24863.0,0.022578510929836943,0.010544719612687124,-24652.0,8.49826531101848e-05,2,203.28399399999998,6.150635556423367e-11,6.150635556423367e-11,0,0,0.9999999999999997,-0.010312999999904893,1437,21,52.37347802674588,223.51740889839212,152.3676668186138,1.8791997216423102
NDARNZ610KZY,R5,ThePresent,available,258,500.0,60.02338877553404,130,0,42,E8,E25,E21,E17,False,False,False,False,110,244,0.0007934306000260974,4038.3304879542347,949.0744465166582,-0.000615104802835388,0.9857482217663276,6000,0.9998711004829908,821,-0.0004679486786038457,,,,,,,,2,203.065997,2.8754776337791554e-11,2.8754776337791554e-11,0,2,0.9999999999999997,-0.0028779999999987483,1350,53,26.741922362702045,266.370863209244,165.65841611277898,1.5153703703703705
NDARNZ792HBN,R4,ThePresent,available,327,500.0,60.00390890017489,130,0,42,E8,E25,E21,E17,False,False,False,False,245,233,0.0010254092349980053,124.08262215489763,378.69764557262937,0.0002487938500908744,0.8652282283542657,6000,0.9941853853322167,1485,0.0014165631682958254,3.861116301801721,0.0022441286771302223,44624.0,0.003187154343580532,0.002098393513559264,44699.0,2.2652046316829454e-05,2,203.063995,2.986499936241671e-11,2.986499936241671e-11,2,2,1.0000000000000002,0.0003800000000028026,1096,36,26.16122812255656,330.5053123266546,328.96690360376925,1.6328102189781022
NDARPA414ARE,R11,ThePresent,available,23,500.0,30.003193352277805,130,0,42,E8,E25,E21,E17,False,False,False,False,80,231,0.0016907242380561165,-1.0528203640540097,314.7712902292999,-0.0012490695041389862,0.846598785150645,6000,0.9410364285132609,1234,0.0008508203667305482,2.1874432619919797,0.002561866416285572,-47050.0,0.00477291340193469,0.002302222651451746,49021.0,0.0031344668049759837,2,203.076002,8.681944052568724e-11,8.681944052568724e-11,0,2,1.0000000000000007,0.0025450000000306265,1228,14,42.91276193933154,285.18896992226917,130.94382120587443,0.7950814332247558
NDARPA570LBF,R4,ThePresent,available,1532,500.0,119.33649279828548,130,0,34,E8,E25,E21,E17,False,False,False,False,0,245,0.11948788688260437,-2290.9259102618375,518.9017364583511,-0.023874486406064807,0.7828563242300838,6000,0.955052524965061,1727,-0.03882207584213573,4.139084968706584,0.1731975139066446,4766.0,0.31696913665506765,0.16945490305404612,20547.0,0.25488899300563406,2,203.06400299999999,1.5409895581797173e-10,1.5409895581797173e-10,0,2,0.9999999999999996,0.004053999999891536,1307,239,19.459859219764642,270.92708350876865,139.1035122790862,3.8741239479724556
NDARPA750HZ1,R10,ThePresent,available,335,500.0,60.02336568036811,130,0,42,E8,E25,E21,E17,False,False,False,False,175,229,-1.0,-1.0,-1.0,-1.0,-1.0,-1,-1.0,-1,0.008909822957768654,2.705358554411068,0.009817288024835735,2914.0,0.017386649763676862,0.009096704814240755,23.0,0.010544943623525269,2,203.065996,2.9753977059954195e-11,2.9753977059954195e-11,0,2,1.0,0.003965000000031002,1454,142,103.7819103343572,119.39735186688132,178.80949632030567,18.552083906464922
NDARPB293EPC,R5,ThePresent,available,2843,500.0,59.985023456172925,130,0,42,E8,E25,E21,E17,False,False,False,False,262,251,0.0019468315466311204,22.74441059512811,157.34890971117875,-0.00010088228089403727,0.9177462655799207,6000,0.9963985361801562,617,0.0019664120330067435,9.912415995180359,0.0020067189107288944,22.0,0.0025424948405080245,0.0007101410220738396,12915.0,0.0010289864689686692,2,203.074007,9.71445146547012e-11,9.71445146547012e-11,2,2,1.0000000000000002,-0.001354999999919661,1043,326,36.82008794464087,235.34532996587734,317.24731187976755,5.091255992329818
NDARPB619PHV,R5,ThePresent,available,2374,500.0,60.01848534454143,130,0,42,E8,E25,E21,E17,False,False,False,False,129,219,0.8687713875903326,140.51645534464268,432.9396955544299,0.04776794464393082,0.650123090443329,6000,0.9718071377582688,1698,0.9843372703957053,2.8059957148786943,1.2703536179935222,33721.0,2.173096045084677,1.1109801877428038,47056.0,1.7699242206087988,2,203.064006,1.2168044349891716e-10,1.2168044349891716e-10,2,2,0.9999999999999996,0.0008749999999276614,825,419,27.22391845823266,309.8281810664719,195.58926212590958,4.996133333333333
NDARPB701XDP,R10,ThePresent,available,69,500.0,30.003175873125233,130,0,42,E8,E25,E21,E17,False,False,False,False,203,250,0.0011213221790828194,2907.295559736659,803.5494027333243,-0.0007136688410563327,0.8463731510734814,6000,0.9870207336005434,1667,0.0004042904459527548,2.2756443142046816,0.0016804992669883125,14431.0,0.001970439014235873,0.0012323509128395987,13919.0,3.2525659363459927e-06,2,203.066004,3.2862601528904634e-11,3.2862601528904634e-11,0,0,0.9999999999999997,-0.01112499999999076,466,181,53.78619178442771,550.1711608860548,339.0130457167523,7.571201716738196
NDARPC240HFH,R10,ThePresent,available,6023,500.0,30.003203953773056,130,0,42,E8,E25,E21,E17,False,False,False,False,266,243,6.89559098060311e-06,2863.5907282780154,1907.672497272328,-1.160811139390103e-06,0.8947951878626295,6000,0.9888797155361256,3875,7.010602785792083e-07,1.3278176000128041,8.123596859580748e-06,10162.0,4.0111192085349325e-06,8.07611479587924e-06,10106.0,1.1903527350816089e-08,2,203.066002,1.2212453270876722e-12,1.2212453270876722e-12,0,2,1.0,0.005243000000002571,8,13,249.98315763727967,76.18558138413155,30974.782830463893,18.14625
NDARPC301UWR,R8,ThePresent,available,76,500.0,60.023532009639666,130,0,42,E8,E25,E21,E17,False,False,False,False,214,225,0.008620645786499962,5.67198147575832,237.0329093199933,0.000407363633892016,0.9356265323206338,6000,0.9973868777661352,929,0.0097056371332178,8.106010925904018,0.010126443325592625,29.0,0.011263028522752756,0.005009509415440067,-21758.0,0.0052402121672476985,2,203.27599999999998,2.942091015256665e-11,2.942091015256665e-11,0,2,0.9999999999999997,-0.004105999999969365,1323,24,35.299518928892326,256.9020399349192,251.29998301058126,2.2653212396069544
NDARPC352WZJ,R10,ThePresent,available,4,500.0,30.003176252480763,130,0,42,E8,E25,E21,E17,False,False,False,False,174,222,0.011537067768808156,1926.0870739628092,962.6240495069414,-0.010027541455198763,0.9841737234016404,6000,0.9729914988415265,2960,-0.01121290160431954,0.5330349679536991,0.0030540647549484484,6090.0,0.0037203901552055408,0.003035554067629745,5847.0,9.655501824898816e-06,2,203.066003,3.519406988061746e-11,3.519406988061746e-11,0,0,0.9999999999999997,0.00825299999998687,903,4,41.45215448885337,407.70612669620425,375.00558397609154,0.9864673311184938
NDARPC356JKP,R10,ThePresent,available,509,500.0,30.003162185364715,130,0,42,E8,E25,E21,E17,False,False,False,False,200,225,1.4579472143997088,2135.806237805043,718.3840064591095,0.09100483026755576,0.8658623718516204,6000,0.9841861675985792,2272,-0.16975008701736294,3.623691683190783,3.0973344238212333,41779.0,4.8899016125559385,2.315620981900985,46993.0,2.7008542982125703,2,203.06599699999998,4.973799150320701e-11,4.973799150320701e-11,0,0,1.0,-0.00858300000004253,1460,25,59.7918698106604,193.2564164393889,1285.2880221237297,1.7986164383561645
NDARPC745LTD,R8,ThePresent,available,11724,500.0,59.9757090246475,130,0,42,E8,E25,E21,E17,False,False,False,False,259,236,0.003543118473989925,32.74930073907673,494.09726854951765,-0.0077196625748567355,0.9443257484401315,6000,0.999486688757517,1937,-0.003926180713148302,3.9180595589321876,0.012863109458626178,10628.0,0.021060467986923695,0.010841909143444529,6458.0,0.0055674931187890235,2,203.286004,5.7620574978045624e-11,5.7620574978045624e-11,0,2,1.0,-0.004482999999941665,58,17,34.46921520073682,292.9981829674282,22913.88100293657,2.1174137931034482
NDARPC937PX8,R10,ThePresent,available,551,500.0,59.976260030329755,130,0,42,E8,E25,E21,E17,False,False,False,False,452,230,0.011356429775278147,73.82075122780502,278.26959835778877,0.0027849071102076695,0.9662820023572262,6000,0.995592255435478,1091,0.014604816978867298,21.484097204186206,0.016254101426120344,84.0,0.015168261084735827,0.005917240506009457,-1270.0,0.0008232412332689117,2,203.066004,4.1744385725905886e-11,4.1744385725905886e-11,0,2,0.9999999999999996,0.005474000000026989,1252,68,27.745538567154167,282.1823079597226,200.73061579172514,2.3225
NDARPD029JVJ,R5,ThePresent,available,901,500.0,60.0136063802321,130,0,42,E8,E25,E21,E17,False,False,False,False,125,238,0.009079710897093736,1569.241520288114,986.8989485992357,-0.00017935912135238555,0.961760414932283,6000,0.9768127892068493,3365,0.00014670335009451467,2.864493344493415,0.008874753339336827,1581.0,0.007552157844462951,0.008862044818625776,1426.0,2.8406478849064484e-05,2,203.063996,5.2513549064769904e-11,5.2513549064769904e-11,2,2,1.0,-0.0008619999999517672,1092,204,24.106274196498543,300.38320353213925,147.491025056034,2.8018406593406593
NDARPD517MDH,R2,ThePresent,available,4008,500.0,109.36715883028788,130,0,34,E8,E25,E21,E17,False,False,False,False,0,240,0.0032991540334354127,659.9627925802629,713.6177779437887,0.0004845047164129573,0.9679089911605292,6000,0.9892646909042122,2797,0.0023160848071758196,8.2747306796929,0.0037436619177869637,796.0,0.003871455892559812,0.0036061211966841407,398.0,9.730943008134756e-05,2,203.072004,4.3076653355456074e-11,4.3076653355456074e-11,2,2,0.9999999999999998,-0.00024600000000006426,1017,316,23.865519335764873,222.68125123847074,522.6320791323741,4.332949852507375
NDARPD568LHV,R5,ThePresent,available,409,500.0,110.34300754468026,130,0,34,E8,E25,E21,E17,False,False,False,False,0,237,0.0008256758632498499,-2533.080823399613,201.40400070728882,-0.00019286403545969117,0.5554890075191358,6000,0.9615233743819852,789,0.0002941308965630079,2.270740191834281,0.0006814923810333111,-2461.0,0.0017523579070635703,0.0006501837958394763,16512.0,0.001619769246574081,2,203.067995,2.6645352591003757e-11,2.6645352591003757e-11,2,2,1.0000000000000002,0.000305999999946219,1234,47,35.173488959993215,241.23867351227514,1576.3381105263413,8.72223662884927
NDARPD572XRC,R9,ThePresent,available,179,500.0,30.003271479461272,130,0,42,E8,E25,E21,E17,False,False,False,False,355,243,0.011653701224368448,34.45243420776719,285.44408725542127,0.0005457537908571139,0.9892017496410519,6000,0.9958190100768507,1119,0.01374855324823038,16.47254097445509,0.014215725902835041,25.0,0.014534124982969784,0.0038924586174749246,-15556.0,0.0040191483636767816,2,203.276002,3.108624468950438e-11,3.108624468950438e-11,2,2,0.9999999999999997,0.001091999999995226,1057,64,51.558025295959034,305.6157490065314,244.78103003158805,3.1655818353831604
NDARPE424GZZ,R10,ThePresent,available,467,500.0,30.00315465838733,130,0,42,E8,E25,E21,E17,False,False,False,False,143,219,0.005440174543221406,-16.871735370615706,244.5288912623711,-0.002990426780462119,0.9794248757600059,6000,0.9186206160461639,959,0.004092575037351824,5.708026727424191,0.004208684626476923,14.0,0.007868434987526167,0.00046256742532284134,4145.0,0.0034012788533500705,2,203.066003,2.6645352591003757e-12,2.6645352591003757e-12,0,0,1.0,0.012484000000005303,1337,187,64.69228801182483,189.0610498947113,213.88729013160534,3.739065071054599
NDARPE551CK7,R5,ThePresent,available,3061,500.0,59.980180036377796,130,0,42,E8,E25,E21,E17,False,False,False,False,248,236,0.0011973772366290945,874.9970464038954,352.88744262746525,-0.000676597347242132,0.8060547591428913,6000,0.8604896042767797,1383,-0.0012054249454421493,3.5759501530799556,0.0034360065990496447,-17193.0,0.005440209330101603,0.0033991728569289035,-17362.0,1.3824586173172455e-05,2,203.07000499999998,4.2299497238218464e-11,4.2299497238218464e-11,2,2,1.0000000000000002,-0.0008419999999725321,261,338,149.37066329415492,107.11144244336218,717.958919498039,24.577126436781604
NDARPE623MBW,R9,ThePresent,available,20,500.0,30.00327586494018,130,0,42,E8,E25,E21,E17,False,False,False,False,120,224,0.005933089995451425,-1.3357615981338973,202.7435865068022,-0.003567353230904777,0.982688852313418,6000,0.960264897219093,795,0.003287877674346767,2.4791132457348715,0.003661527266265706,24.0,0.007782806669883934,0.0007103516932908587,34126.0,0.00232352070088008,2,203.28599300000002,1.6764367671839864e-11,1.6764367671839864e-11,0,2,0.9999999999999997,0.005925000000033821,1371,11,46.1924633662298,243.66661695757003,251.49861699327496,1.100838803792852
NDARPE830YU0,R8,ThePresent,available,1092,500.0,60.02334202105564,130,0,42,E8,E25,E21,E17,False,False,False,False,67,235,-1.0,-1.0,-1.0,-1.0,-1.0,-1,-1.0,-1,-3.829372143844944e-06,1.1358319951106617,1.3383987869235605e-06,44858.0,3.0337490870924945e-06,1.3287189163985204e-06,44937.0,3.494263972373339e-08,2,203.065998,9.14823772291129e-11,9.14823772291129e-11,0,2,1.0000000000000002,0.003399000000069023,1092,212,27.020066861157794,284.8550916906013,181.45765530865043,2.5981227106227105
NDARPE838DC5,R9,ThePresent,available,208,500.0,60.018777943398256,130,0,42,E8,E25,E21,E17,False,False,False,False,170,227,0.0128586144285853,-1532.6697340508208,516.1121837836233,-0.003718586676718675,0.7596403708595263,6000,0.964353431342275,2023,0.00036426430665984893,3.6054152770080994,0.031498571264456605,20500.0,0.04624795761502056,0.02412453567204414,20146.0,4.817462402833747e-05,2,203.286,5.651035195342047e-11,5.651035195342047e-11,0,2,1.0000000000000002,-0.005648999999972203,1924,38,75.46825435687585,124.45194403341611,384.9558134695588,4.3149428274428265
NDARPF319WV2,R5,ThePresent,available,370,500.0,99.9201718114198,130,0,34,E8,E25,E21,E17,False,False,False,False,0,243,1.9512658925738258,1753.17871038505,783.2693178382508,-1.3897239857865182,0.9275186784578101,6000,0.6913306787587694,2782,-1.7194495821536917,2.0590118178445134,1.098864595050408,32735.0,2.4820322384689897,0.8140498347311255,8867.0,2.142088306341595,2,203.069999,7.416289804496046e-11,7.416289804496046e-11,2,2,1.0000000000000004,-0.0006189999999668779,1154,24,49.738038792438154,181.9966431300783,6004.398407711162,13.94738301559792
NDARPF325KE2,R11,ThePresent,available,228,500.0,30.00311554195474,130,0,42,E8,E25,E21,E17,False,False,False,False,89,225,0.007013848347977233,3398.958270891307,1404.4594138684295,-0.004933974761677234,0.9907084217623993,6000,0.9896234629014355,2353,-0.0041848442474316,1.0337906162531454,0.002689119148095857,3705.0,0.0030578308691643716,0.0026339219742715606,4052.0,8.249659442536575e-05,2,203.06600600000002,8.08242361927114e-11,8.08242361927114e-11,0,0,1.0,-0.008981999999923452,1191,95,52.30581618368131,265.33066516641907,208.75437052603303,1.7683459277917715
NDARPF362VH8,R9,ThePresent,available,176,500.0,30.003254136596492,130,0,42,E8,E25,E21,E17,False,False,False,False,136,213,0.009906271768479066,-16.209232009316437,290.6068249053958,0.0018855418839372681,0.8703748859939783,6000,0.9937613187257515,1139,0.013533924666869361,7.53356996059265,0.013769357587464148,19.0,0.013135014070139311,0.004766162208376083,-25811.0,0.0038150241130763102,2,203.275996,7.460698725481052e-11,7.460698725481052e-11,0,0,0.9999999999999999,0.017419000000092725,1394,78,56.7388569151823,208.31037846916163,280.31895428429146,2.314835007173601
NDARPF395NV5,R7,ThePresent,available,170,500.0,60.023325341169546,130,0,42,E8,E25,E21,E17,False,False,False,False,229,228,0.0007112785788710281,79.17863553734594,343.9860335298174,-0.00020764257638022373,0.9053520237852671,6000,0.9737882963079506,1349,0.000622011249751445,5.077948802597256,0.0006829928048606171,34.0,0.0010332106012113824,0.0002701241547369829,14433.0,0.0005573167765598765,2,203.073997,2.708944180085382e-11,2.708944180085382e-11,0,2,1.0000000000000002,-0.0023070000000543892,1180,32,24.66636398239503,312.7213752480954,187.94903935584898,1.5149576271186442
NDARPF460UXT,R11,ThePresent,available,1208,500.0,30.003137902286745,130,0,42,E8,E25,E21,E17,False,False,False,False,113,239,0.03586427857915292,1047.197534156889,1124.8275297916095,0.008403352358397495,0.9749946108991261,6000,0.9825751090220921,4157,0.03912986760458009,3.381972980685352,0.08094897454491243,22524.0,0.04768925297799009,0.08036559765087392,23046.0,0.0019007959629111781,2,203.065996,3.141931159689193e-11,3.141931159689193e-11,0,0,1.0,-0.015620000000034433,1261,64,67.85158182206736,179.64886018676742,1302.5245858357848,3.539349722442507
NDARPF640ZRG,R5,ThePresent,available,313,500.0,119.85217707834126,130,0,34,E8,E25,E21,E17,False,False,False,False,0,222,0.002572991928371172,-3038.7333029413853,891.9961240036696,-0.0005473265350396083,0.7751976419080383,6000,0.9907862073244765,1710,-0.0007482806739602003,6.709448958702094,0.007018812463166765,7322.0,0.00936017786149791,0.0020907704026277697,-48118.0,0.0030442332229813273,2,203.06999299999998,8.260059303211165e-11,8.260059303211165e-11,2,2,1.0000000000000002,-0.0008090000001098724,1439,59,18.6228759479597,267.4703688998455,139.83078818733443,2.217776233495483
NDARPF937BDQ,R5,ThePresent,available,641,500.0,60.02332613575769,130,0,42,E8,E25,E21,E17,False,False,False,False,119,220,0.003377507547196907,22.999768171549736,147.75336116291317,-0.0012253389795992187,0.8388398954483257,6000,0.9928953586033169,579,0.0023583526471265726,2.3209056281338185,0.0025091047521080575,21.0,0.004242991580520469,0.0015869087712186672,40616.0,0.0014063639566958977,2,203.073999,1.3034018309099338e-10,1.3034018309099338e-10,0,0,1.0000000000000004,0.008830000000089653,954,142,26.07445091645947,365.04692122105257,162.03054720408062,2.390482180293501
NDARPG082MTJ,R7,ThePresent,available,80,500.0,60.01830928379224,130,0,42,E8,E25,E21,E17,False,False,False,False,158,226,1.6693068181036362e-06,-2081.193225049152,762.991953972052,-3.38657678813509e-06,0.9555492405015579,6000,0.9924192855326887,2415,-5.090628579598465e-06,,,,,,,,2,203.071998,7.827072323607354e-11,7.827072323607354e-11,0,2,1.0000000000000002,0.007502000000042627,829,10,21.183537412413656,465.674794937538,279.9019996267189,0.8758624849215924
NDARPG134TF1,R4,ThePresent,available,246,500.0,60.01843354303875,130,0,42,E8,E25,E21,E17,False,False,False,False,165,230,0.0010321370168638142,108.60194656057499,395.70426809931234,-8.121553667638665e-05,0.8156509045136842,6000,0.9876119240333793,1551,0.001116053528315835,3.4461765248185054,0.0011870698668958414,34.0,0.0015810506602198214,0.0011084625223245765,23285.0,0.0017237759933260417,2,203.073993,3.26405569239796e-11,3.26405569239796e-11,0,2,1.0000000000000002,-0.006811999999991778,1701,50,32.988276439871875,197.22579115443733,213.58420362053334,2.317801293356849
NDARPG847LB8,R6,ThePresent,available,157,500.0,60.02342067424278,130,0,42,E8,E25,E21,E17,False,False,False,False,177,224,0.0016477112518137721,4.9713893339434305,180.59781998143794,-3.6876624635731896e-05,0.781509591827108,6000,0.9919988643891373,708,0.0018012064386208932,5.379530922409398,0.0029541431171068878,-43621.0,0.003066317896641783,0.0021351431080688737,47266.0,0.003267497853148988,2,203.076002,3.1308289294429414e-11,3.1308289294429414e-11,0,2,0.9999999999999997,0.0033190000000630905,1378,30,28.78707004348586,261.5188864138905,186.04221963793495,1.9225616835994195
NDARPG873DJP,R8,ThePresent,available,395,500.0,60.00943918163944,130,0,42,E8,E25,E21,E17,False,False,False,False,628,237,0.2509636485817239,3455.7091245219003,1492.3149597114295,-0.19358690192308378,0.9969405522323342,6000,0.9869934171959751,2469,-0.18692072783413252,0.7513505914978978,0.09100090103705008,25960.0,0.1425837937738132,0.07300990389658236,25768.0,0.00342943840494718,2,203.065994,6.350475700855895e-11,6.350475700855895e-11,2,2,1.0000000000000002,-0.0009919999999585668,994,45,24.504846374583664,370.33073009315694,191.7291338841683,1.517877263581489
NDARPH022TRY,R7,ThePresent,available,192,500.0,60.02336607814887,130,0,42,E8,E25,E21,E17,False,False,False,False,1345,227,0.0036174527196816816,-25.44517448936699,256.96146635178053,-4.790118886354443e-05,0.8102436143915568,6000,0.9936376967825382,1008,0.004112027485023084,5.91102960793446,0.004242528347432597,25.0,0.004574350921819255,0.0018448398056145454,-27378.0,0.0017672169465285151,2,203.071996,2.8976820942716586e-11,2.8976820942716586e-11,0,2,1.0,-0.0058710000000295115,1145,38,30.949540104482363,314.9718567439798,184.57793873861988,2.3571266375545856
NDARPH105ZFF,R9,ThePresent,available,137,500.0,60.01873985580751,130,0,42,E8,E25,E21,E17,False,False,False,False,273,232,0.0032631224384941353,49.20715148177981,150.24282557404268,0.0003921654383632576,0.691699215989619,6000,0.9973329602782167,589,0.0037333372907080425,5.8106206379173155,0.004041268709652768,31.0,0.005871496252321954,0.0018198069931985219,6763.0,0.0045259579814695035,2,203.276002,1.176836406102666e-10,1.176836406102666e-10,0,2,1.0000000000000002,-0.007972999999907244,1625,26,32.942596641553834,214.1917497800867,190.95790180588696,1.959907692307692
NDARPH176EWC,R4,ThePresent,available,44,500.0,119.82815802321485,130,0,34,E8,E25,E21,E17,False,False,False,False,0,227,0.0011887814017690669,-41.020588201061294,146.46350181527689,0.00015323920557634975,0.7710953001021782,6000,0.9982463019624783,575,0.0013072866202521087,4.416939136713721,0.0013481707292524805,-28.0,0.0018515449137322328,0.000988227227830013,-36811.0,0.0012261572744446904,2,203.07,3.064215547965432e-11,3.064215547965432e-11,0,2,0.9999999999999999,0.0035739999999971684,0,45,,66.60989547946355,743.0973232663247,
NDARPH340DKQ,R11,ThePresent,available,484,500.0,60.00907047294753,130,0,42,E8,E25,E21,E17,False,False,False,False,279,223,4.264303006965783e-06,-2363.0514315671694,741.9916818758766,-3.952008029358787e-06,0.9445814768224985,6000,0.9679758788333315,2092,-2.3515661723963383e-06,1.0145457239130038,3.1571234384561293e-06,-14459.0,4.532110566871895e-06,3.1085939062985083e-06,-14507.0,5.817219302392356e-10,2,203.074004,1.2023715356690445e-10,1.2023715356690445e-10,0,2,0.9999999999999997,-0.002638000000097866,1926,79,38.92659000541601,164.1627504718605,156.66474559696005,2.4533644859813086
NDARPH513LP3,R4,ThePresent,available,991,500.0,118.74435600080973,130,0,32,E8,E25,E21,E17,False,False,False,False,0,227,0.004895627479387404,-3357.072414617179,1235.997278647255,-0.0005004092476442119,0.7156075891617931,6000,0.9215637793441793,2066,0.0023154113589806393,2.9929936430289428,0.00534901482432861,-3781.0,0.00881147595034532,0.005309253939687108,-3891.0,3.48454702809968e-06,2,203.078001,8.304468224196171e-11,8.304468224196171e-11,2,2,0.9999999999999998,-0.0003590000000509023,1376,146,19.83045454763945,253.51953175510405,293.89756062274694,3.511606104651163
NDARPH923FN7,R4,ThePresent,available,396,500.0,119.59602480800517,130,0,34,E8,E25,E21,E17,False,False,False,False,0,248,0.00248341231558361,-3127.208118592794,1883.4203174808815,-0.0007152032601140067,0.8412589951770204,6000,0.9112004345952802,3565,-6.781313902710653e-06,1.8830756611953865,0.0024585295489806818,-16715.0,0.0025776182044597524,0.002429213137896969,-9181.0,0.0026864199530674216,2,203.080007,7.682743330406083e-11,7.682743330406083e-11,2,2,1.0000000000000004,-6.299999996160909e-05,1643,81,20.339389626863998,222.8421661916245,217.18377871144574,2.018782714546561
NDARPJ001BVE,R8,ThePresent,available,483,500.0,60.02341577540012,130,0,42,E8,E25,E21,E17,False,False,False,False,304,233,1.6819679529815592,3622.276214253741,895.0347347232164,-0.5395760605741963,0.8324249671871481,6000,0.9813410237367823,1131,-0.20959432891089716,2.6319976166038335,1.1445291119898149,28895.0,2.0013460442569753,1.030741726002644,47905.0,1.7391801810755467,2,203.074007,4.04121180963557e-11,4.04121180963557e-11,2,2,1.0000000000000002,0.001548000000023655,1336,94,29.58095332589038,248.80963734132882,176.88363693543883,3.1786751497005987
NDARPJ151ERK,R7,ThePresent,available,351,500.0,119.46958012140678,130,0,34,E8,E25,E21,E17,False,False,False,False,0,241,0.0009485831991582496,2576.978722228179,429.33630015232063,-0.0003939429865180064,0.7489251345674981,6000,0.9760241301672687,1264,0.00043393629917618047,3.354290892887118,0.0007102944163846078,-11879.0,0.001378627774865192,0.0006974688320415666,-12138.0,2.101638139125506e-05,2,203.07000499999998,9.547918011776346e-11,9.547918011776346e-11,2,2,0.9999999999999999,0.0013179999999242587,1224,76,12.943426551094921,315.3774171656845,149.6880205663723,1.3624264705882352
NDARPJ395JDY,R11,ThePresent,available,1531,500.0,60.023410816133854,130,0,42,E8,E25,E21,E17,False,False,False,False,199,221,0.0032679759007210357,1.9994216097414552,532.4437412187124,0.0005533596786239916,0.9370114255545364,6000,0.9855619520687794,2087,0.0045405329300141975,3.055724010304066,0.004652716722424991,27.0,0.006050435735935451,0.003506516525433173,-23732.0,0.0036706895923510055,2,203.065994,5.873079800267078e-11,5.873079800267078e-11,2,2,0.9999999999999997,-0.000526000000031681,599,325,192.16904079067447,97.27826495955144,228.12198347351898,39.149816360601
NDARPJ763DV1,R10,ThePresent,available,78,500.0,60.02337134988356,130,0,42,E8,E25,E21,E17,False,False,False,False,323,237,0.006102759358513175,59.490293859162,232.104746398073,-0.0010523530605600685,0.7465943279045336,6000,0.9811565888798517,910,0.005955966897260224,2.987005196446474,0.0063346356408361644,27.0,0.006590762775247993,0.0035041552632584533,14609.0,0.003171481273414231,2,203.066,2.4980018054066022e-11,2.4980018054066022e-11,2,2,1.0000000000000002,0.0014609999999497497,1761,23,52.71838198945742,174.03522557404915,134.75088403196705,3.570942646223737
NDARPJ832WL6,R4,ThePresent,available,1595,500.0,117.59722244486211,130,0,34,E8,E25,E21,E17,False,False,False,False,0,229,0.07925496403915522,5884.75815452846,2460.351387680454,-0.004953491993357478,0.8388672876985053,6000,0.9900985771290041,1937,-0.004580623555835162,3.4317577991043415,0.03891365153490466,3178.0,0.06443853788202825,0.0293953991470484,2643.0,0.0004534770956034044,2,203.070006,5.10702591327572e-11,5.10702591327572e-11,0,2,0.9999999999999999,0.00223099999995526,1451,143,20.380389789098906,220.72150016249233,310.3257036575396,3.19275671950379
NDARPK095XX5,R10,ThePresent,available,1094,500.0,30.003182724812774,130,0,42,E8,E25,E21,E17,False,False,False,False,53,234,0.012555558351714154,-3589.887824704241,950.3603299057548,-0.0015352827267894583,0.8945465788320223,6000,0.9999443593265178,1273,3.526151624184059e-05,5.5300293818869,0.021190366874248318,-4548.0,0.023140483602951754,0.018392397659043384,-4137.0,6.538586258647908e-05,2,203.075992,8.64863736182997e-11,8.64863736182997e-11,0,0,0.9999999999999997,0.010109999999941242,954,35,46.60834314446412,298.90718990999574,2077.0051966893293,2.293123689727463
NDARPK223WVZ,R7,ThePresent,available,3049,500.0,71.17420292075712,130,0,34,E8,E25,E21,E17,False,False,False,False,0,258,0.002718338230567566,1849.168845927341,671.739155615202,0.0003906848702182266,0.9122654088508438,6000,0.9932577974978699,2467,0.0005368695501740482,3.766240744806303,0.008142400733133564,-39498.0,0.009675711233533703,0.006959447725164654,44820.0,0.009970275212468785,2,203.070007,8.43769498715119e-11,8.43769498715119e-11,2,2,0.9999999999999996,0.0007049999999468147,559,23,76.5876001760828,172.63606552689757,11647.83038673487,28.019105545617172
NDARPK300HMV,R4,ThePresent,available,33,500.0,119.85702202256161,130,0,34,E8,E25,E21,E17,False,False,False,False,0,251,0.0015821398739864565,2.9653291624171514,212.87913104725973,0.00024510814874663985,0.9927109802276652,6000,0.999252622689269,835,0.0019578023606363314,9.290671392280728,0.001958263940342599,2.0,0.0023086211974402437,0.000607449738924988,-29255.0,0.0008542931165087724,2,203.078004,2.398081733190338e-11,2.398081733190338e-11,2,2,1.0,-0.00042799999998068716,978,12,15.00877522672068,411.60445505276374,223.13030935822934,1.3267382413087936
NDARPK337CLE,R9,ThePresent,available,172,500.0,30.003271575858225,130,0,42,E8,E25,E21,E17,False,False,False,False,134,212,0.019247465763172687,410.5784552326897,376.4135666650252,0.010835284662252396,0.916560048482247,6000,0.974336674173273,1476,0.03124139643321593,3.9705863363333864,0.03328434927751925,39.0,0.03831191880312074,0.027981483239411936,793.0,0.0032441394498133394,2,203.286002,3.064215547965432e-11,3.064215547965432e-11,0,0,1.0000000000000002,-0.011293000000061401,1178,84,51.63662846857633,265.319807333731,215.85436556387702,1.9953310696095077
NDARPK522DVQ,R8,ThePresent,available,162,500.0,60.0233662906299,130,0,42,E8,E25,E21,E17,False,False,False,False,207,240,0.005627302399372963,-2098.929467652704,891.1465202586545,-0.0023675354387065442,0.7036229365427552,6000,0.7147671988091443,2648,0.002371830179525718,5.4335846014736395,0.027769238155273962,-31635.0,0.02940459910999931,0.026877148129026363,-31412.0,4.6426044853453e-05,2,203.072002,7.582823258189819e-11,7.582823258189819e-11,2,2,1.0000000000000007,-0.0016469999999910144,760,44,22.030954769166495,491.5909480654935,123.054934611718,1.5948684210526314
NDARPK597XH0,R8,ThePresent,available,1063,500.0,60.018748429435554,130,0,42,E8,E25,E21,E17,False,False,False,False,552,233,0.001845372901758417,2500.579407406043,223.21550241116873,0.0013645699974607832,0.8515956156585407,6000,0.9996248113427363,875,0.0026353813609533857,2.7225925919425507,0.004527568478860704,-17775.0,0.007722984356450526,0.004526801328360301,-17828.0,1.230624617569974e-06,2,203.07199300000002,3.552713678800501e-12,3.552713678800501e-12,0,0,1.0,-0.008187000000007149,872,109,28.448406206549997,388.3738302834038,260.58581931928825,3.0597247706422017
NDARPL108LAV,R11,ThePresent,available,486,500.0,60.018792822975755,130,0,42,E8,E25,E21,E17,False,False,False,False,628,218,0.003889195673706604,1553.9067183192824,362.60464258280547,-0.0016752322800959302,0.7162527333870594,6000,0.9121006694870393,1421,0.0014201460831376495,4.129646154370707,0.010766758085419131,6664.0,0.018066182825758916,0.007423387856870787,5765.0,0.0002133949120582618,2,203.06599599999998,1.7208456881689926e-11,1.7208456881689926e-11,0,2,1.0000000000000002,0.007110999999993897,1826,28,75.60307682579503,130.85298521469153,524.1706973656185,8.848461117196056
NDARPL215MTH,R5,ThePresent,available,523,500.0,119.7605252226386,130,0,34,E8,E25,E21,E17,False,False,False,False,0,241,0.0015863489718002967,-78.3519290067061,294.66014833689144,-0.00038242004391872083,0.7570931803074392,6000,0.9733317221449107,1155,0.0014903353804523536,3.615176864116953,0.0014931525781973001,-6.0,0.002394337718027916,0.0008660470179815658,-33791.0,0.0015242065596282248,2,203.068004,4.707345624410664e-11,4.707345624410664e-11,2,2,1.0000000000000004,-0.0009340000000107604,1504,102,42.67348181894464,147.17396013209571,251.5624017716438,4.427273936170213
NDARPL406KX4,R8,ThePresent,available,4899,500.0,59.98484223979249,130,0,42,E8,E25,E21,E17,False,False,False,False,178,226,0.39810801319012756,1741.1926217574933,678.8473655860571,0.011758191728026834,0.9767080347324314,6000,0.99580985015096,2589,-0.04359704836720215,7.431647803826794,0.42386095229537046,1814.0,0.5447577444347068,0.2274240791733013,-9252.0,0.316129133002541,2,203.06400499999998,6.461498003318411e-11,6.461498003318411e-11,2,2,1.0,-0.0005939999999275151,505,208,44.83684317361687,258.55537626895745,963.0971698337702,13.245366336633664
NDARPL440BX5,R9,ThePresent,available,176,500.0,30.003236584740414,130,0,42,E8,E25,E21,E17,False,False,False,False,109,229,0.019545348777134222,-112.41484996959689,509.09265166018884,-0.009368487262050699,0.9524874569700722,6000,0.9794347802513855,1996,0.011604838867521311,3.897541393921312,0.01761573860630131,4559.0,0.023752555823934235,0.012226931854177581,-19189.0,0.022865569037583976,2,203.275995,1.4654943925052066e-11,1.4654943925052066e-11,2,2,0.9999999999999999,-0.0016050000000008106,1202,68,48.6101905539032,263.3764554836779,212.73070063643985,1.5996672212978371
NDARPL479LHN,R7,ThePresent,available,84,500.0,119.88588348010545,130,0,34,E8,E25,E21,E17,False,False,False,False,0,233,0.0009311587580796224,-13.53042468949314,146.17975258477765,-0.00020203173063585846,0.8279620522100054,6000,0.9969329853468517,573,0.0008202449226873518,6.6183372256641775,0.0008231132385762345,-5.0,0.0013556467254179452,0.00030748268554701546,33541.0,0.0006211269431253339,2,203.06999299999998,9.103828801926284e-11,9.103828801926284e-11,2,2,1.0000000000000002,0.00030599999987294474,1918,27,38.414805558629325,175.24757464729868,123.57606767028611,2.7194890510948904
NDARPL596YTD,R5,ThePresent,available,272,500.0,60.023399682477276,130,0,42,E8,E25,E21,E17,False,False,False,False,207,238,0.000850487553331824,-50.87611148515854,343.60988344150365,-6.907655749321144e-05,0.7866758355533342,6000,0.9876762002793106,1347,0.0008286917334985964,4.4915317081168755,0.0008667586539355885,31.0,0.0011424354613279778,0.0004614934055244385,-16633.0,0.0007236663097211837,2,203.06399399999998,3.441691376337985e-11,3.441691376337985e-11,0,2,1.0000000000000004,0.00325099999995914,1156,49,25.077589385983785,314.8073435086505,187.01058972099807,1.5943598615916954
NDARPL651MD5,R9,ThePresent,available,282,500.0,30.003138623475902,130,0,42,E8,E25,E21,E17,False,False,False,False,100,217,0.016127198441644505,2986.845110264302,249.32996385801727,-0.003577210839861529,0.33645860270744504,6000,0.9975183205734507,501,0.010322511764196214,4.939693723800622,0.06266171371883894,18628.0,0.07867855215661512,0.05822233597425129,18461.0,2.2655476738540903e-05,2,203.286005,2.930988785010413e-11,2.930988785010413e-11,0,0,1.0,0.01453900000003005,1068,83,46.81241868941854,293.86729869081273,359.40975778271775,1.4273501872659178
NDARPM172XGD,R9,ThePresent,available,37,500.0,30.003291644417452,130,0,42,E8,E25,E21,E17,False,False,False,False,56,214,0.01534168195571867,-309.1976912284746,415.67241028675363,-0.004724083654612016,0.8056250951475171,6000,0.8626723494848888,1629,0.011879811220812083,3.167792888059476,0.01593396944392789,5305.0,0.024513262183388604,0.01206127245776702,14.0,0.023893168749641897,2,203.276004,3.0531133177191805e-11,3.0531133177191805e-11,0,0,1.0,0.011928000000032631,956,17,45.01203213720742,372.93942706298645,149.01080070935592,1.311642259414226
NDARPN886HH9,R7,ThePresent,available,6850,500.0,58.47403965880536,130,0,42,E8,E25,E21,E17,False,False,False,False,294,223,0.022583755240920943,2980.173166339157,310.4941566165731,-0.005152547971806318,0.6660487140096493,6000,0.9981425897040508,628,-0.014055261392322318,5.628092971391717,0.05890115873813049,-20321.0,0.06498425927946332,0.024938033152033252,-19418.0,0.0002040977904432667,2,203.073999,1.7397194795876203e-10,1.7397194795876203e-10,0,2,1.0000000000000007,-0.002970999999880118,238,572,77.70239703257963,125.79562540381964,418.66942490381996,30.63247899159664
NDARPP150TNR,R7,ThePresent,available,392,500.0,117.07450423601838,130,0,34,E8,E25,E21,E17,False,False,False,False,0,243,0.0015949852953940345,-371.5812452773251,513.896064368626,-0.0002858429142939151,0.6732720040322849,6000,0.9754902795561516,2014,0.0008342882488009237,2.7284123263582356,0.0030183938816040487,40137.0,0.00445030076623739,0.0027781709367012838,16150.0,0.0055829084925049,2,203.071998,2.90878432451791e-11,2.90878432451791e-11,2,2,1.0000000000000002,-0.000769999999998892,1792,77,63.79146374443444,120.24200137745828,476.9895445820794,6.036953124999999
NDARPP238VMX,R11,ThePresent,available,244,500.0,60.01411450758209,130,0,42,E8,E25,E21,E17,False,False,False,False,449,231,0.15361261392817535,-275.6272609979481,493.11534544339924,0.06440001371800312,0.9322919351856811,6000,0.9674006253005158,1933,0.1590286975086597,2.930831258723277,0.2806153993993949,-36195.0,0.22211897450706214,0.2737504816539448,-20710.0,0.2586349014395061,2,203.065999,1.6209256159527285e-11,1.6209256159527285e-11,2,2,0.9999999999999997,0.0007979999999965629,1594,25,39.271078739611774,208.81174698834215,289.24122458567894,3.414604767879549
NDARPP622WV4,R5,ThePresent,available,239,500.0,60.0233345768068,130,0,42,E8,E25,E21,E17,False,False,False,False,215,235,0.001758934260900218,385.21059247878344,416.35986065643897,-0.00013104749378800405,0.62551560721991,6000,0.9439507097940835,1632,0.0015104993531182538,5.502346064351937,0.003812067118173402,-17121.0,0.0038733284699559003,0.0020877883168550497,7378.0,0.0034392310794311197,2,203.061999,1.056932319443149e-10,1.056932319443149e-10,2,2,1.0,0.000343999999902246,936,51,23.121610136855182,392.6187371992889,149.61672623563717,1.7192414529914528
NDARPP650LRM,R11,ThePresent,available,783,500.0,60.00499546790015,130,0,42,E8,E25,E21,E17,False,False,False,False,714,225,0.008915940001652006,4.338367810539528,301.0871423437359,-0.002586037559586287,0.8322820499481933,6000,0.9917924938227825,1180,0.0072783816110722115,3.0105745029691224,0.007533092236588819,27.0,0.010515561114780508,0.006554751593429069,43055.0,0.007475067692425427,2,203.076004,3.441691376337985e-11,3.441691376337985e-11,0,2,1.0000000000000002,-0.007779000000012236,831,38,28.22851706164486,434.36740190001393,438.2545797617823,2.760914560770156
NDARPP694XU9,R11,ThePresent,available,134,500.0,60.02319917270481,130,0,42,E8,E25,E21,E17,False,False,False,False,395,236,0.0019084102202061078,27.462670766774504,331.87773663967675,0.00033580898905493007,0.5079576485290855,6000,0.9907117281814088,1301,0.0027016918774420548,7.722563242340922,0.002796467932230924,24.0,0.003789878184975465,0.001466829601956052,-21185.0,0.002303350575622945,2,203.075992,6.750155989720952e-11,6.750155989720952e-11,0,2,0.9999999999999999,0.005964999999950518,1214,36,25.513251099002673,303.9528559786058,126.79779166490223,1.616474464579901
NDARPP726XBF,R5,ThePresent,available,255,500.0,60.02329287416556,130,0,42,E8,E25,E21,E17,False,False,False,False,136,235,0.0022490965767109883,-1.6750687273132139,220.88350896334012,-0.00026265022547917533,0.9594860839595925,6000,0.997243679042554,866,0.0021641227083435406,8.852505245708716,0.0022330159993326267,23.0,0.002713867711702645,0.0007287836822043865,19061.0,0.001081150562788031,2,203.06400100000002,2.1649348980190553e-11,2.1649348980190553e-11,0,2,0.9999999999999999,0.006412999999985241,1882,48,60.07199688701543,143.64903353864403,184.30132569311232,7.041679064824655
NDARPR799VX4,R9,ThePresent,available,61,500.0,30.00333257518981,130,0,42,E8,E25,E21,E17,False,False,False,False,66,232,0.04130188981788141,26.136328885875646,323.15809337325913,-0.005168215803778944,0.991215949672576,6000,0.9975078888268796,1267,0.0395837363987139,17.058000888599146,0.0407118379157876,27.0,0.048078264650403144,0.005080338011595656,-24318.0,0.00963325822676014,2,203.286002,6.827871601444713e-11,6.827871601444713e-11,0,2,0.9999999999999999,-0.0035800000000510757,1214,28,46.67445776781594,280.7481714809252,136.89469690166496,1.1203047775947284
NDARPT007UXR,R4,ThePresent,available,102,500.0,119.79415607797797,130,0,34,E8,E25,E21,E17,False,False,False,False,0,228,0.0016264384070226474,79.73354728250362,351.41569755236094,0.00014839491410830805,0.8062774261910395,6000,0.9946755790055504,1378,0.002017971606330317,6.0485180241262695,0.0020237837712202,7.0,0.002730386293463318,0.0013652360981935825,-13198.0,0.0017566520170742314,2,203.068003,5.240252676230739e-11,5.240252676230739e-11,2,2,0.9999999999999998,0.00014799999998067216,1452,11,13.876487210003974,266.88000644099424,245.6762853551331,1.1643181818181818
NDARPT417LW6,R9,ThePresent,available,93,500.0,30.003241969625893,130,0,42,E8,E25,E21,E17,False,False,False,False,195,220,0.012556693343514475,13.866628651435219,513.1776471792558,-0.0008414520570468381,0.9538034483393316,6000,0.9735416440325312,2011,0.016090706969656195,5.13414393395451,0.01656553768564387,23.0,0.02088759291021121,0.012331234660265266,-35645.0,0.014491744572590321,2,203.28600699999998,1.8762769116165146e-11,1.8762769116165146e-11,0,0,1.0,-0.00984300000000915,969,141,70.6865309466788,279.44012427120833,181.07319427544644,9.905799793601652
NDARPT890YBR,R5,ThePresent,available,850,500.0,60.013531461823284,130,0,42,E8,E25,E21,E17,False,False,False,False,114,239,0.005681167158240284,-141.9830155453453,520.1000051855534,-0.00038351712823122533,0.9048083228382757,6000,0.9735868100671269,2039,0.006418801362035342,5.040688080318829,0.006606944089786133,30.0,0.008305169019404852,0.003967887340356277,-407.0,2.9158302418067633e-06,2,203.07599299999998,1.6764367671839864e-11,1.6764367671839864e-11,0,2,1.0000000000000002,0.006005999999994716,1206,132,30.48894183712083,275.00728970680916,220.87733075334742,2.4513101160862356
NDARPU329MDJ,R5,ThePresent,available,120,500.0,119.76984984694894,130,0,34,E8,E25,E21,E17,False,False,False,False,0,247,0.0007814221045952642,75.82077926220383,202.02897236881867,-0.00029689908919790556,0.8217646104405263,6000,0.9893717221573682,792,0.000494609103703795,3.4970567486520197,0.0005569521049122828,47.0,0.001121640627291899,0.0003171926371516613,20376.0,0.0007258037607450417,2,203.069996,4.707345624410664e-11,4.707345624410664e-11,2,2,0.9999999999999999,0.00010099999996286879,1150,29,15.736539972482303,333.0851807610621,271.23870283141014,1.6480260869565218
NDARPU981GWF,R9,ThePresent,available,260,500.0,30.003225452002358,130,0,42,E8,E25,E21,E17,False,False,False,False,274,217,0.006485527789808417,295.84060832193154,378.9697708009976,0.001705261032141861,0.9594742330540027,6000,0.9843778356055244,1485,0.008190893929302476,4.659426259358728,0.008564640319462502,40.0,0.010026434415651595,0.007844816693243818,23065.0,0.008498476146922177,2,203.27599800000002,1.1068923555512811e-10,1.1068923555512811e-10,0,2,0.9999999999999999,0.005159999999892636,864,35,43.978146340332046,394.8426983339886,471.39791992409243,1.2560648148148148
NDARPV009TYX,R5,ThePresent,available,198,500.0,60.02324606972283,130,0,42,E8,E25,E21,E17,False,False,False,False,159,228,0.0018955693977692433,184424.05421390865,104503.01881481934,-0.00045292018567332355,0.48083350718056145,6000,0.48083350718056145,6000,0.00035379560130988666,2.4412572061923346,0.0011054430959566337,4605.0,0.0024605429521371543,0.00109953137259595,4661.0,2.0793170789328713e-06,2,203.063996,3.5360603334311236e-11,3.5360603334311236e-11,0,0,1.0000000000000002,-0.00873699999998635,1156,38,35.700078099531105,278.8026148440527,349.86560911068074,3.6091608996539795
NDARPV145KGL,R3,ThePresent,available,629,500.0,118.55489055302509,130,0,34,E8,E25,E21,E17,False,False,False,False,0,242,0.0035796060981319352,7.754223295090705,430.3183212200702,-0.0007296479834343415,0.8523929462977298,6000,0.9840829710586085,1687,0.0034073578079898744,2.154852031718628,0.0034342870138506644,-13.0,0.007446528650447299,0.0025481378551100767,34371.0,0.005191773749545323,2,203.07000299999999,3.019806626980426e-11,3.019806626980426e-11,2,2,1.0000000000000002,0.0005310000000031136,872,51,15.532738929591629,434.7786317787894,409.8704741283462,1.6385206422018348
NDARPV303LAX,R4,ThePresent,available,36,500.0,60.0233959736137,130,0,42,E8,E25,E21,E17,False,False,False,False,252,223,0.002013209962038559,85.30406591324063,440.6732830906739,-9.236902923423214e-05,0.9789277109369132,6000,0.9958090639475035,1728,0.0022041273711875162,4.384261574163253,0.0024181122272391303,19407.0,0.003095729055586782,0.002411706479993904,19297.0,1.721380314014323e-06,2,203.076003,2.8421709430404007e-11,2.8421709430404007e-11,0,2,0.9999999999999999,0.0064200000000001,885,10,20.93257996736413,432.85690679148183,108.28820071560936,0.7578757062146892
NDARPV412JEN,R9,ThePresent,available,63,500.0,30.003281483460498,130,0,42,E8,E25,E21,E17,False,False,False,False,139,228,0.007474284211596452,20.243233018027897,212.2252670297952,-0.00014054650284803138,0.9278892908427044,6000,0.9974514424962606,832,0.008062396598952262,16.191071828408464,0.008364212239182694,22.0,0.00957031258926215,0.0016600868033207613,14584.0,0.0020337197253483138,2,203.27600700000002,2.9976021664879227e-11,2.9976021664879227e-11,0,2,1.0000000000000002,0.006518999999996623,1367,22,63.395561910967224,229.03776223404435,206.05198760715606,2.646481346013168
NDARPV423ECQ,R10,ThePresent,available,1323,500.0,59.99924019315244,130,0,42,E8,E25,E21,E17,False,False,False,False,105,241,0.002342522716234902,122.81263579886146,240.55513475983358,0.0003865901043335126,0.7132459646127507,6000,0.9934753044986788,943,0.0027745878122466755,3.763343527595978,0.0035026940254954237,-37223.0,0.0050117719991630205,0.003422259016139124,-36172.0,0.00013943702913631452,2,203.065998,4.729550084903167e-11,4.729550084903167e-11,0,2,1.0000000000000002,0.004879000000008958,1622,36,121.7709206172041,99.1445506335639,1245.8225650217246,7.900672009864365
NDARPV595RWB,R7,ThePresent,available,53,500.0,60.01859473030719,130,0,42,E8,E25,E21,E17,False,False,False,False,310,236,-1.0,-1.0,-1.0,-1.0,-1.0,-1,-1.0,-1,-0.004077590040561039,2.3987303925281664,0.008949914837401245,46347.0,0.0102126435043212,0.008768766083653571,46212.0,6.742476992667445e-05,2,203.074007,5.551115123125783e-11,5.551115123125783e-11,0,2,1.0000000000000002,0.0049180000000254845,1176,13,28.1073699567665,314.30268000023693,256.33651498293887,2.3871003401360547
NDARPV614TV9,R10,ThePresent,available,531,500.0,60.0142034532909,130,0,42,E8,E25,E21,E17,False,False,False,False,810,231,0.005902958859527488,9.55746813603141,178.1980487879281,0.001217332095061571,0.4785201048982634,6000,0.9994404646406062,698,0.007093911172515053,4.597642746156865,0.007393543601838056,35.0,0.007837408016441469,0.002957694739959469,-13003.0,0.0024369950511462304,2,203.075997,6.228351168147128e-11,6.228351168147128e-11,0,2,1.0000000000000002,-0.006327999999960709,1295,62,41.31152310079356,253.61492237590244,332.6127798185323,4.0748494208494215
NDARPW746FWF,R9,ThePresent,available,48,500.0,30.003132041286648,130,0,42,E8,E25,E21,E17,False,False,False,False,118,222,0.007035906864823437,17.315406220236422,396.83039017542023,-5.062147972023181e-05,0.9091823617436903,6000,0.988144290954456,1556,0.008657635832022153,9.733759283379772,0.008845546460468558,19.0,0.009954407278056117,0.0024204847694086896,-17541.0,0.0027506770670697794,2,203.274004,3.552713678800501e-11,3.552713678800501e-11,0,0,0.9999999999999997,0.008411999999986269,1067,22,46.38891619835288,327.04319289396165,166.66272784250035,1.2061855670103092
NDARPW915RGD,R4,ThePresent,available,215,500.0,60.01827139248502,130,0,42,E8,E25,E21,E17,False,False,False,False,175,237,0.0006325635862959374,-46.03738534851514,350.44523163086603,0.0004420650800554297,0.9258570765003059,6000,0.9966901888976231,1373,0.0012135892650845092,3.9928759533788636,0.0012428735962077002,28.0,0.0011933838762193368,0.0011765908329406584,-20546.0,0.0011170269478973543,2,203.065993,3.991251773527438e-11,3.991251773527438e-11,0,0,0.9999999999999999,-0.008344999999948428,1324,24,32.59129358966205,266.9431844983301,188.11075997013418,2.3308232628398793
NDARPX219TW0,R1,ThePresent,available,7894,500.0,38.806041010008336,130,0,34,E8,E25,E21,E17,False,False,False,False,0,220,0.0,-3000.0,266.6666666666667,0.0,,6000,,523,0.0,,,,,,,,2,203.070007,5.1958437552457326e-11,5.1958437552457326e-11,2,2,0.9999999999999996,-0.0003010000000161297,0,2,,,207599.699858824,
NDARPX661BF1,R9,ThePresent,available,91,500.0,30.003334958925787,130,0,42,E8,E25,E21,E17,False,False,False,False,204,219,0.13201225421496313,3909.3847926961453,890.3798123999704,-0.008932103599992337,0.6871878534557053,6000,0.9999711918810458,835,-0.03888349285276048,5.726732202874173,0.26586088167225397,18665.0,0.3121403104107884,0.1183748385867415,-16134.0,0.19189481610984593,2,203.286002,2.3092638912203256e-11,2.3092638912203256e-11,0,2,1.0000000000000002,0.007239999999953146,1013,88,56.46274049100228,300.6148271550381,228.01866131549824,4.069131293188549
NDARPX838GCD,R5,ThePresent,available,814,500.0,60.02344611424643,130,0,42,E8,E25,E21,E17,False,False,False,False,151,242,0.07392478093410537,585.9567105224894,432.40392543951265,-0.024316263259532463,0.883844013005246,6000,0.9813089850813128,1695,0.009478490409139352,2.235386572183107,0.21180920398884773,-34504.0,0.3420799773958495,0.19225550113180945,37501.0,0.36196773047982933,2,203.06400299999999,4.141131881851834e-11,4.141131881851834e-11,0,2,1.0,-0.005884000000025949,964,182,28.15477635043938,349.50415706818865,156.4459111775395,3.513267634854772
NDARPX980MUN,R11,ThePresent,available,87,500.0,60.02340060678624,130,0,42,E8,E25,E21,E17,False,False,False,False,137,226,0.0034723307344089018,-28.065193114893503,176.58311667975593,0.0014063525127152856,0.7205632159745453,6000,0.9988160508806855,693,0.005166325493822098,1.598233563974298,0.008387701724801933,41599.0,0.018797704279050392,0.00817424784976619,16090.0,0.022389527642162635,2,203.06599699999998,4.829470157119431e-11,4.829470157119431e-11,2,2,1.0,0.0012789999999602718,2018,24,49.62746593142186,147.46642839029954,149.2535333377135,4.802026759167492
NDARPY302MV9,R9,ThePresent,available,285,500.0,30.003244215232595,130,0,42,E8,E25,E21,E17,False,False,False,False,83,221,0.008113239997047165,132.53953559768954,406.45678842912776,-0.00126150787510682,0.5600522255842154,6000,0.9406208949750839,1594,0.008756301107578857,2.9270075756195495,0.008989697107379957,18.0,0.012284090515547588,0.008817690208949347,7533.0,0.007915842740719515,2,203.286004,1.84297022087776e-11,1.84297022087776e-11,0,0,1.0,0.01670100000000818,1226,97,45.48348747318119,248.58650104111874,204.11385829709323,1.241484502446982
NDARPY478YM0,R7,ThePresent,available,853,500.0,60.023378171628806,130,0,42,E8,E25,E21,E17,False,False,False,False,179,229,0.0006982984569637875,-92.12308818454912,227.39157812834713,0.0003024189691795604,0.9374109824935003,6000,0.9914579655450314,891,0.0011303902057832914,1.998351627770007,0.002270147418475785,14454.0,0.004482999207986293,0.0019590128750744075,14676.0,9.955691145548074e-05,2,203.06199999999998,6.59472476627343e-11,6.59472476627343e-11,0,2,1.0,-0.002503999999924909,1771,188,49.1621198010765,152.12245648386545,197.35075146966918,4.379057029926595
NDARPY645HY6,R11,ThePresent,available,437,500.0,30.003172626579612,130,0,42,E8,E25,E21,E17,False,False,False,False,80,213,-1.0,-1.0,-1.0,-1.0,-1.0,-1,-1.0,-1,2.390975917600874e-06,2.0603707371163793,7.510312092517079e-06,-15448.0,4.8306933720951805e-06,7.424994128876694e-06,-15504.0,3.4850439123765677e-09,2,203.075995,1.1302070390684094e-10,1.1302070390684094e-10,0,2,1.0000000000000002,0.00418200000008384,1095,229,44.10635330159918,243.62350612919846,138.41684840879344,1.2340365296803653
NDARPZ020AH8,R7,ThePresent,available,561,500.0,60.02344717085524,130,0,42,E8,E25,E21,E17,False,False,False,False,489,229,4.105324581631558e-06,-2581.3681557371665,709.5524915032535,-4.622821542697179e-06,0.990220351944364,6000,0.9854610061326227,1810,-5.826266134384392e-06,0.34215452416903475,7.154261126635325e-07,-5941.0,2.7662622800458254e-06,5.154203851201149e-07,-5615.0,1.0663642980605897e-07,2,203.066002,9.614531393253856e-11,9.614531393253856e-11,0,2,1.0,0.004328000000106808,1408,112,32.58847009114956,239.00213820747433,175.08460529026598,3.1518821022727277
NDARPZ327PDV,R11,ThePresent,available,9165,500.0,60.00875273826681,130,0,42,E8,E25,E21,E17,False,False,False,False,190,237,0.006545873996911711,-11.852472240284687,398.1246264985452,-0.0005916591741875655,0.7929227289291448,6000,0.9898387347583246,1561,0.006980218618435147,6.343023013349491,0.007075752550323203,24.0,0.008295353584995684,0.004706051906802509,-14378.0,0.005659449767349969,2,203.065993,3.774758283725532e-11,3.774758283725532e-11,0,2,0.9999999999999996,-0.006293999999952596,104,649,101.72459900809622,101.15312529036294,485.43408063471236,32.04923076923077
NDARPZ344ZGE,R5,ThePresent,available,29,500.0,60.02342459226684,130,0,42,E8,E25,E21,E17,False,False,False,False,323,242,0.003409676255882162,-2178.0391306917963,535.6043976619862,-0.0015550158743930095,0.8674302618121741,6000,0.9769293312035118,1872,-0.0006674960762545252,2.203626738982264,0.0024612707121455936,3997.0,0.005675862400438023,0.002393262267076,49791.0,0.003618554461855581,2,203.07400299999998,3.397282455352979e-11,3.397282455352979e-11,2,2,1.0000000000000004,-0.0013120000000399795,1211,9,29.385692550821975,304.4707533705294,174.0121842138876,2.3599917423616845
NDARPZ720WKW,R7,ThePresent,available,31,500.0,119.86186877468052,130,0,34,E8,E25,E21,E17,False,False,False,False,0,234,0.004338833126794865,-2149.9053675535415,416.7567389301001,-0.0002117454454974223,0.6161048371172314,6000,0.9807200413266268,1633,-0.004371240961501657,2.825316835238693,0.008058712878433592,-18597.0,0.016770428338841608,0.00796601987811648,-18751.0,0.00019827781303772846,2,203.070005,3.5083047578154947e-11,3.5083047578154947e-11,0,2,1.0000000000000002,0.004133999999957162,0,62,,188.50574036984284,464.4229788877611,
NDARPZ754PMY,R11,ThePresent,available,436,500.0,60.01387286764014,130,0,42,E8,E25,E21,E17,False,False,False,False,296,234,0.003762531089845022,27.464503044952547,149.11602761545646,0.0016445581910751593,0.924092496333589,6000,0.9976807854049027,584,0.005906345620957732,10.697361875422773,0.0060212012557957,15.0,0.006196334424821006,0.0027414068691996277,755.0,0.00032681771957745196,2,203.076008,3.0753177782116836e-11,3.0753177782116836e-11,0,2,0.9999999999999999,0.007512000000004777,1415,63,29.001648280295544,244.9615892563814,229.78905683191059,2.5514346289752647
NDARPZ973RK0,R7,ThePresent,available,308,500.0,60.02337909167413,130,0,42,E8,E25,E21,E17,False,False,False,False,182,244,0.0031783849969790256,-60.91923931353571,355.1610191681482,-0.002018578520857901,0.9074339237750643,6000,0.9453068832779341,1393,0.0016735706224577512,5.270185387853001,0.015047928276057528,-8251.0,0.015091343054614107,0.009158564541850576,-7321.0,4.927346474371992e-05,2,203.06600400000002,1.1157741397482823e-10,1.1157741397482823e-10,2,2,1.0,-0.0011879999998903987,1768,60,51.23451933034668,170.09596610130174,163.2733494106625,3.9401470588235297
NDARRA383KVQ,R7,ThePresent,available,54,500.0,119.84728070779855,130,0,34,E8,E25,E21,E17,False,False,False,False,0,215,0.0015544688105969564,-2136.260545297784,372.14236086706575,-0.00047311898162794003,0.6636908758833976,6000,0.9709640955282172,1459,-0.00016135004698284417,3.1071087887053266,0.002587277520058627,-19674.0,0.0032693329446068778,0.0025833493424582328,-19722.0,5.434901993805943e-06,2,203.070004,2.6645352591003757e-11,2.6645352591003757e-11,2,2,0.9999999999999998,0.0013860000000255935,888,12,118.78743487728558,128.856574222644,469.90885230891985,15.513231981981981
NDARRA537FWW,R4,ThePresent,available,524,500.0,60.0231067990932,130,0,42,E8,E25,E21,E17,False,False,False,False,130,221,0.0016449296942446672,8.329595313475824,357.71435699788054,-2.2138154066080376e-05,0.9286682480325139,6000,0.9757479445652362,1402,0.0021812413232883796,13.206269491836695,0.0022467309193703786,22.0,0.0024839508449176068,0.0008872418097603739,-46054.0,0.000925485800512317,2,203.07200500000002,2.2648549702353193e-11,2.2648549702353193e-11,0,2,0.9999999999999999,0.00789599999998388,1227,96,35.548257350887084,266.18260677912815,223.35296938605498,4.165093724531377
NDARRA804NPT,R10,ThePresent,available,76,500.0,30.00316448288741,130,0,42,E8,E25,E21,E17,False,False,False,False,92,226,0.0007499877726683886,35.40147262381694,68.82124621039088,-0.00018802545370819266,0.4044335890985159,6000,0.9961996882190306,270,0.0004670122217889754,1.7303987956477398,0.000592615475325678,30.0,0.0013588633801746726,0.0005635140500665941,3906.0,0.0009084293891111132,2,203.075997,4.629630012686903e-11,4.629630012686903e-11,2,2,1.0,-0.00021899999996432523,732,15,39.88787374470834,504.4602954532126,262.206893179065,1.1832103825136613
NDARRA933RLX,R4,ThePresent,available,598,500.0,60.02336243349852,130,0,42,E8,E25,E21,E17,False,False,False,False,150,229,0.0010708549048496986,76.18505266162954,313.6997174357272,0.00025590195444904335,0.9475631719465508,6000,0.9867124998090278,1230,0.0016051590548263935,11.405201384010828,0.0016906609828026317,28.0,0.0017522359589323782,0.0008519990539240476,14702.0,0.0008533056579083687,2,203.072002,6.294964549624638e-11,6.294964549624638e-11,2,2,1.0000000000000007,-0.0011400000000131067,1260,168,23.708218520956812,263.9588809502115,134.27476661382627,2.0495396825396828
NDARRB338YZ0,R4,ThePresent,available,459,500.0,119.47136487443555,130,0,34,E8,E25,E21,E17,False,False,False,False,0,242,0.0017501018591099093,1457.5060394975542,638.0714406932748,-0.0018620836729523198,0.9467503258280326,6000,0.9890502028929908,2502,-0.0007040573055509232,0.7683158099057354,0.0006690402317777009,5949.0,0.0020662956575516487,0.00038403199514745664,16874.0,0.0009833226812875032,2,203.067993,1.0391687510491465e-10,1.0391687510491465e-10,2,2,1.0,0.001884000000094951,1134,73,14.431326181734939,341.14731391888563,216.7596842181764,2.0799382716049384
NDARRB889VDF,R11,ThePresent,available,864,500.0,60.02337226331428,130,0,42,E8,E25,E21,E17,False,False,False,False,363,229,0.005544888254389119,28.273044404317336,332.04094205236254,-0.000448518299584695,0.9562194651433534,6000,0.9901024533721451,1302,0.006131405173286077,14.061817343594118,0.0064106654528573405,28.0,0.006992019621416519,0.001318447940493606,-46024.0,0.0013595788077934816,2,203.065997,2.631228568361621e-11,2.631228568361621e-11,0,2,1.0,-0.003853000000024138,1233,215,27.160190993053835,276.23591221501096,130.8849200136563,3.8642984590429847
NDARRB942UWU,R2,ThePresent,available,1226,500.0,119.36780406560297,130,0,34,E8,E25,E21,E17,False,False,False,False,0,241,0.002930018886776709,112.53058498676374,175.69019906264595,-0.0003531655185811463,0.9324900663119553,6000,0.9988188003164279,688,0.0021525930204608083,8.314481062340604,0.002530132334198933,126.0,0.003267681485622969,0.0006794705640362223,-9726.0,0.0011338007938608333,2,203.067995,3.019806626980426e-11,3.019806626980426e-11,2,2,0.9999999999999998,0.0003389999999974679,2114,199,58.40755625588201,125.62033787059296,189.45223685190314,5.724834437086092
NDARRC016UZE,R4,ThePresent,available,438,500.0,116.77651172690649,130,0,34,E8,E25,E21,E17,False,False,False,False,0,232,0.0026420417415537138,1179.8157273287238,456.95363896785125,0.0006075444751704513,0.9067522700702447,6000,0.9941950868525783,1791,-2.4171983483358577e-05,3.122326970885636,0.004433879716939176,35675.0,0.007041164117477719,0.0036385944178987015,50675.0,0.0033012374723869146,2,203.067997,5.1514348342607263e-11,5.1514348342607263e-11,2,2,0.9999999999999999,-0.0008750000000458929,872,55,17.88566897203501,434.0829607973819,395.5684764162306,2.1594954128440365
NDARRC348AFG,R9,ThePresent,available,349,500.0,30.003273794968518,130,0,42,E8,E25,E21,E17,False,False,False,False,117,221,3.0345984994858854,2796.484552668347,421.0270004054542,-0.643421544821905,0.5536601490159777,6000,0.9992967790744626,1028,-0.45040006058894355,3.387832444369563,3.255901261142686,12969.0,5.295141588934987,3.136098734899406,4105.0,6.2831119105429885,2,203.285994,2.4868995751603507e-11,2.4868995751603507e-11,0,2,0.9999999999999997,-0.00770799999994992,1203,92,62.478968451980144,223.99569720780164,418.08999851816134,5.07166251039069
NDARRC355BM6,R4,ThePresent,available,83,500.0,60.023119218199334,130,0,42,E8,E25,E21,E17,False,False,False,False,166,242,0.024758813978400906,2516.1901456562605,801.9550947535739,-0.01433826233792349,0.9758222485261309,6000,0.9575321722774086,2055,-0.011283007481437058,1.3571346195352292,0.011111255795286252,2364.0,0.021505240871277254,0.00898351598807808,2799.0,0.00043426049358311243,2,203.074007,5.10702591327572e-11,5.10702591327572e-11,0,0,1.0,-0.008373999999954604,1084,14,24.083552186977492,346.3343835758252,226.10770521226107,1.1412546125461254
NDARRE265KWF,R10,ThePresent,available,315,500.0,30.003180915087384,130,0,42,E8,E25,E21,E17,False,False,False,False,100,215,0.003569335646806521,-36.06220181092942,227.050672988306,-0.0012357072801626586,0.6466878459285372,6000,0.9564027930689892,890,0.003082815838678289,2.0142573073007592,0.0035407800309382722,18464.0,0.009386676410659404,0.003217567356432551,18935.0,0.00016688322737138826,2,203.065998,4.873879078104437e-11,4.873879078104437e-11,0,0,0.9999999999999999,0.009567999999959687,1366,136,53.75538233464502,215.80507372300306,195.81856174149866,3.180761346998536
NDARRE445RHR,R4,ThePresent,available,212,500.0,119.69267989186258,130,0,34,E8,E25,E21,E17,False,False,False,False,0,231,0.0032218867559791037,-474.1337037957274,894.5729666659524,0.0007350137226267047,0.8944863621726817,6000,0.9390943886792296,3507,0.003926802108650972,3.348926342431261,0.004306968586339738,9335.0,0.0034687465224041893,0.004250427596752848,9183.0,9.261768779567775e-07,2,203.069994,8.237854842718662e-11,8.237854842718662e-11,0,2,0.9999999999999998,0.003164999999949753,1137,35,14.768260179589856,344.37083987818284,171.83851272206255,1.5469920844327176
NDARRE588NRM,R11,ThePresent,available,601,500.0,59.98953019748626,130,0,42,E8,E25,E21,E17,False,False,False,False,172,234,0.006185817731137184,1025.4623649499747,256.97727814830716,-0.0033237838681239944,0.7300430486208803,6000,0.894709918572556,1008,-0.003633953118065673,5.29815985508205,0.040632312885770495,-30584.0,0.05460711035338496,0.02734955055135434,-29944.0,0.00011329565403066927,2,203.065993,4.6629367034256575e-11,4.6629367034256575e-11,0,2,0.9999999999999997,-0.003080000000007497,1343,68,48.76304104388861,223.19508599843093,303.0256332079122,10.270029784065525
NDARRF011FG0,R10,ThePresent,available,140,500.0,60.02352717962836,130,0,42,E8,E25,E21,E17,False,False,False,False,196,237,0.0006362410181145943,46.432254854405656,170.44266497210776,-0.0005111585750952973,0.7962164553043707,6000,0.9369617344520144,668,0.00026034053574628817,2.071846078235096,0.001161519232789691,4641.0,0.002855316681599556,0.0008241888971316926,4163.0,3.714343878757768e-05,2,203.06600600000002,2.0650148258027912e-11,2.0650148258027912e-11,0,2,1.0,0.002524000000012987,1296,32,26.469031443754776,279.827113793622,183.7857955249196,1.8117901234567901
NDARRF180JBU,R4,ThePresent,available,678,500.0,118.6266457356562,130,0,34,E8,E25,E21,E17,False,False,False,False,0,227,0.0009303491502567496,-646.340620506836,275.16058482223025,-0.0005823218591553552,0.9602042537761972,6000,0.9659038567467226,1078,-0.00021639048510254262,1.621888904965131,0.0004098012505185705,-652.0,0.0013778711020705407,0.00026559978770448637,-38681.0,0.0012701092439903444,2,203.069996,6.52811138479592e-11,6.52811138479592e-11,2,2,0.9999999999999998,-0.0003319999998963384,1662,161,21.446989929299804,211.75755972203237,201.8748366469796,3.6966004813477737
NDARRF525ME3,R8,ThePresent,available,194,500.0,59.99001605723467,130,0,42,E8,E25,E21,E17,False,False,False,False,199,227,5.2861643372190605e-06,-1953.153784503079,1109.9225399097986,-6.865904723311509e-06,0.9883470112466537,6000,0.9736780323808167,3223,-7.221831480581257e-06,1.2533986452333918,4.370791079785901e-06,-6888.0,8.62308168232835e-06,4.205309335383354e-06,-6753.0,7.411287076000979e-09,2,203.286003,1.0547118733938987e-10,1.0547118733938987e-10,0,2,0.9999999999999996,-0.006619000000068181,1269,20,30.302033591202136,283.43972485837884,407.3590454156662,1.5302127659574467
NDARRF676GBD,R10,ThePresent,available,91,500.0,60.023155873220496,130,0,42,E8,E25,E21,E17,False,False,False,False,112,233,0.0030572109301527737,55.24116549514901,215.82284203732183,-0.00323148283005309,0.9435851846920221,6000,0.9877551254600989,846,0.00021572270117512152,0.43653860462246885,0.0004996891935045467,31.0,0.002989786805449069,0.0002164621457233951,4388.0,0.0019097828983626252,2,203.066003,3.6415315207705135e-11,3.6415315207705135e-11,0,2,1.0000000000000002,-0.004657000000016016,1568,21,32.237509936461166,223.21589786004168,140.43268928199353,2.202302295918367
NDARRG536CVP,R7,ThePresent,available,1631,500.0,109.86036815023148,130,0,34,E8,E25,E21,E17,False,False,False,False,0,231,0.0010884438145616626,-243.4228347416564,328.518061979102,-0.0005670149492360359,0.798608060774724,6000,0.9301004761559124,1288,0.0005243595792620755,3.4176979443860525,0.002902331131319859,4429.0,0.005080507119809743,0.0019806937964374828,4802.0,1.942079605258282e-05,2,203.069996,1.84297022087776e-11,1.84297022087776e-11,2,2,0.9999999999999999,0.0007330000000371937,1669,157,40.78224847424438,162.49155798970443,526.888001952214,5.460964649490713
NDARRG583CP3,R11,ThePresent,available,19,500.0,60.02350029420401,130,0,42,E8,E25,E21,E17,False,False,False,False,164,224,2.184121766286105e-06,-520.3257852712564,537.1425101462852,3.5001734132771085e-06,0.8335491191305073,6000,0.9992035300500802,2106,5.135603761821071e-06,2.4798549544065027,6.6225588073794565e-06,-13991.0,3.595990386145932e-06,6.564688491101606e-06,-13940.0,9.627859972632928e-09,2,203.066005,6.272760089132134e-11,6.272760089132134e-11,0,2,1.0000000000000002,0.0032420000000400453,1014,4,24.711040566070007,376.4446644944354,108.2891853178709,1.397475345167653
NDARRH199NCH,R8,ThePresent,available,2496,500.0,59.94622537299608,130,0,42,E8,E25,E21,E17,False,False,False,False,199,244,-1.0,-1.0,-1.0,-1.0,-1.0,-1,-1.0,-1,0.1837031816336181,3.0510743032445835,0.42602998754826116,29765.0,0.21139939799642182,0.4214314639604996,30595.0,0.013885941492402076,2,203.073997,2.2426505097428162e-11,2.2426505097428162e-11,2,2,1.0,-0.00012700000001635494,607,261,90.45684438916247,148.73688138043565,693.2170279846503,18.889093904448107
NDARRH285LR3,R5,ThePresent,available,125,500.0,60.02346358701023,130,0,42,E8,E25,E21,E17,False,False,False,False,285,0,0.3108572353904344,-1877.9335510688759,688.0347039401446,0.24301921681627875,0.9247254123493144,6000,0.9878530508493689,2471,0.2420672273878931,5.2334834953856495,0.9586309679586273,47625.0,0.776781947307623,0.6352882164097575,-1717.0,0.9636514872084981,2,203.066005,8.08242361927114e-11,8.08242361927114e-11,0,2,1.0,0.002927999999923571,1016,20,21.794830668399726,370.0203932377954,153.2752105077624,1.017007874015748
NDARRH407MEY,R1,ThePresent,available,2034,500.0,114.1312731052779,130,0,34,E8,E25,E21,E17,False,False,False,False,0,241,0.0010045662538978688,2466.92487276371,757.6320808045089,1.5959683955661547e-05,0.6925678598069086,6000,0.9249086778986243,2018,0.0005752089790031698,2.9801251289503683,0.0020189632066173794,-22958.0,0.003464525818423887,0.0018059599826354775,-17203.0,0.0027973077137960854,2,203.07000399999998,9.370282327836321e-11,9.370282327836321e-11,0,2,1.0000000000000002,0.0026050000000728754,155,227,170.0523501050389,91.2574268897645,505.7637585173781,29.066516129032262
NDARRJ130PV7,R7,ThePresent,available,155,500.0,119.8761627956463,130,0,32,E8,E25,E21,E17,False,False,False,False,0,234,0.0007969615612765893,135.34513489938013,294.54204176639655,0.00011663119813632522,0.6932178855624299,6000,0.9848269181904217,1154,0.001021489144894275,2.7921503036126465,0.001276978914137643,-34403.0,0.0023407356081663307,0.001274483411298193,-34456.0,7.112457932971581e-06,2,203.06800399999997,4.929390229335695e-11,4.929390229335695e-11,2,2,0.9999999999999999,-0.0006429999999278691,5,93,15.060088327874624,222.72858701166976,324.6868612875324,8.024
NDARRJ800YGA,R11,ThePresent,available,1237,500.0,59.99489867157826,130,0,42,E8,E25,E21,E17,False,False,False,False,340,225,0.015360360891112439,495.0587352100868,298.21771201403334,-0.023906831766364087,0.9732210049908411,6000,0.9983034245218565,1169,-0.020695363508772026,2.4258608670373114,0.04834511230140031,-4994.0,0.10566624730073707,0.04202607303862988,-5764.0,0.007290812091350234,2,203.065999,3.164135620181696e-11,3.164135620181696e-11,2,2,0.9999999999999999,-0.0014550000000347102,1736,64,50.05718832187981,151.35093779090528,741.9399839983845,4.397741935483871
NDARRK038CBD,R4,ThePresent,available,168,500.0,60.023269298796635,130,0,42,E8,E25,E21,E17,False,False,False,False,124,226,0.002348529001929138,30.588271142035246,171.3400661964664,-0.00035286919165093586,0.789976042067788,6000,0.9971085624093395,672,0.002123404627401156,3.206007217902565,0.003126060208133359,50636.0,0.0004893420867617998,0.0031155764083390636,50727.0,5.883071094235463e-07,2,203.074004,1.1368683772161603e-10,1.1368683772161603e-10,0,2,1.0000000000000002,0.00315500000008512,1374,44,29.40446844174083,258.28992210661465,153.73984799118327,1.8624963609898109
NDARRK096TF0,R10,ThePresent,available,752,500.0,30.00315602939708,130,0,42,E8,E25,E21,E17,False,False,False,False,136,228,0.007743698249502905,-2592.707917248487,1172.6654020802396,0.005079043829420858,0.8303439314731568,6000,0.9872463249451003,2706,0.011117511869198205,2.544173044576836,0.01660801107594971,-46075.0,0.006277070034531951,0.016290401583674327,-46361.0,1.2705914442776717e-05,2,203.06599500000002,4.3298697960381105e-12,4.3298697960381105e-12,0,0,0.9999999999999999,-0.011330999999991062,1175,137,49.612864224189934,237.56662845012656,375.63575520575097,2.2490893617021275
NDARRK135YAZ,R7,ThePresent,available,65,500.0,119.82802456938087,130,0,34,E8,E25,E21,E17,False,False,False,False,0,243,0.003567855987963357,-1142.7654609071283,414.23379800510526,0.0008353882897677536,0.7799317480082405,6000,0.9937498441581433,1624,0.002293127965901022,2.7997341447699577,0.004774238316470896,-1091.0,0.00923666852787948,0.0034922018110553382,50584.0,0.004170040027294367,2,203.07000499999998,8.526512829121202e-11,8.526512829121202e-11,2,2,1.0000000000000002,1.9999999885436454e-05,1674,20,14.3313444310977,232.2359949700899,164.74051595593673,0.9870788530465949
NDARRK146XCZ,R11,ThePresent,available,93,500.0,30.003225456095443,130,0,42,E8,E25,E21,E17,False,False,False,False,44,237,0.005603632620395599,138.15599528605404,563.7187398596727,-0.0013458850149369193,0.8221621084601395,6000,0.9701306332001088,2210,0.005233097859282604,5.312450621044054,0.018145556878742718,40369.0,0.02470782380022043,0.01623714990063257,39624.0,0.004152394437472336,2,203.07400700000002,2.2870594307278225e-11,2.2870594307278225e-11,0,2,1.0,-0.003686999999982776,1115,67,50.78775524838854,287.71825385594303,223.8584023827364,2.516439461883408
NDARRK163VY8,R7,ThePresent,available,785,500.0,115.06486047203792,130,0,34,E8,E25,E21,E17,False,False,False,False,0,230,0.01753477321212897,-1735.6166858053148,1553.6036001135699,-0.0029886691287200713,0.7153998888907843,6000,0.8850068439056408,4310,-0.003055168133079942,2.442139203944202,0.06689759436764246,-44148.0,0.10325773796310037,0.060725720405930356,29945.0,0.12135161297995117,2,203.067996,4.04121180963557e-11,4.04121180963557e-11,2,2,0.9999999999999999,-0.0004619999999468517,1237,41,14.436685391518175,297.6112838282594,873.4466286409863,1.3339450282942604
NDARRK528GFZ,R11,ThePresent,available,114,500.0,60.02330723062843,130,0,42,E8,E25,E21,E17,False,False,False,False,207,228,0.0019306050279449252,-23.59450648590607,297.0656717993595,-5.725640823695718e-05,0.9062074954217791,6000,0.974128692736982,1164,0.0024303135631619723,8.927077781331642,0.002618673596307923,30.0,0.0031624692561193594,0.0008522360949040021,28108.0,0.00155582643964746,2,203.066004,4.5075054799781356e-11,4.5075054799781356e-11,2,2,0.9999999999999996,-0.0013130000000042702,1812,21,45.57807728174589,174.01857753202478,200.72017616990797,8.658068432671081
NDARRK617NRL,R10,ThePresent,available,356,500.0,30.003151520955374,130,0,42,E8,E25,E21,E17,False,False,False,False,298,250,0.008026169089110502,38.71862472569172,233.08702310623806,-0.001785470411935804,0.9343322042405998,6000,0.9918689563584794,914,0.006982616952460383,5.979087042390727,0.007538532854917074,33.0,0.009418985876726826,0.0024475416476183046,7519.0,0.004026983843774904,2,203.068,2.9753977059954195e-11,2.9753977059954195e-11,0,0,1.0000000000000002,-0.015314000000003,1034,46,48.73880460318484,320.04877337766254,415.9127874657483,1.9438588007736943
NDARRK788DV7,R10,ThePresent,available,728,500.0,30.003244148979334,130,0,42,E8,E25,E21,E17,False,False,False,False,94,230,0.0051894645690179165,-838.4641924686051,1398.299437258306,-0.0018920564044754913,0.7351461476700805,6000,0.7552549352212049,4903,0.0030891798689893107,2.336270603158264,0.004934349004286899,-14868.0,0.011811403763273911,0.004894726810378968,-15023.0,9.668208525224e-06,2,203.065997,5.007105841059456e-11,5.007105841059456e-11,0,2,1.0,-0.0023229999999566627,875,199,62.8920280476815,221.57626244498493,572.1592818024619,8.01649142857143
NDARRL030XD8,R8,ThePresent,available,67,500.0,60.02354940496205,130,0,42,E8,E25,E21,E17,False,False,False,False,388,241,0.0079677322210226,63.95821674842197,280.1923193931979,-0.0015760941082796115,0.6301245497314993,6000,0.962994904051391,1099,0.008476095513257962,4.0527050864443845,0.014235950383091587,17683.0,0.022918602824872805,0.010953188059674102,4084.0,0.0166318098116391,2,203.285994,3.941291737419306e-11,3.941291737419306e-11,0,2,0.9999999999999997,-0.004686999999949353,1610,22,38.733223204196655,204.06235184913396,469.52454771728856,2.456310559006211
NDARRL315KV3,R4,ThePresent,available,563,500.0,119.37504387125281,130,0,34,E8,E25,E21,E17,False,False,False,False,0,231,0.0005228692103615405,2042.9378687501317,293.27798067739485,-4.140141166573674e-05,0.5724906091655156,6000,0.9545515025247765,1149,-0.00044302630994313025,2.943837711571054,0.0006098355406439602,-26503.0,0.0012417895790774673,0.0005990685854752786,2031.0,0.001268039335250316,2,203.067996,2.4646951146678475e-11,2.4646951146678475e-11,2,2,0.9999999999999998,0.001485000000021338,1860,93,19.777908327277316,192.98939565047576,204.4150296920863,2.5804032258064513
NDARRL379BET,R9,ThePresent,available,503,500.0,60.02355178258342,130,0,42,E8,E25,E21,E17,False,False,False,False,206,222,0.020092104993564137,63.33154688088585,373.3405644108266,-0.0025843394910953187,0.8943888396207951,6000,0.9894683315080584,1464,0.020932670459388136,9.663574244465341,0.021820872445911285,28.0,0.025266290895359953,0.005198324010430205,6480.0,0.00801416032332245,2,203.276006,3.885780586188048e-11,3.885780586188048e-11,0,2,1.0000000000000002,0.002627000000020548,1188,211,45.07417278448212,197.98252314970566,200.7991337390558,10.931515151515152
NDARRL467BA1,R11,ThePresent,available,131,500.0,60.02344313112603,130,0,42,E8,E25,E21,E17,False,False,False,False,152,249,0.13104870353169787,3230.2997808985124,646.407044408437,0.0934299291471716,0.840758736559357,6000,0.9971172954747587,1036,0.10177953413490769,2.245228161818331,0.3318266656781761,21533.0,0.40164355507331007,0.3175256846273871,44337.0,0.33959997456573926,2,203.066001,1.0635936575909e-10,1.0635936575909e-10,0,2,1.0000000000000007,0.005563000000041235,1144,27,28.006856294224015,321.0244438528546,159.81851473265638,2.197141608391608
NDARRM073JKA,R5,ThePresent,available,891,500.0,60.01379080087268,130,0,42,E8,E25,E21,E17,False,False,False,False,257,219,0.007304134039851076,795.6025179008246,970.9143675469185,0.00023571682219701134,0.9619836572347612,6000,0.9865343677944732,3806,0.0057185578663069125,3.7929825872086895,0.009096187879761767,34873.0,0.013489403985842648,0.009086657130179953,34943.0,2.8001353667012063e-07,2,203.06400499999998,1.7763568394002505e-11,1.7763568394002505e-11,0,0,1.0,0.00822099999999284,1600,200,57.6136234525776,148.73835488198083,136.44590782287082,11.672925
NDARRM122UPB,R5,ThePresent,available,197,500.0,119.06537423944994,130,0,34,E8,E25,E21,E17,False,False,False,False,0,236,0.0007091936436783335,750.2441501296375,369.57457970862265,-0.00020211362731407394,0.5814664403301231,6000,0.8292721840383468,1449,-0.00024436193072706276,4.516602304832868,0.001829543673284468,5926.0,0.0027875763819321274,0.001497505022706209,-3875.0,0.002512951866042095,2,203.07,5.995204332975845e-12,5.995204332975845e-12,2,2,0.9999999999999999,0.0008920000000127754,1188,23,16.766865872071413,317.82306056741936,619.3527234152067,1.665942760942761
NDARRM586XYL,R3,ThePresent,available,299,500.0,119.71932426688483,130,0,34,E8,E25,E21,E17,False,False,False,False,0,245,0.0010790475980076487,85.56889189388625,148.1261711975839,4.761293648479136e-05,0.631311473392449,6000,0.9977726287063086,580,0.0010055576863103699,3.3764229202349525,0.0010915680595489782,42.0,0.0014306022019405108,0.0008673087373109149,3397.0,0.0010354069180018729,2,203.069999,1.4210854715202004e-11,1.4210854715202004e-11,2,2,1.0000000000000002,5.7999999970518646e-05,1523,49,28.66121908692999,248.82291864708137,147.0409881061486,3.257971109652002
NDARRN626DC4,R10,ThePresent,available,382,500.0,60.018684152619876,130,0,42,E8,E25,E21,E17,False,False,False,False,215,243,0.0073118601506253255,26.69269460679099,424.09367368058554,0.000951270470654971,0.9507825696921233,6000,0.9913900508572503,1662,0.010145631122872515,9.092136750071612,0.010544843334997197,26.0,0.0107338830924791,0.006384469830824351,-13115.0,0.005408280085985588,2,203.067992,5.46229728115577e-11,5.46229728115577e-11,0,2,0.9999999999999997,-0.0023180000000233426,1163,48,26.645584461030396,310.81303012612796,266.5597931763651,2.096233877901977
NDARRN880XA0,R10,ThePresent,available,44,500.0,30.003229496246593,130,0,42,E8,E25,E21,E17,False,False,False,False,108,246,0.0030979517179554957,105.5536972416199,302.4270623577388,-0.000620428027921994,0.8336612137953578,6000,0.9725515877646606,1186,0.003006037537965862,6.523980608937121,0.009146804384502724,26974.0,0.011567451586624984,0.003299302609662689,33.0,0.005475569452389399,2,203.06599200000002,3.5860203695392556e-11,3.5860203695392556e-11,0,0,1.0,-0.011457000000043075,1167,17,50.63817584796439,283.0727718864309,858.7777905800463,2.211216795201371
NDARRP008LJ6,R7,ThePresent,available,157,500.0,60.02330523697026,130,0,42,E8,E25,E21,E17,False,False,False,False,155,231,0.029253222297744172,-213.04245447248533,1105.538751774276,0.004086619534659936,0.8983529200307846,6000,0.9616696322246966,4333,0.03161429030526729,3.329285067403768,0.034298437531231706,-394.0,0.053696997332632806,0.034152712850460704,-352.0,1.6554038600825882e-05,2,203.06599899999998,8.981704269217516e-11,8.981704269217516e-11,0,2,1.0000000000000002,-0.002407999999934305,1784,17,51.5417333886084,168.99361369399918,423.39334518329406,4.291810538116591
NDARRP163YRC,R2,ThePresent,available,50,500.0,119.8181977816781,130,0,34,E8,E25,E21,E17,False,False,False,False,0,243,0.0027027948624067633,0.8873459124378541,197.51794871185294,6.223521263736112e-05,0.9563956998148977,6000,0.9969126880204308,775,0.0031518002291287994,13.805173785628448,0.003152992993229524,-2.0,0.0033216726736979437,0.0007917181806461122,-11604.0,0.0008877418127419545,2,203.066002,1.9095836023552692e-11,1.9095836023552692e-11,0,2,0.9999999999999999,0.0025429999999903447,1211,13,15.529106938215131,325.1634526741045,111.65030706163128,1.2805367464905038
NDARRP384BVX,R4,ThePresent,available,327,500.0,119.67341897699242,130,0,34,E8,E25,E21,E17,False,False,False,False,0,236,0.002854671000122765,-3.226232107268505,287.4043743672773,-0.0010696831318904485,0.8562186846287694,6000,0.9695675144852212,1127,0.002217654783640013,2.8814473346438367,0.0022537512895058134,43.0,0.004074561543230772,0.0011768167831421165,-27050.0,0.003646275001388357,2,203.070006,4.4853010194856324e-11,4.4853010194856324e-11,2,2,0.9999999999999996,-0.0006070000000029091,1427,90,91.28009288873447,99.90010651713564,286.11507521035065,13.54707778556412
NDARRP614EBU,R7,ThePresent,available,254,500.0,119.63725796239366,130,0,34,E8,E25,E21,E17,False,False,False,False,0,238,0.03354171544757698,2637.960739472238,303.20319302355244,0.012626022146007117,0.6815473390575566,6000,0.9839164949676822,956,-0.004459024385931533,2.8167336610995033,0.20502140678341896,-36282.0,0.301908897292148,0.18668950223706865,-47191.0,0.20017626026078966,2,203.06599599999998,7.038813976123492e-11,7.038813976123492e-11,2,2,1.0000000000000004,-0.0007789999999739705,1207,40,14.628235811038392,319.97734538834106,142.01340820146982,1.7963463131731563
NDARRP801AX1,R7,ThePresent,available,193,500.0,60.02331585870488,130,0,42,E8,E25,E21,E17,False,False,False,False,183,228,1.0040165311888862e-06,-1645.7025098512354,511.2780192394315,5.766639026833929e-08,0.7631703972530924,6000,0.9705394893199385,2004,-4.5784596531863046e-07,2.343152645257408,1.3786415847265936e-06,-33387.0,2.0936541239143455e-06,1.3280846118884904e-06,-33495.0,1.1168853344865846e-08,2,203.064,1.2601031329495527e-10,1.2601031329495527e-10,0,2,1.0000000000000002,0.004744000000109461,1156,32,25.12461595022245,317.3143053478135,232.23844265668083,1.3813927335640137
NDARRR464UTB,R9,ThePresent,available,327,500.0,30.003267139937236,130,0,42,E8,E25,E21,E17,False,False,False,False,103,242,0.01538322977274165,-46.95175430390679,557.7422133977715,-0.0013546533679306618,0.8511333726039759,6000,0.921174818678495,2187,0.01964546596870314,5.555519716267878,0.022837860943855638,-5662.0,0.02967781069066986,0.02066026584145627,35.0,0.02805732633734302,2,203.276001,4.196643033083092e-11,4.196643033083092e-11,0,0,0.9999999999999999,-0.013384000000026935,1221,144,47.99082810133019,243.1308891210268,198.5952828586031,1.7826863226863225
NDARRR570MC0,R10,ThePresent,available,137,500.0,60.02338029243755,130,0,42,E8,E25,E21,E17,False,False,False,False,187,227,0.0028370556272538884,53.79686304789913,142.41172650594558,-0.00040197254922480605,0.6965748567371379,6000,0.9960436261671372,558,0.0023621303829717867,2.0251743380533607,0.0026776747748418215,33.0,0.005972615610696926,0.0022800701723087583,10711.0,0.002702082670526988,2,203.065999,1.616484723854228e-10,1.616484723854228e-10,0,2,1.0000000000000002,-0.00503799999987577,1084,29,25.59096085748157,342.3594448802256,160.86100245039066,2.0355258302583024
NDARRR595LRJ,R8,ThePresent,available,111,500.0,60.023383360877055,130,0,42,E8,E25,E21,E17,False,False,False,False,237,232,0.0024851082708780914,45.73652255900398,270.15170316263624,-0.0006550510032193878,0.9576056011835187,6000,0.989850997476894,1059,0.0021628017598313036,9.173809817185926,0.0022968379807923474,26.0,0.0031842056972195545,0.0003097988736316112,19517.0,0.0011780168570544348,2,203.073999,1.6286971771251046e-10,1.6286971771251046e-10,0,2,1.0000000000000007,0.00677100000009769,1093,23,24.63232332409087,342.96237527164834,162.2459613948358,1.535205855443733
NDARRT854TMV,R10,ThePresent,available,9449,500.0,60.023447459321815,130,0,42,E8,E25,E21,E17,False,False,False,False,675,247,0.0009567099722703314,238.18520146918237,622.8853450965603,0.00035170053746929497,0.972643643181328,6000,0.9860982277065506,2442,0.0015972946891436065,4.155385223846114,0.0016970644854829575,35.0,0.00140934835282626,0.0012352393288945275,748.0,0.0002817277304825363,2,203.065998,2.0650148258027912e-11,2.0650148258027912e-11,0,2,0.9999999999999999,-0.0037590000000124126,408,9,94.45230139997666,115.6507856422369,35034.10249635392,11.491568627450981
NDARRU290EZV,R5,ThePresent,available,671,500.0,59.98947511387111,130,0,42,E8,E25,E21,E17,False,False,False,False,171,238,0.0019581593567865236,79.7232614886734,268.07890911481644,-0.0009129415686469963,0.9278232087586792,6000,0.9687126515437091,1051,0.0012252485696846469,3.1237330467761475,0.0014208374595178627,43.0,0.0023631028909759473,0.00047267746838336596,8721.0,0.0018601528940438033,2,203.066001,1.965094753586527e-11,1.965094753586527e-11,0,2,0.9999999999999999,-0.006325000000010695,1093,257,55.08669815119144,156.85286334503948,470.1257178781129,7.989130832570905
NDARRU399NYG,R5,ThePresent,available,140,500.0,60.02343690685834,130,0,42,E8,E25,E21,E17,False,False,False,False,277,231,0.0010155459666429964,28.241710736525487,154.67526982380875,-0.0005734866765255514,0.9659914061520876,6000,0.9759213462310194,606,0.0005207998184824336,2.1111370457884147,0.0006005170560330613,26.0,0.0015518988354456375,0.0003358711377514857,31197.0,0.0011606473049003026,2,203.072,9.692247004977617e-11,9.692247004977617e-11,2,2,1.0000000000000004,0.0018580000000512384,1170,25,24.09362638960669,317.97862810962414,172.59767808733514,1.4027350427350427
NDARRU560UUG,R11,ThePresent,available,816,500.0,60.01856833860901,130,0,42,E8,E25,E21,E17,False,False,False,False,103,244,0.0019678977952704677,19.54326900634728,161.67380048543362,-0.0003206181604956124,0.8694858590095796,6000,0.9838909167847242,634,0.0019249185510619789,6.7682638695980835,0.0019694437144844312,21.0,0.0029285002838279183,0.0007989921001168463,15436.0,0.0015332439681351713,2,203.076,3.241851231905457e-11,3.241851231905457e-11,0,2,1.0000000000000002,0.0033610000000079718,216,153,239.1948099822381,110.42622021985088,210.81998827920833,42.87046296296297
NDARRU729XRU,R5,ThePresent,available,840,500.0,60.023388208317854,130,0,42,E8,E25,E21,E17,False,False,False,False,312,245,0.001987577159730423,-29.227082429171276,216.96579132032858,0.0012874531691753034,0.7835398296131556,6000,0.9951181947787626,851,0.0036104871313758125,4.317452163664349,0.0037429083903220608,26.0,0.003191754220869058,0.0023790945537594966,-19613.0,0.0015070988699909492,2,203.07399999999998,3.197442310920451e-11,3.197442310920451e-11,0,2,0.9999999999999998,0.007746000000007992,1273,181,36.09647923455086,239.12525138768345,215.02267117756966,4.324076983503534
NDARRU820CXW,R8,ThePresent,available,583,500.0,60.01870418332717,130,0,42,E8,E25,E21,E17,False,False,False,False,232,232,0.019438650898184057,-28.108775292337445,282.7177338325057,0.00038267467493340105,0.8884872007880215,6000,0.978728486287276,1109,0.02502362159889746,8.11630988442056,0.026266537611161597,26.0,0.029037906296567093,0.007538791352791947,-40365.0,0.006589704382980857,2,203.27600199999998,5.5289106626332796e-11,5.5289106626332796e-11,0,2,1.0000000000000002,0.004739000000025052,1161,59,34.84204359471381,264.79302382093806,459.43099975889425,3.7693023255813953
NDARRU865YHE,R11,ThePresent,available,632,500.0,60.0234331483011,130,0,42,E8,E25,E21,E17,False,False,False,False,336,224,0.0051857830980240605,32.58185625037425,255.30569254727405,-0.0005035586304764376,0.9396246244443491,6000,0.9959922696594223,1000,0.004972099908674861,7.153772388890543,0.005259896251762843,30.0,0.007065599691813506,0.0014123624473585045,-19819.0,0.002848430536118282,2,203.06599500000002,1.1191048088221578e-10,1.1191048088221578e-10,0,2,1.0,0.006392999999889977,1837,152,54.23672027311981,145.36166994984922,157.06915492927408,5.925541643984757
NDARRU979UBW,R5,ThePresent,available,426,500.0,119.49515845080181,130,0,34,E8,E25,E21,E17,False,False,False,False,0,250,0.006914579623058376,86.27418985374825,353.5480155487223,-0.00042748993938768697,0.9466430461784996,6000,0.9881333441450597,1386,0.007093483994766521,14.153494455995709,0.007866308680128171,84.0,0.008668919106674203,0.0017524770371355667,14438.0,0.002379642690703427,2,203.07000399999998,4.3076653355456074e-11,4.3076653355456074e-11,2,2,0.9999999999999996,0.0009000000000319146,1746,49,31.559538261019988,199.20729970303447,222.90088024510186,2.549581901489118
NDARRV002MA8,R8,ThePresent,available,65,500.0,60.013782601533464,130,0,42,E8,E25,E21,E17,False,False,False,False,229,234,0.22596097284573044,825.8292167416206,350.65346345696736,-0.0415149658460135,0.767923777888348,6000,0.9949005760049082,1375,-0.03184593714803373,6.745897154864031,0.6109630770558151,9525.0,0.7915548437083262,0.4001491645885543,12558.0,0.41695383222067783,2,203.06399499999998,1.1013412404281553e-10,1.1013412404281553e-10,2,2,1.0,-0.0007580000001066991,866,9,22.488899467088512,440.18717219311685,447.97045121410486,0.9545150115473441
NDARRV097NU1,R7,ThePresent,available,551,500.0,119.54026945468111,130,0,34,E8,E25,E21,E17,False,False,False,False,0,244,0.0014195784271286657,-58.50560780658096,664.1992062006151,-0.0009616279929704797,0.9209883553494022,6000,0.7228302442608688,2604,0.0006840565593124496,2.1275286272778313,0.0015774658426274,14206.0,0.0030020594219376043,0.0015736074236461547,14307.0,6.38838442473073e-06,2,203.063997,2.9753977059954195e-11,2.9753977059954195e-11,2,2,1.0000000000000002,-0.0009570000000033532,1467,96,23.31657964136421,252.80426781746456,106.18566067562129,2.8172392638036805
NDARRV505ND6,R5,ThePresent,available,1736,500.0,113.81188646824359,130,0,34,E8,E25,E21,E17,False,False,False,False,0,232,0.0005958319566253863,1370.6957281220123,502.0112283055083,-0.0003335551582975147,0.7172703228955825,6000,0.8514750179460883,1968,0.00026856451841747957,2.681796125392142,0.0007220531838290868,7483.0,0.0014608206601319893,0.0007210833988878906,5931.0,0.00025903542951213887,2,203.069999,3.68594044175552e-11,3.68594044175552e-11,0,2,1.0000000000000002,0.002977000000015306,939,106,18.011291319189578,349.4372738891849,738.8135592120916,2.5126730564430244
NDARRV843HGK,R11,ThePresent,available,83,500.0,60.023378841439026,130,0,42,E8,E25,E21,E17,False,False,False,False,329,225,0.007015019029309635,1792.4060457255334,563.6140151469527,-0.00031393778517841076,0.8108582648147691,6000,0.9901313732646079,2210,0.004168644684565692,2.8429261361820757,0.011564907563326333,-45736.0,0.016416418414281674,0.01060020954916539,21444.0,0.0217165754129319,2,203.06600600000002,2.5202062658991053e-11,2.5202062658991053e-11,0,2,0.9999999999999999,-0.0035290000000216984,2046,20,57.05856285238037,139.13632129957847,155.78139520496427,3.7441495601173025
NDARRV941EAC,R4,ThePresent,available,7292,500.0,58.57572940813876,130,0,42,E8,E25,E21,E17,False,False,False,False,223,237,1.7606983156232876e-06,-199.8749889319098,872.8968772407893,2.6697168142047074e-06,0.988468588200991,6000,0.9973774620264374,3422,4.481930748607037e-06,4.406532031767291,4.799667126149672e-06,-5381.0,5.585587591266018e-06,4.748706339614729e-06,-5450.0,2.2315254943051166e-08,2,203.062001,5.573319583618286e-11,5.573319583618286e-11,0,2,0.9999999999999997,-0.007270000000025826,263,173,123.40213951096753,119.23604933276708,1653.3533794130356,20.793688212927755
NDARRW141HUT,R7,ThePresent,available,266,500.0,60.01862200974492,130,0,42,E8,E25,E21,E17,False,False,False,False,168,235,0.0029759059706795086,31.862007731761903,219.22699377182084,-0.00010094506620309279,0.6658735765776914,6000,0.9913155176849394,859,0.003374972820255277,4.177388370948926,0.0035792793502432184,24.0,0.004868219225727833,0.002282355461458849,-38476.0,0.0034402790932067133,2,203.06999299999998,2.930988785010413e-11,2.930988785010413e-11,0,2,1.0,0.0033189999999698057,905,35,26.068896423156637,399.2360313209928,397.4688400259201,1.8152486187845307
NDARRW356KV1,R11,ThePresent,available,143,500.0,60.018756414189966,130,0,42,E8,E25,E21,E17,False,False,False,False,489,236,0.0018075177587549643,2.06471265763934,233.1325884182158,0.00031677754074641696,0.6767474598945179,6000,0.9971138404062716,914,0.002274808307384067,4.705632227580456,0.002381779539633143,32.0,0.0029833364430958014,0.0012720089899223577,-19747.0,0.0014873112332406103,2,203.065993,9.658940314238862e-12,9.658940314238862e-12,0,2,1.0,-0.004927999999980823,1716,57,96.99328013793874,111.00195801009194,139.71432877366544,12.130157342657341
NDARRW481GFE,R9,ThePresent,available,88,500.0,30.003336280367332,130,0,42,E8,E25,E21,E17,False,False,False,False,85,227,0.03570939477722955,763.3084069326904,641.2431906261169,-0.0035910257182644157,0.813956545892678,6000,0.9490575611106582,2514,0.015499568791680697,1.9835914302040647,0.04749492505769136,20677.0,0.10354707244357979,0.047251906669201114,28984.0,0.11001891490727084,2,203.275997,1.1801670751765414e-10,1.1801670751765414e-10,0,0,0.9999999999999994,-0.008134000000064874,1139,40,49.54342358648211,293.42731373835966,179.1558258505313,1.4729850746268658
NDARRW536ZM2,R9,ThePresent,available,261,500.0,60.023604881994515,130,0,42,E8,E25,E21,E17,False,False,False,False,258,228,0.006983217968567299,12.74774016043713,310.23037963467436,-0.0006564901602441744,0.9620729117578292,6000,0.9835491119331442,1216,0.008117777962346463,17.87751757813167,0.008540824817245496,23.0,0.009788336082969234,0.0017941759449239382,14652.0,0.0030427560933012137,2,203.275996,6.517009154549669e-11,6.517009154549669e-11,2,2,1.0,-0.0011879999999264055,1446,37,30.59171212912806,244.79232520582414,205.79009970859624,1.4298893499308436
NDARRW680PHD,R4,ThePresent,available,221,500.0,60.02329997133534,130,0,42,E8,E25,E21,E17,False,False,False,False,135,247,-1.0,-1.0,-1.0,-1.0,-1.0,-1,-1.0,-1,-0.051133617880046354,4.144425418321258,0.44165371075937215,10600.0,0.7960983630125101,0.296683274650624,-36308.0,0.5561870792069019,2,203.074001,4.651834473179406e-11,4.651834473179406e-11,0,0,1.0000000000000002,-0.008684999999992529,933,53,23.338507930999455,398.6184747488254,138.3119406765209,1.5238370846730975
NDARRW951BYF,R5,ThePresent,available,278,500.0,118.75299990964729,130,0,34,E8,E25,E21,E17,False,False,False,False,0,236,0.001754599306066776,-113.01148158997286,324.8109498794538,-0.00015364817992803177,0.8925303522963262,6000,0.9982939617212847,1273,0.0016073855430827817,7.623575378132884,0.0016310686093456508,-23.0,0.0020527614478318126,0.0005974803376114728,-13154.0,0.0012638923818796663,2,203.07000100000002,5.1514348342607263e-11,5.1514348342607263e-11,2,2,1.0,-0.0004889999999535485,1186,75,17.92653089763085,315.56858486859596,312.0552236634768,2.3510370994940977
NDARRX084UML,R8,ThePresent,available,130,500.0,60.023539653851884,130,0,42,E8,E25,E21,E17,False,False,False,False,171,229,0.005686392645132256,-164.83698994198159,324.23164758663967,-0.0025461922806273227,0.635382752171464,6000,0.7793813249849009,1271,0.0041760687939786925,1.7826821605981344,0.005419806486838096,-24085.0,0.01575095766081122,0.005406802048509912,-24120.0,6.167828330858396e-07,2,203.275994,3.497202527569243e-11,3.497202527569243e-11,2,2,1.0,-0.00047200000004165394,1192,36,29.603587991433873,301.3663966789327,211.04051995137223,1.8425922818791944
NDARRX138MLG,R9,ThePresent,available,37,500.0,30.003249442248,130,0,42,E8,E25,E21,E17,False,False,False,False,71,210,0.020086085835966497,50.08557535059163,344.4983636040629,-0.0025192631164756302,0.8660585168349721,6000,0.9829540448453358,1351,0.022231838318681765,8.037256563203533,0.023094592264249644,24.0,0.026811653594355344,0.005737099240757593,13505.0,0.006727611541286677,2,203.285999,2.964295475749168e-11,2.964295475749168e-11,0,2,1.0000000000000002,0.007768000000002286,1211,24,51.773009355127996,274.05481579985985,127.77192752871538,2.5668951279933943
NDARRX443NVT,R3,ThePresent,available,388,500.0,119.87134640690131,130,0,34,E8,E25,E21,E17,False,False,False,False,0,228,0.0024034020032719992,-663.4298373581515,437.64965273221503,-0.0008979983985733869,0.8170527624816954,6000,0.9364264242114005,1716,0.0005842530680902609,2.633517756264227,0.004044547367649227,25181.0,0.004093323194649475,0.004041183728052307,25321.0,3.814850514114419e-06,2,203.069999,1.509903313490213e-11,1.509903313490213e-11,2,2,1.0,0.00038799999999804025,1051,60,17.287034815460846,368.6772657262031,206.17326916527836,2.0106184586108466
NDARRX552PP2,R8,ThePresent,available,217,500.0,60.009345822537455,130,0,42,E8,E25,E21,E17,False,False,False,False,522,231,0.011435936697438328,4136.1115977288655,1011.513530273629,-0.004818400681414876,0.9627907038049259,6000,0.9954902323422448,846,-0.004677436618555292,1.4230850214597457,0.006052777090333244,33069.0,0.010984011844604367,0.00496865549484268,33573.0,2.2866183444977817e-08,2,203.074001,5.484501741648273e-11,5.484501741648273e-11,0,2,1.0000000000000002,-0.0020579999999758933,1070,17,25.815711239711224,348.33518449733907,180.0842471333792,1.735177570093458
NDARRX897XV1,R5,ThePresent,available,971,500.0,119.46265585995809,130,0,34,E8,E25,E21,E17,False,False,False,False,0,240,0.0019654779221693467,283.2370409038103,535.546902277223,-0.00027733926413999,0.8519882989141363,6000,0.9426222077637958,2099,0.0015094634733546772,4.280827673500573,0.0018267551820300755,215.0,0.0033334446949354877,0.0012145692729409862,15734.0,0.0023724322189606567,2,203.06600500000002,2.4868995751603507e-11,2.4868995751603507e-11,0,2,1.0,0.003501000000021412,1128,131,17.42150566136308,339.3790725979182,158.40811836603555,2.515514184397163
NDARRX900GP4,R11,ThePresent,available,580,500.0,60.023525509993554,130,0,42,E8,E25,E21,E17,False,False,False,False,283,230,0.0012855673325816812,85.91290959655933,150.8476188496552,-0.00015961741039842382,0.6279641108452688,6000,0.9865686403681195,591,0.0010930749168070557,2.7193895461861173,0.002368331661908048,48204.0,0.0029842824104115086,0.0023021210727473818,47853.0,0.00012370109634220498,2,203.06600799999998,1.4765966227514582e-11,1.4765966227514582e-11,0,2,0.9999999999999999,-0.006699000000000989,1342,105,28.479790962752567,252.35074291169747,215.79906714397282,2.367272727272727
NDARRY097FUT,R4,ThePresent,available,88,500.0,60.02300959209561,130,0,42,E8,E25,E21,E17,False,False,False,False,132,240,0.002468774622973636,300.3720817087596,503.7865427318387,0.0024661397085187046,0.9136970638709414,6000,0.9991216442933618,1975,0.0049038872847789305,3.1019106992494256,0.005039061608234118,34.0,0.006035164441083488,0.004966276101340971,-14477.0,0.0045345635770733,2,203.066002,4.5075054799781356e-11,4.5075054799781356e-11,2,2,0.9999999999999996,0.001632000000063127,1278,19,25.891538115653304,287.9039748268861,139.42067160098748,1.5017996870109547
NDARRY214YDW,R10,ThePresent,available,32,500.0,30.00318545825117,130,0,42,E8,E25,E21,E17,False,False,False,False,405,232,0.007341746573740421,-1990.5548173744228,992.1989750085474,-0.0009407374343709542,0.8936833343483759,6000,0.9914910257674593,2955,0.0021052378543129583,2.721101622582311,0.007736512257036053,6863.0,0.00913742640027444,0.007279004242209543,-7293.0,0.012735564646476013,2,203.06599599999998,2.1538326677728037e-11,2.1538326677728037e-11,0,2,0.9999999999999999,0.0022250000000431525,989,11,48.362569844663795,359.7436318944415,254.5205144964484,1.8736703741152678
NDARRY215CXQ,R4,ThePresent,available,180,500.0,60.02301858873359,130,0,42,E8,E25,E21,E17,False,False,False,False,184,249,0.0007676527437036837,2852.6918060631697,705.584133109084,-4.6182745794424447e-07,0.7203544302095748,6000,0.9890336787374694,1530,0.0006262120265175423,3.6726751614745066,0.0013733386676819176,13216.0,0.0018383675788505968,0.0013725009216650837,13250.0,2.3029229299855077e-07,2,203.074002,2.9753977059954195e-11,2.9753977059954195e-11,2,2,1.0000000000000002,0.001633999999968614,2069,29,58.765623712592955,133.60602199989862,224.62896162457,4.303823102948284
NDARRY268AF2,R4,ThePresent,available,177,500.0,60.023087937174175,130,0,42,E8,E25,E21,E17,False,False,False,False,245,240,0.0018730392145233526,197.43424044425294,739.8324523373022,-0.000281237545240037,0.9434617997248758,6000,0.9579262561448578,2900,0.0016139505025663842,4.069050199456026,0.0016903085602008312,36.0,0.00227894189704041,0.0016547217521059357,345.0,3.7687772558400506e-05,2,203.066001,1.4432899320127035e-11,1.4432899320127035e-11,0,2,0.9999999999999999,-0.003214999999999278,1707,38,39.51902104706474,192.0846809650377,204.31391036219708,2.194885764499121
NDARRY538NE1,R5,ThePresent,available,98,500.0,60.02336753598825,130,0,42,E8,E25,E21,E17,False,False,False,False,142,250,0.0006292431607347388,253.93806714496617,376.35163079919386,9.538066842225363e-05,0.6149770077701979,6000,0.9073014317460928,1475,0.0009468657940711536,2.8628079587522595,0.0015719885102922775,-43825.0,0.002825167064318394,0.0015693105571773051,-43873.0,5.8750073281526455e-08,2,203.074004,3.141931159689193e-11,3.141931159689193e-11,0,0,1.0000000000000004,-0.008503000000034719,1611,21,33.51751233913406,214.96506989814972,176.11966733462975,3.043041589075109
NDARRY715CY4,R3,ThePresent,available,665,500.0,118.79832493638783,130,0,34,E8,E25,E21,E17,False,False,False,False,0,247,0.005486859714504026,2524.2982746225475,340.0112566177651,-0.001420473891458347,0.602043769350095,6000,0.9968069923452378,1142,0.0014847309750952245,2.332340030340688,0.011719493512896114,47380.0,0.02637399489632073,0.01152794900449036,47438.0,4.277844918413459e-06,2,203.070006,7.682743330406083e-11,7.682743330406083e-11,2,2,1.0000000000000002,0.00041499999990218177,1608,81,31.5303853087833,219.06227428212512,219.69751354799965,3.083874378109453
NDARRY768ZH3,R4,ThePresent,available,28,500.0,119.68331546051566,130,0,34,E8,E25,E21,E17,False,False,False,False,0,244,0.008700250367363799,-230.37010554035004,563.8539300897826,-0.0034614454263684684,0.24806719670729035,6000,0.6405206630518219,2210,0.008011352408704844,4.94257115216471,0.023327521293067057,-32767.0,0.023089870279464134,0.016959887165862417,-18695.0,0.02358975637035005,2,203.080005,8.615330671091215e-11,8.615330671091215e-11,2,2,1.0000000000000002,-0.0008699999999420808,1496,21,18.699734019025883,253.94758747712288,403.17562315223375,1.793409090909091
NDARRY785GLM,R4,ThePresent,available,92,500.0,60.023104552745245,130,0,42,E8,E25,E21,E17,False,False,False,False,187,240,0.006732085268066785,2439.482862499217,648.0035157091173,-0.003078368726718085,0.9098344650964199,6000,0.9747485037642561,1830,-0.005109407240630387,2.507586705879349,0.015318541890110155,18034.0,0.024271323191698065,0.013516238715015892,18521.0,6.06889781344655e-06,2,203.062006,1.4432899320127035e-11,1.4432899320127035e-11,0,2,0.9999999999999999,-0.007718999999999428,1160,27,24.67343910918032,316.67143122905117,138.22425803726546,1.2384741379310347
NDARRY792KY1,R9,ThePresent,available,173,500.0,30.00322336153468,130,0,42,E8,E25,E21,E17,False,False,False,False,95,218,0.0,-3000.0,266.6666666666667,0.0,,6000,,523,0.0,,,,,,,,2,203.276006,5.6288307348495437e-11,5.6288307348495437e-11,0,0,1.0,0.015662000000055725,1218,93,46.794886740227284,259.8528282582644,120.77733964842709,1.501231527093596
NDARRY807MXC,R7,ThePresent,available,690,500.0,119.78468644836941,130,0,34,E8,E25,E21,E17,False,False,False,False,0,246,0.0043132365637183106,421.25610024298567,228.22401113334809,0.002937301127756222,0.056946699414350724,6000,0.998203035975522,895,0.0043239602618868,3.1247948659447706,0.02505784178309435,13989.0,0.04070018313871913,0.023157843487828993,34892.0,0.04515031144290779,2,203.069995,5.995204332975845e-11,5.995204332975845e-11,0,2,0.9999999999999998,0.0021829999999666604,0,90,,,3464.0896705353425,
NDARRY885YL9,R8,ThePresent,available,1007,500.0,59.99953391415454,130,0,42,E8,E25,E21,E17,False,False,False,False,192,238,0.008632073482605994,194.95613456126864,409.10664537932286,-0.005063952883850933,0.9507407393753787,6000,0.9717492481221086,1603,0.00318824301319199,5.115932437250398,0.011958776763429674,22950.0,0.015256790331160359,0.010464264117638972,22485.0,0.00016339942225133963,2,203.286003,1.092459456231154e-10,1.092459456231154e-10,2,2,0.9999999999999997,0.001010999999923825,1334,142,33.383605138643446,237.35471793023197,276.1916617811341,2.3075637181409294
NDARRZ120VU2,R10,ThePresent,available,399,500.0,60.02336044298322,130,0,42,E8,E25,E21,E17,False,False,False,False,164,238,0.002652296128936455,24.867843809400263,205.73968989472885,-0.002026204423225276,0.9663193267703254,6000,0.9349791992661293,807,0.0011856263849250933,1.792491064694079,0.0014377641908880497,26.0,0.0035059430211108284,0.0002713492369754759,33866.0,0.0013389934371739812,2,203.066004,3.341771304121721e-11,3.341771304121721e-11,0,2,1.0000000000000002,-0.0027359999999902957,1670,69,68.9774570403217,144.8964947441637,185.6797001139436,13.700694610778443
NDARRZ356HET,R7,ThePresent,available,102,500.0,119.30861562743414,130,0,34,E8,E25,E21,E17,False,False,False,False,0,251,0.0023816278632244024,330.02629851407704,556.1031006873412,0.0019713802967994193,0.9317882395938597,6000,0.9900450828016132,2179,0.004487670416864532,3.6524073684484177,0.004590925229605158,76.0,0.002832398714531057,0.004059464262028853,786.0,0.0002261093414246411,2,203.070007,2.7977620220553945e-11,2.7977620220553945e-11,2,2,0.9999999999999996,0.0007860000000575577,1411,37,16.045250787301185,266.34779180597934,363.4218642180931,1.6992274982282067
NDARRZ606EDP,R6,ThePresent,available,150,500.0,60.02339374038724,130,0,42,E8,E25,E21,E17,False,False,False,False,154,225,0.0015165464077753297,2508.183662001105,544.4685053265422,-0.001151867369259045,0.8614180789330727,6000,0.9794778421103937,1558,-0.0018333133970548736,0.9131220292973198,0.0009062762877433915,4209.0,0.0012403943290129806,0.0009054175364641496,4398.0,3.220957583293749e-05,2,203.065998,5.3179682879545e-11,5.3179682879545e-11,0,2,1.0000000000000002,-0.007108999999979052,55,62,105.72019238343393,116.87004013176437,5517.782049877673,36.52163636363636
NDARRZ927VC3,R5,ThePresent,available,3415,500.0,59.8489599514841,130,0,42,E8,E25,E21,E17,False,False,False,False,138,230,0.001527572675276413,-94.43758265776785,377.3655639668045,0.0014125581824292342,0.8684737274133926,6000,0.9866390278056253,1480,0.0034999323987683685,2.707526387479705,0.003644578271572481,-13719.0,0.0030574967830940174,0.003617366310611147,-13895.0,4.916619786416408e-06,2,203.064004,2.930988785010413e-11,2.930988785010413e-11,0,2,1.0000000000000002,0.007611999999969502,939,189,56.73987050594222,202.4075604402551,670.1173075088341,10.628349307774227
NDARRZ940HX6,R8,ThePresent,available,392,500.0,60.023122829270164,130,0,42,E8,E25,E21,E17,False,False,False,False,213,219,0.01144386418095868,3213.841760127847,620.0414941655397,0.003299762398284805,0.6949635738025615,6000,0.9992858090342923,1001,0.011856512819017818,2.9612846252015332,0.018444036043291357,45123.0,0.027219584368955763,0.015551048037440538,12642.0,0.02130301160576111,2,203.062005,1.729727472365994e-10,1.729727472365994e-10,0,2,0.9999999999999997,0.006205999999853424,924,124,42.445032515789485,318.3669232208454,199.65631161394072,9.980995670995672
NDARRZ993EL4,R8,ThePresent,available,285,500.0,60.02362056279612,130,0,42,E8,E25,E21,E17,False,False,False,False,497,232,0.01088185834149442,561.5754509764377,539.4999283136859,-0.0021260945543888346,0.6192304254205522,6000,0.9295536386727866,2114,0.005141977059733674,3.8668420869719067,0.01476932872446856,9390.0,0.02118081582782037,0.01199023567493888,7040.0,0.022664297742361714,2,203.278002,4.463096558993129e-11,4.463096558993129e-11,0,2,1.0000000000000002,-0.007450000000060916,1234,61,30.39265280881371,279.60970893136914,270.12661950676534,1.765259319286872
NDARTA819MF0,R4,ThePresent,available,193,500.0,60.023302276595615,130,0,42,E8,E25,E21,E17,False,False,False,False,146,241,0.0019277386083504948,-26.37827443546745,287.8103345474522,5.960365526651631e-05,0.8841586495624139,6000,0.9840301561691502,1128,0.0023289783153500675,7.518478453751011,0.0024780570085656773,33.0,0.0025541307396909152,0.0008686219841551617,-21017.0,0.0009193211039875659,2,203.074,2.353672812205332e-11,2.353672812205332e-11,2,2,0.9999999999999997,0.00041000000001905316,906,48,23.55667523791205,407.4019148374297,172.8492592364532,1.4538852097130244
NDARTA920XFC,R9,ThePresent,available,296,500.0,30.00315069161087,130,0,42,E8,E25,E21,E17,False,False,False,False,99,223,0.02435948243032245,98.82763605693522,506.9523623455325,-0.011391616968661051,0.8948502580784543,6000,0.9838858301975628,1987,0.014998040553466777,6.071100529199534,0.0533461739716933,-8873.0,0.06021456845489917,0.024738416102060443,4668.0,0.0410031198049621,2,203.275993,1.092459456231154e-10,1.092459456231154e-10,0,0,1.0000000000000004,-0.013310999999924059,867,120,50.13090251007614,355.02346356698075,213.87261257269563,2.528131487889273
NDARTB003FDD,R9,ThePresent,available,3,500.0,30.003245963514605,130,0,42,E8,E25,E21,E17,False,False,False,False,80,210,0.0028024916215637977,-37.83362085956407,406.3455850601484,-0.0011252444375892496,0.9637802064618534,6000,0.9580265442255435,1593,0.0022607625204659493,3.9668484201145953,0.00232327990021964,18.0,0.003800509946265353,0.0011523293177471317,48795.0,0.0015337633871634502,2,203.275994,2.4202861936828413e-11,2.4202861936828413e-11,0,2,0.9999999999999997,0.005792000000020362,1183,3,49.86911564001676,287.6279470895177,122.21268905863063,1.694412510566357
NDARTB755MF5,R4,ThePresent,available,7908,500.0,59.868571508749966,130,0,42,E8,E25,E21,E17,False,False,False,False,158,239,0.006687890082144606,-2779.44680101041,543.8916051979733,-0.004258768227586749,0.9524866997163809,6000,0.9834423217429608,1287,-0.0019399976820340507,6.728530990649201,0.02229414204860003,5248.0,0.028173962560938723,0.010192672194359403,-4151.0,0.017926209734768262,2,203.071996,8.348877145181177e-11,8.348877145181177e-11,0,2,1.0000000000000002,-0.0030109999999469207,328,172,77.1038549208212,140.46725102196868,1726.857762005204,21.145518292682926
NDARTC227AXA,R4,ThePresent,available,519,500.0,59.95025363809838,130,0,42,E8,E25,E21,E17,False,False,False,False,864,224,0.0007455166465512763,-83.09722953451713,330.49884796839007,-0.00012820408175514872,0.781741831088389,6000,0.9613507525349801,1295,0.0006797431740386384,2.0603894114055255,0.0007742455105340559,-42629.0,0.0007106396405643548,0.0007643980807266759,-42172.0,1.2374961211513162e-05,2,203.072004,7.682743330406083e-11,7.682743330406083e-11,2,2,1.0000000000000002,0.0016010000000398063,1043,66,37.761487779498765,324.8827101908163,198.1553603678871,5.938782358581016
NDARTC707KPU,R4,ThePresent,available,331,500.0,118.58652015418077,130,0,34,E8,E25,E21,E17,False,False,False,False,0,238,0.0005813206019943489,42.18635958097392,483.1100990989639,2.3599562433425252e-07,0.902774465827019,6000,0.9866164905913672,1894,0.0006899852497881664,3.472958422808011,0.0006971181063189874,22.0,0.0011614003808435342,0.000677328962678732,14135.0,0.0012238028430563166,2,203.063997,4.596323321948148e-11,4.596323321948148e-11,0,2,1.0000000000000002,0.0023680000000052825,975,28,15.579921885991414,395.0928413592381,532.7809331281295,1.5768102564102562
NDARTC710UM1,R6,ThePresent,available,144,500.0,60.02333923335108,130,0,42,E8,E25,E21,E17,False,False,False,False,135,239,0.0009324279571292256,68.65912840798656,357.9529109999663,7.55228842402924e-05,0.9524694479603784,6000,0.994591616713995,1403,0.0011725282948331225,3.348491606661915,0.001218197015941776,25.0,0.0014702038416921817,0.0009638870099550978,29488.0,0.0019919035770893205,2,203.063994,6.983302824892235e-11,6.983302824892235e-11,0,2,0.9999999999999997,0.0047339999999460374,1405,40,32.02849724229453,242.44939832079504,149.10141352827412,3.2725195729537364
NDARTC794GZ5,R4,ThePresent,available,686,500.0,100.0199534074279,130,0,34,E8,E25,E21,E17,False,False,False,False,0,238,0.005623521163426987,-1177.337952666605,298.88175369865957,-0.0052754653005473795,0.9106463575670771,6000,0.9932880955981934,1172,-0.006464602331640577,1.6260550951614114,0.004010047876037446,-12320.0,0.01276347715379227,0.003491652857897299,4218.0,0.012142991122098809,2,203.069997,3.8191672047105385e-11,3.8191672047105385e-11,0,2,1.0000000000000002,0.002727999999980055,1107,72,46.066746631343435,192.788159292097,2053.551828927434,15.099602529358629
NDARTC865YNZ,R5,ThePresent,available,972,500.0,60.013758549921754,130,0,42,E8,E25,E21,E17,False,False,False,False,197,242,0.0049832466648717325,129.5673908045904,318.33753838793587,-0.0012263896338298272,0.6663821551791527,6000,0.9813318109361575,1248,0.004094253285811501,5.2478667581847125,0.004437484654267039,39.0,0.0058160711203014285,0.0043543041093260255,29406.0,0.0052256540688485585,2,203.071997,8.681944052568724e-11,8.681944052568724e-11,0,2,1.0000000000000004,-0.005938999999969406,1366,78,55.762821610695745,194.21371639080104,500.8848336606463,10.223784773060029
NDARTD468TUH,R1,ThePresent,available,307,500.0,118.99405876530919,130,0,34,E8,E25,E21,E17,False,False,False,False,0,238,0.009581112958718718,-14.94000714653369,371.3589179572585,-0.003022853300836573,0.9629189404510908,6000,0.9796533920260839,1455,0.00816318238054939,5.593769314697285,0.008171061078350951,6.0,0.01295567974118859,0.003219846176638605,31259.0,0.006466675007404976,2,203.07000399999998,5.861977570020827e-11,5.861977570020827e-11,2,2,0.9999999999999999,-0.0003090000000303659,1326,69,171.92191598444404,84.46372205009843,260.1621581067804,21.418914027149324
NDARTD624AF9,R7,ThePresent,available,1238,500.0,59.964801915606564,130,0,42,E8,E25,E21,E17,False,False,False,False,92,227,0.003273019377089584,114.07408874868382,403.6156977036813,-0.0005775665800168747,0.925248612123625,6000,0.9977340770305807,1583,0.002766336416601563,2.727734545752911,0.004243417099491159,-18472.0,0.009571066570011562,0.0031686941619412812,-4634.0,0.008288737577167431,2,203.07399800000002,5.3512749786932545e-11,5.3512749786932545e-11,0,2,0.9999999999999996,0.004408999999978616,793,116,25.21308854615899,399.2156658729726,398.8255884627249,3.012673392181589
NDARTD794NKQ,R11,ThePresent,available,172,500.0,60.0233094042938,130,0,42,E8,E25,E21,E17,False,False,False,False,226,214,0.003716614565363437,-39.9229928988451,311.0777352929413,0.0016537790550098302,0.9014976369422791,6000,0.9946269175289282,1219,0.006107693753533339,5.13127582927294,0.00628524234625104,25.0,0.00464556972948779,0.0034964737827498506,-42150.0,0.0014758868521499951,2,203.063995,4.4853010194856324e-11,4.4853010194856324e-11,2,2,1.0,0.0017420000000329906,1273,39,27.641609234549467,286.4091203523983,140.97503101560983,1.7396150824823253
NDARTE237JP0,R11,ThePresent,available,58,500.0,60.02334495670609,130,0,42,E8,E25,E21,E17,False,False,False,False,106,224,2.5431491835202972e-06,494.3571724959465,322.19357595688115,1.203512514425386e-06,0.959021685015317,6000,0.9989406965899577,1263,2.0004002684608466e-06,4.605899131333058,3.7649779263748508e-06,50621.0,1.055832450882311e-06,3.7631461939114835e-06,591.0,4.932814523387015e-06,2,203.066001,2.5424107263916085e-11,2.5424107263916085e-11,2,2,1.0,-0.0015739999999775749,1187,12,27.14659351147427,312.9432671522865,172.15720361232664,1.5995956192080878
NDARTE432ZRH,R7,ThePresent,available,129,500.0,60.023350639526406,130,0,42,E8,E25,E21,E17,False,False,False,False,1093,235,0.26259600020166096,288.7976494964647,353.8293342189108,0.013831724108257016,0.8082142342715988,6000,0.9936498827629684,1387,0.21685406572479782,2.688583661478934,0.5052616718751504,12154.0,0.9975617660829241,0.4420192963067817,-6311.0,0.7145538370361171,2,203.074001,5.5289106626332796e-11,5.5289106626332796e-11,0,2,1.0000000000000002,-0.0060199999999750705,1089,80,34.92799033425276,265.95049718845803,706.4030097142607,6.400945821854914
NDARTE551TFV,R10,ThePresent,available,443,500.0,30.003182746527052,130,0,42,E8,E25,E21,E17,False,False,False,False,74,0,0.006599869387340804,-4055.0908930767773,1007.458219570731,-0.00024253133265130568,0.6297568766078384,6000,0.9969039035673087,920,-0.0023289443111070693,2.4892030066458566,0.006484547571727054,50295.0,0.0027180092134001517,0.006428042326673201,50256.0,5.827843177434039e-07,2,203.075998,1.177946629127291e-10,1.177946629127291e-10,0,0,1.0000000000000002,0.016131000000093283,801,125,43.48492201131992,386.05491043238897,231.97648155291515,2.275605493133583
NDARTE553VC1,R9,ThePresent,available,971,500.0,60.00909108207782,130,0,42,E8,E25,E21,E17,False,False,False,False,210,229,0.006778124935993624,2702.5287563706224,487.34891899932626,-0.004153331988881554,0.8562682324903037,6000,0.9837292873943981,1252,0.00145577924604849,2.268443452709847,0.00475780210780485,-33028.0,0.010044557752643048,0.0047038446155531245,-33298.0,0.0006203426366667777,2,203.276001,2.9976021664879227e-11,2.9976021664879227e-11,0,2,1.0000000000000002,-0.004517999999997078,1638,238,42.95422139898156,168.07241022559163,154.0006616404589,3.3911599511599513
NDARTE580DV0,R10,ThePresent,available,218,500.0,60.02351507196172,130,0,42,E8,E25,E21,E17,False,False,False,False,143,244,0.006877273697679657,65.62699427390139,308.7894255345354,0.001021235679673743,0.6776792634193031,6000,0.9960315904219902,1210,0.008692805222173314,3.5714318498768587,0.009150319878205172,33.0,0.010396239904442077,0.007453743585178781,13363.0,0.007051342977358111,2,203.066,2.6645352591003757e-11,2.6645352591003757e-11,0,2,0.9999999999999996,-0.0035259999999462744,1439,50,31.399167933806545,242.22350195068566,230.5820723821629,2.2679360667129953
NDARTE773XJ5,R4,ThePresent,available,378,500.0,119.75103057006679,130,0,34,E8,E25,E21,E17,False,False,False,False,0,232,0.014645073605991293,-2702.313547593247,512.7197924749365,-0.005700237698304855,0.7564390505634306,6000,0.984207886117426,1303,-0.018261670621769553,2.571386830027624,0.03189982635293678,-38284.0,0.053401924001168034,0.027446218794397417,44048.0,0.04504464399125311,2,203.07000299999999,5.3734794391857577e-11,5.3734794391857577e-11,2,2,1.0000000000000002,-0.00012299999997818087,9,94,295.65819188485796,69.59239182301135,339.596017331579,113.84444444444443
NDARTF079JGU,R9,ThePresent,available,1487,500.0,60.01412138084366,130,0,42,E8,E25,E21,E17,False,False,False,False,429,223,0.013566205485594021,37.584198752003445,285.6849994319192,-0.0015081041650771853,0.9664390603652697,6000,0.9920577811809659,1120,0.013545163961776291,5.780164269589045,0.014579719716938434,38.0,0.02214371199128723,0.005429762345624331,-23639.0,0.012154271256029806,2,203.278004,4.8405723873656825e-11,4.8405723873656825e-11,2,2,1.0000000000000004,-0.001662000000040423,1298,313,28.715558455984134,214.97337258860017,174.53775377661643,2.258721109399075
NDARTF150VPJ,R8,ThePresent,available,337,500.0,60.02310402752703,130,0,42,E8,E25,E21,E17,False,False,False,False,132,248,0.0011751776548340573,70.96587301381348,248.8191408250245,-0.00042458437905811556,0.9055628676288763,6000,0.9654908123237499,975,0.000937365838579904,5.44345739900461,0.001020751834439922,29.0,0.0015356807533895736,0.00033948763326046487,13649.0,0.0007439340261060769,2,203.07200699999999,1.1746159600534156e-10,1.1746159600534156e-10,0,2,0.9999999999999997,-0.006103000000092404,1154,66,28.498838033390168,297.1112827981998,151.20313871254476,4.180433275563257
NDARTF720AGD,R10,ThePresent,available,163,500.0,60.02335496515793,130,0,42,E8,E25,E21,E17,False,False,False,False,104,236,0.004848954561699244,34.57332229335555,426.41086037287357,-0.0009514635990192828,0.8614446511430355,6000,0.981798811891904,1672,0.004763209250873946,4.801696039550973,0.00502044469840877,33.0,0.0072041037890776954,0.003061638203032379,-29806.0,0.0035243410259184122,2,203.06599400000002,4.773959005888173e-12,4.773959005888173e-12,0,2,1.0,-0.007328000000009603,1817,38,40.776627577485996,176.74715609934398,207.37707169110126,3.9645734727572917
NDARTF781TM8,R5,ThePresent,available,3679,500.0,105.06337375126259,130,0,34,E8,E25,E21,E17,False,False,False,False,15,246,0.0,-3000.0,266.6666666666667,0.0,,6000,,523,0.0,,,,,,,,2,203.07000200000002,2.7977620220553945e-11,2.7977620220553945e-11,2,2,1.0,-0.0012679999999722891,433,270,154.55133277113228,98.39794478705366,556.6530099194338,31.832840646651267
NDARTG029XTK,R11,ThePresent,available,947,500.0,60.02335658323396,130,0,42,E8,E25,E21,E17,False,False,False,False,183,234,0.0014124677772217444,3772.5621575977507,1163.0951341702823,-0.0015194648920801223,0.9755971298294189,6000,0.9945996455442278,1507,-0.0008036356909255307,1.0783276366904293,0.0008546231904191528,5159.0,0.0016446383267683645,0.0008519456097674727,5083.0,6.069926310695939e-06,2,203.075994,2.864375403532904e-11,2.864375403532904e-11,0,2,0.9999999999999998,-0.004544999999999725,1190,145,32.4956567565544,272.34381205981504,224.86210690857004,5.075789915966387
NDARTG679NKQ,R4,ThePresent,available,437,500.0,116.66729810427067,130,0,34,E8,E25,E21,E17,False,False,False,False,0,235,0.0011690587404403008,487.94616512978916,691.6470166501106,0.001332328307985137,0.9883844218638794,6000,0.9990869315350043,2711,0.002306862217131052,6.808617511327544,0.0025511416328108274,478.0,0.0014279247818882272,0.002416956664308664,233.0,5.6835535661801245e-06,2,203.070004,2.930988785010413e-11,2.930988785010413e-11,0,2,1.0,0.00413100000003045,3,202,11.110113305974314,,841.0742954789039,8.276666666666667
NDARTG681ZDV,R7,ThePresent,available,96,500.0,119.86660412701012,130,0,34,E8,E25,E21,E17,False,False,False,False,0,250,0.00807335485303074,-1189.0377251110283,469.051168926626,0.0038520359032588876,0.946504642938228,6000,0.996730373931356,1839,0.009064250160541234,2.753373551111725,0.01731027657665178,12102.0,0.01422424498005357,0.01661993735421812,7901.0,0.009286410629873496,2,203.069999,8.393286066166183e-11,8.393286066166183e-11,2,2,1.0000000000000002,-0.000258999999946276,1516,27,15.33669253118876,252.2684427318677,187.21080267183206,1.339452506596306
NDARTG706ZV8,R10,ThePresent,available,342,500.0,30.003128838746903,130,0,42,E8,E25,E21,E17,False,False,False,False,409,212,1.2430404350595344e-06,-129.79939032465933,295.8982430815704,4.027542434498815e-06,0.9824312066460263,6000,0.999854204357558,1160,5.253754956014673e-06,7.093294316808085,5.683966372195421e-06,25410.0,3.6106767951728004e-06,5.630164151975956e-06,25510.0,9.43782692984827e-10,2,203.06600799999998,1.454392162258955e-11,1.454392162258955e-11,0,2,1.0,0.007108000000000779,789,23,40.216683944976786,455.31048820506044,311.5673254654177,1.1744106463878328
NDARTH173DWQ,R10,ThePresent,available,54,500.0,30.003193238128702,130,0,42,E8,E25,E21,E17,False,False,False,False,122,231,0.004748480378587983,-40.41480662439871,435.36855956093905,0.00043692056534294134,0.890857841165985,6000,0.9908197067785685,1706,0.006144129086679,8.367686549741954,0.006456773712902649,29.0,0.006536659013256973,0.0029517454184448174,-22823.0,0.0026876196042204437,2,203.06600600000002,1.7541523789077473e-11,1.7541523789077473e-11,0,0,1.0,-0.008536999999993458,1066,29,50.15312636709575,321.5294294062373,209.18007440673261,2.400909943714822
NDARTH261GB5,R10,ThePresent,available,265,500.0,60.01857407366105,130,0,42,E8,E25,E21,E17,False,False,False,False,300,223,0.02076989617739508,-6978.089037698704,2231.8984472827374,-0.0052131994320384735,0.8963706929751472,6000,0.9987657023764105,397,-0.0058144378020988366,3.80022698562645,0.013347529258563862,44928.0,0.022344544190956064,0.009353874745781497,-49744.0,0.00630944101080975,2,203.074006,6.439293542825908e-12,6.439293542825908e-12,0,2,0.9999999999999999,-0.005165999999986879,1120,127,81.7718251187719,183.9930782577798,605.6866002792559,14.521089285714286
NDARTH433TE0,R6,ThePresent,available,250,500.0,60.02335108531758,130,0,42,E8,E25,E21,E17,False,False,False,False,160,238,1.3787412217129012e-06,-740.6996386956423,613.6966295418755,-3.3661294460710963e-07,0.6163968750179902,6000,0.9006477377663656,2406,1.3174564989126667e-07,2.2102151357615116,2.3003749957640886e-06,-23033.0,3.0072617813932936e-06,2.29214663613336e-06,-23094.0,7.8250138990134e-09,2,203.064007,5.46229728115577e-11,5.46229728115577e-11,0,2,1.0000000000000002,0.006897000000023698,978,28,25.127205106294475,376.49136199851944,267.1632622094137,1.4822699386503069
NDARTH529YKZ,R8,ThePresent,available,272,500.0,60.01874157049657,130,0,42,E8,E25,E21,E17,False,False,False,False,466,224,0.0019165101439039855,69.6385026171305,223.33369861892163,-0.0016457769504396162,0.960905071017162,6000,0.9754700659456096,876,0.0004818942552537169,1.3134174482593357,0.0006374215166052768,30.0,0.0022153614509995,0.0002783636067988463,5070.0,0.0015102075139647821,2,203.064004,5.4067861299245124e-11,5.4067861299245124e-11,0,2,1.0000000000000002,0.006461000000022778,706,49,22.891246811630293,523.2056134865645,196.1577932575241,1.4222521246458921
NDARTH930FNK,R4,ThePresent,available,417,500.0,115.18859151096154,130,0,34,E8,E25,E21,E17,False,False,False,False,0,225,0.0020699974439555664,-3157.314454195853,813.5987535804923,-0.0004904941061193939,0.6358570678798342,6000,0.8938893361449803,1438,-0.0004721891099874928,0.9529605162464303,0.0027185674767357653,-13683.0,0.002444043387371434,0.002696721767682205,-13790.0,7.1461760958978215e-06,2,203.07200400000002,5.3512749786932545e-11,5.3512749786932545e-11,2,2,1.0,-0.0009690000000500376,49,272,130.91986634866566,102.4785426015458,627.1786968245269,41.840204081632656
NDARTH990UEC,R10,ThePresent,available,1724,500.0,30.003216736744296,130,0,42,E8,E25,E21,E17,False,False,False,False,86,233,0.0035211384770471813,108.76492053197124,432.4486752475936,-0.0006347492721397826,0.9110418832899402,6000,0.9628604377697201,1695,0.003624864746363076,2.8326712851296847,0.005346108072698239,15435.0,0.012297344643414414,0.004983503137182056,16383.0,0.000247397360152897,2,203.067993,1.1968204205459188e-10,1.1968204205459188e-10,0,0,1.0000000000000002,0.012039000000096809,727,46,48.690532758261696,327.6985210259311,2719.4038038174167,2.4120495185694635
NDARTJ862ENU,R8,ThePresent,available,354,500.0,60.02351662455472,130,0,42,E8,E25,E21,E17,False,False,False,False,180,228,0.00783071038951006,35.45999621216138,178.59875550463502,-0.0009007919472200852,0.9313890345853265,6000,0.9863124695578203,700,0.00799368017648238,17.02131929165938,0.008558791278347709,26.0,0.01024851690511681,0.0008492293541229124,4607.0,0.0024276543790955297,2,203.275995,3.3084646133829665e-11,3.3084646133829665e-11,0,2,0.9999999999999997,-0.00229500000000874,1479,48,33.82883630421978,226.28924760094117,356.1240851287111,1.9223529411764706
NDARTJ963NC8,R11,ThePresent,available,755,500.0,60.018664411502876,130,0,42,E8,E25,E21,E17,False,False,False,False,360,229,0.005104202454179954,197.36622448985102,521.836867829409,0.007025748419730511,0.9599939163984257,6000,0.9982178792246792,2046,0.013016333939063832,2.7032337218765186,0.01340538540542744,-14555.0,0.009431300146448775,0.01328182317797529,-14237.0,3.5318602477735564e-05,2,203.064006,2.964295475749168e-11,2.964295475749168e-11,0,2,0.9999999999999997,-0.0048570000000018225,1413,140,31.71906350571768,230.5556224575347,149.11402919438203,3.5197593772116065
NDARTK056HL3,R7,ThePresent,available,152,500.0,60.02346412251314,130,0,42,E8,E25,E21,E17,False,False,False,False,151,232,0.004538340348266284,-116.19262007630729,619.5338435186566,-0.00272384186577806,0.942711818177387,6000,0.7870885670155009,2429,0.0024606954216001755,2.087870959949609,0.0025564482580768357,27.0,0.0063098862106540626,0.0018771503400619998,-4847.0,0.004535266957747048,2,203.073993,2.0650148258027912e-11,2.0650148258027912e-11,2,2,1.0000000000000002,0.0017179999999584056,726,54,28.02187088220267,339.3376748367816,2356.896340678013,3.4447796143250686
NDARTK524HRR,R9,ThePresent,available,291,500.0,30.003268834569788,130,0,42,E8,E25,E21,E17,False,False,False,False,191,247,0.012986719637925703,-7.820822897426565,194.80885758957697,0.00757944958859342,0.5854230883885979,6000,0.9981085612217292,764,0.021135933064988743,2.421259722175063,0.022081571870973177,35.0,0.019946588883282927,0.02205721304907012,-15229.0,0.016428817292812797,2,203.27400500000002,3.9745984281580604e-11,3.9745984281580604e-11,0,0,0.9999999999999999,-0.0146269999999486,1223,96,47.09441757016734,248.6386441005939,277.0620921853476,1.457130008176615
NDARTK667PGK,R9,ThePresent,available,118,500.0,30.00328848733486,130,0,42,E8,E25,E21,E17,False,False,False,False,102,220,0.01767299814083423,2094.246540695919,654.000525155245,-0.007680686306804348,0.9474121303647691,6000,0.927692982684507,2187,-0.007117019538155871,2.9301669917886315,0.009365538664586748,1761.0,0.02163453701421659,0.009305302233823877,2304.0,0.0019066537189734514,2,203.276003,2.4091839634365897e-11,2.4091839634365897e-11,0,0,0.9999999999999997,0.014966000000020133,1198,27,46.96369836496783,281.260333548123,337.0156999862599,1.004499165275459
NDARTL107DMD,R11,ThePresent,available,4697,500.0,30.003090703302103,130,0,42,E8,E25,E21,E17,False,False,False,False,183,245,4.4050573598357975e-06,-1990.8949233047936,1054.7402644408348,5.833639245593185e-07,0.9242337893779495,6000,0.9900525499502402,3077,2.6009968943896073e-06,1.9013502076076,5.045712052196943e-06,-1800.0,3.6828198545346188e-06,5.006837233588749e-06,-1938.0,1.611684389708068e-08,2,203.065994,4.274358644806853e-11,4.274358644806853e-11,0,0,0.9999999999999999,-0.01363000000002849,167,134,93.00947207748406,142.0671192289954,2634.4181422462398,4.95568862275449
NDARTL525VL2,R11,ThePresent,available,103,500.0,60.02335113279913,130,0,42,E8,E25,E21,E17,False,False,False,False,421,245,0.0059673505076232045,3092.3978812010314,722.583183113611,0.0012689939044585425,0.7413922236363977,6000,0.9983462870285886,1323,0.005218763828138761,5.95837250861674,0.02755923000394473,-10591.0,0.028856672688852215,0.007581392027339318,14067.0,0.015718578085027416,2,203.07600000000002,2.298161660974074e-11,2.298161660974074e-11,0,2,0.9999999999999999,-0.007402000000017204,1483,22,31.704255016561135,239.2259087412724,130.26047230356318,2.4515374241402563
NDARTL576AWG,R11,ThePresent,available,89,500.0,60.023419598677236,130,0,42,E8,E25,E21,E17,False,False,False,False,299,249,0.012658868814150544,2136.3407984002306,1238.0708373020009,0.004689777698828299,0.9934379990541516,6000,0.9943398156833448,3290,0.005890272004440277,4.781600814418869,0.017217261170296972,2103.0,0.01421410018124021,0.009781521442923677,-11428.0,0.006365373138970257,2,203.076006,1.9317880628477724e-11,1.9317880628477724e-11,0,2,0.9999999999999999,-0.0071110000000098135,1144,5,26.301953831082617,326.02481147890853,693.0896278959956,1.2153409090909093
NDARTL667CCG,R7,ThePresent,available,426,500.0,60.00410891301352,130,0,42,E8,E25,E21,E17,False,False,False,False,112,242,0.053876103130153265,-1039.296772632162,247.92801571193868,0.08642715965297322,0.9626256731984808,6000,0.9998356713390282,972,0.09493325889805203,3.121526495635248,0.143254258223536,-1036.0,0.09112397126347012,0.14229085243798734,-1111.0,1.5628211507384693e-05,2,203.065994,6.8833827526759706e-12,6.8833827526759706e-12,2,2,0.9999999999999999,-3.0999999985844454e-05,1055,49,24.161182024351604,344.15870245007653,348.5062962584773,1.6351184834123225
NDARTL878RZ2,R9,ThePresent,available,497,500.0,60.01870525325537,130,0,42,E8,E25,E21,E17,False,False,False,False,209,227,0.02667646760019939,180.25690615207404,531.4698556165116,-0.0031145001592130677,0.4815846720209538,6000,0.9181950836968088,2083,0.026716697139507473,2.7018744087408337,0.03604604863568145,16399.0,0.05970625777407894,0.036022893960661696,16441.0,1.1685118407635253e-05,2,203.276005,3.4861002973229915e-11,3.4861002973229915e-11,0,2,1.0000000000000002,-0.002837000000069914,1415,114,34.18069706882357,228.05778661311325,182.39208584120118,2.637095406360424
NDARTL995AN9,R11,ThePresent,available,37,500.0,60.02341265859898,130,0,42,E8,E25,E21,E17,False,False,False,False,154,248,0.0015751928132755862,174.42858279579468,357.31400105951695,-0.0016335656768340027,0.7969723267734228,6000,0.905094843376705,1400,0.00025451024334600654,1.4711919327539043,0.0014216579042800278,31632.0,0.0020978174491415816,0.0009984545670310584,23683.0,0.0014909042899802637,2,203.076003,5.67323965583455e-11,5.67323965583455e-11,0,2,0.9999999999999999,-0.007696000000027835,1953,12,65.89251629371304,141.71028595675892,106.9063870420885,4.321817716333846
NDARTM562NEW,R4,ThePresent,available,78,500.0,60.02327894003411,130,0,42,E8,E25,E21,E17,False,False,False,False,93,241,0.0009060598199562858,-10.545221351223947,287.1092723964468,-0.00016554641340797604,0.9127959288998587,6000,0.997273434336501,1126,0.0008059024342292824,4.878510164754386,0.0008280828420014123,28.0,0.001123018642203724,0.0005563314355228255,5686.0,0.000813199265287537,2,203.072006,9.992007221626409e-11,9.992007221626409e-11,2,2,1.0000000000000004,-0.0016229999999427672,1028,17,22.88293541303797,362.870113712351,183.25619378247083,1.0658365758754864
NDARTM712HBD,R9,ThePresent,available,181,500.0,30.003259994605386,130,0,42,E8,E25,E21,E17,False,False,False,False,91,228,0.01578610408726714,47.83210371776651,173.09512334107816,-0.0019038990678493528,0.6872800077942692,6000,0.9973305049322083,679,0.014122945258332555,9.597889339412122,0.015325184269252664,32.0,0.020596257554652594,0.006420150190805982,2870.0,0.011357496506898719,2,203.28599599999998,7.815970093361102e-11,7.815970093361102e-11,0,0,0.9999999999999997,-0.012035000000042274,1276,53,56.10916503173504,246.001737837823,247.78105016832993,2.2634796238244514
NDARTN173MXV,R4,ThePresent,available,90,500.0,119.80381491641535,130,0,34,E8,E25,E21,E17,False,False,False,False,0,244,0.002215742536827561,2917.3277208914183,202.8970286193499,-0.001252046784388688,0.8870317397827419,6000,0.9701383496152924,480,2.953190350356239e-05,2.9680880994298526,0.0018530823364304718,3537.0,0.0027599787176409377,0.0018446531505396224,3450.0,4.100138624323329e-06,2,203.070006,1.6431300764452317e-11,1.6431300764452317e-11,2,2,1.0,0.001686000000004862,187,34,142.6126982747071,105.89935364001754,477.14778426839865,31.103636363636358
NDARTN400TB1,R4,ThePresent,available,393,500.0,60.02308534134149,130,0,42,E8,E25,E21,E17,False,False,False,False,169,220,0.002869502771264277,-1897.1667053075,151.22315511004584,-7.243671902317043e-05,0.4957685176045286,6000,0.9946789515433737,593,0.001633917386133147,3.3148481657160676,0.005944415388009475,10962.0,0.010649107113670786,0.004389121153977493,13387.0,0.0028209083115459943,2,203.063997,7.771561172376096e-11,7.771561172376096e-11,2,2,1.0000000000000002,0.0013249999999012559,1143,85,31.265063883555115,283.82743023030275,215.9901289581909,5.788433945756781
NDARTN709KEY,R10,ThePresent,available,302,500.0,30.003239646981843,130,0,42,E8,E25,E21,E17,False,False,False,False,101,207,0.005736285668524845,19.41863155948683,292.1384367046739,-0.0014297908864471902,0.8343368320827861,6000,0.9848390745926179,1146,0.005416001241787964,7.987698499930112,0.005546306031877407,16.0,0.007017384470481675,0.000936755814307894,-22193.0,0.0017771477810074837,2,203.066002,2.9531932455029164e-11,2.9531932455029164e-11,0,0,1.0,0.01671699999996956,1039,146,56.20323317747352,280.083290674599,220.75871391552414,4.751982675649662
NDARTN712UJK,R7,ThePresent,available,3263,500.0,60.004004911716315,130,0,42,E8,E25,E21,E17,False,False,False,False,149,0,0.21269168734590135,1056.0339138637362,602.4658682506351,-0.08499942639598924,0.7227121399640931,6000,0.844312508780576,2361,-0.033149077574875466,6.72948729471971,0.7231589759803492,-22870.0,0.7623047494414094,0.6096369048209044,-23437.0,0.011691697575829774,2,203.064004,4.7628567756419216e-11,4.7628567756419216e-11,0,2,1.0000000000000002,0.00347300000000989,689,44,27.68730710591715,372.7483766998907,2634.622775090856,3.5397097242380258
NDARTN793TBY,R10,ThePresent,available,6216,500.0,30.003148761670122,130,0,38,E8,E25,E21,E17,False,False,False,False,84,242,0.0,-3000.0,266.6666666666667,0.0,,6000,,523,0.0,,,,,,,,2,203.065996,3.197442310920451e-11,3.197442310920451e-11,2,2,1.0,-0.0005380000000353727,0,0,,,,
NDARTP022VL6,R8,ThePresent,available,214,500.0,60.02339392052506,130,0,42,E8,E25,E21,E17,False,False,False,False,223,235,0.002180214360435652,2223.2420552653944,341.8230237478003,0.00032508065564392955,0.7140414494839664,6000,0.9920933808977137,1340,0.0004277121798340521,2.922665993178459,0.004856922908070919,40757.0,0.00711079333406932,0.004851435616160484,40665.0,1.954820111425143e-08,2,203.066005,6.38378239159465e-11,6.38378239159465e-11,0,2,1.0,-0.0020020000000709696,1103,94,27.97408071583042,291.661799493251,346.5013499811276,3.2650770625566636
NDARTP291KF6,R10,ThePresent,available,217,500.0,30.003147230960572,130,0,42,E8,E25,E21,E17,False,False,False,False,162,230,0.009001264566577492,3045.4982243649893,1147.1610022237398,-0.006282319615858657,0.975500489505224,6000,0.9889966164932473,2202,-0.0034154696413690156,0.8546679628657011,0.002684584565537127,3078.0,0.003929041339688889,0.002680762431792677,3210.0,1.091786346897692e-06,2,203.065994,3.552713678800501e-11,3.552713678800501e-11,0,2,0.9999999999999999,0.003452999999986081,838,165,53.7742125285523,316.3004036550242,414.1105230530119,7.811348448687351
NDARTP307VUC,R9,ThePresent,available,3217,500.0,30.003133064599126,130,0,42,E8,E25,E21,E17,False,False,False,False,94,229,0.003438665682437891,239.96470965226922,499.7450017347737,-0.0023769943713696944,0.9589658484510204,6000,0.9772057137101064,1959,0.0010204285143886112,2.658498600397988,0.003986183810999967,-45364.0,0.005081445166883768,0.0038072941416874262,-45523.0,9.504850987966315e-06,2,203.275993,5.284661597215745e-11,5.284661597215745e-11,0,2,0.9999999999999999,-0.006754999999950963,513,93,65.55894603633172,209.36467850507267,2667.25391246222,5.068791423001949
NDARTR175UDC,R7,ThePresent,available,399,500.0,119.8714057332277,130,0,34,E8,E25,E21,E17,False,False,False,False,0,230,0.08577308170273268,1902.0876150354532,882.752419709152,0.03572592174508047,0.9890051399366808,6000,0.9941818350366098,2828,0.059842786305681364,4.075982161185081,0.3274781403643758,-25742.0,0.5024826151239743,0.3269350436723621,-25657.0,0.00021325549929712695,2,203.070003,3.8191672047105385e-11,3.8191672047105385e-11,2,2,0.9999999999999999,0.0018759999999819815,5,69,45.067749281911766,,5262.547965575912,41.11
NDARTT411JAR,R10,ThePresent,available,893,500.0,60.02335839243463,130,0,42,E8,E25,E21,E17,False,False,False,False,496,241,0.0017037617110866553,29.005795271039887,244.10984705268802,-0.0011589967749553306,0.9674458504474615,6000,0.9241581980255855,957,0.0009401735912534108,2.679138495648155,0.0010698730664793503,29.0,0.002447489722105313,0.0008670190578840473,-24370.0,0.0018788252803739205,2,203.06799800000002,1.5432100042289676e-11,1.5432100042289676e-11,0,2,0.9999999999999999,0.0033250000000026023,1414,240,30.989370519953464,220.9619337204635,129.19258659427035,3.361145685997171
NDARTT476DAT,R10,ThePresent,available,380,500.0,60.01850543204919,130,0,42,E8,E25,E21,E17,False,False,False,False,157,217,0.017998880276942665,-195.68439941695894,742.4634589021844,-0.00280643130080535,0.881738931675903,6000,0.9799185743528077,2910,0.016307268198366694,2.678668676163376,0.022497927684210522,-23277.0,0.04189720034638667,0.022215985320001883,-23780.0,0.00033415855032306943,2,203.07600000000002,5.306866057708248e-11,5.306866057708248e-11,0,2,1.0000000000000002,-0.003835999999979298,1418,73,29.51448072472517,242.91562799844777,182.5819240205222,2.4148730606488016
NDARTT667RKQ,R7,ThePresent,available,365,500.0,60.02338456758633,130,0,42,E8,E25,E21,E17,False,False,False,False,213,226,0.0011863685136430568,33.14062648547966,74.07978769991497,-0.0005467122600068379,0.8368550722349088,6000,0.993679377461025,291,0.0005304898867710224,2.3408340901425233,0.002075933486221722,19667.0,0.004481761630545447,0.002064247897429687,19387.0,0.0005333709621386633,2,203.07600300000001,2.3092638912203256e-11,2.3092638912203256e-11,0,2,0.9999999999999997,0.00556500000004666,1071,82,37.1785334534547,282.26692636978396,232.02264555960102,8.925210084033614
NDARTU644WHZ,R6,ThePresent,available,684,500.0,60.00880074182096,130,0,42,E8,E25,E21,E17,False,False,False,False,137,228,0.001341040468142682,63.15556805811605,655.7413071828283,-0.000543985463517468,0.8390227447346494,6000,0.8955648098988463,2571,0.0008736276860181493,3.001568918531331,0.0011294559072431958,13947.0,0.002174612282202641,0.0011168173045815067,50559.0,0.0005242154530700099,2,203.066002,1.454392162258955e-11,1.454392162258955e-11,2,2,0.9999999999999999,0.0009140000000007832,1035,87,41.899661814070114,247.74476312650614,1027.760610852336,6.461903381642512
NDARTV107XD4,R6,ThePresent,available,1282,500.0,60.0044988711222,130,0,42,E8,E25,E21,E17,False,False,False,False,435,235,0.08984330905403991,3262.689733548104,1025.7455059030765,0.12504268549447253,0.8254531266514902,6000,0.9972758811325162,1747,0.14570133599883336,2.567097675536161,0.30684739247633463,46408.0,0.16061058589798097,0.306753685985385,46331.0,7.055201172917469e-05,2,203.075996,2.731148640577885e-11,2.731148640577885e-11,0,2,1.0,0.004573000000026126,1557,216,62.6068949362539,153.51554781593074,211.8025271930804,6.23942196531792
NDARTV296UNC,R8,ThePresent,available,405,500.0,60.02340931850586,130,0,42,E8,E25,E21,E17,False,False,False,False,457,232,0.000693544908973861,41.85366501930306,460.43671716691506,6.358234719423973e-06,0.9584291434302632,6000,0.9943759734005416,1805,0.0008205727344052859,5.957474382704745,0.0008439971859817079,31.0,0.0011385647676190882,0.0005533512008359822,31699.0,0.000776645232253506,2,203.072006,9.370282327836321e-11,9.370282327836321e-11,0,2,1.0000000000000002,-0.007896999999926534,888,77,22.062107507741622,396.3767565827783,169.63354099582978,1.2496058558558556
NDARTV480WBU,R9,ThePresent,available,54,500.0,30.00325869383955,130,0,42,E8,E25,E21,E17,False,False,False,False,193,218,0.01351194146937273,15.147104145943487,194.17330625171076,-0.0007056834711130838,0.9203346607899024,6000,0.9832009820434232,761,0.016198089544599545,16.06164651781239,0.016759074066771528,16.0,0.01894688103158119,0.0027783972682155844,-4317.0,0.004147622574309344,2,203.286003,8.260059303211165e-11,8.260059303211165e-11,0,0,1.0000000000000002,0.014848000000051167,1394,29,54.564268508815395,230.2771102043503,182.74784747210768,2.4812338593974177
NDARTV525XC0,R4,ThePresent,available,235,500.0,60.02327637752276,130,0,42,E8,E25,E21,E17,False,False,False,False,215,231,0.015933242392536493,1902.8915491494602,750.942756088945,-0.006312580889541157,0.961816410848742,6000,0.992125030759533,2568,-0.005287776368777636,1.5326790082269421,0.013350593856297556,43786.0,0.01043583025398441,0.013128328794692216,7027.0,0.019775988531176035,2,203.066002,1.9484414082171497e-11,1.9484414082171497e-11,2,2,1.0000000000000002,7.599999996077631e-05,1372,36,25.684066499560284,262.6565192094699,205.48068001006502,1.4830830903790089
NDARTW456RAG,R7,ThePresent,available,548,500.0,60.006479807341734,130,0,42,E8,E25,E21,E17,False,False,False,False,2005,225,0.002472717246307602,30.68207969614649,244.46744271701508,0.0009401370102369111,0.9332040510947875,6000,0.9968703354706867,958,0.0037244321761475897,5.771221501463987,0.0039039441567096695,38.0,0.0032003564495431073,0.001936526340956537,-13975.0,0.0011336132676467564,2,203.063999,9.214851104388799e-11,9.214851104388799e-11,0,2,1.0000000000000002,0.007150000000070332,968,20,24.97320360825907,381.2511815821628,181.60087641107657,2.6323450413223144
NDARTW501ZKN,R7,ThePresent,available,14,500.0,119.85213225111725,130,0,34,E8,E25,E21,E17,False,False,False,False,0,239,0.0031187725033748454,58.69045919219926,319.6633488313811,-0.000313859447190748,0.5675581160731914,6000,0.9883069879795923,1253,0.003419656735953959,5.891136486717321,0.0035389309569687903,19.0,0.005131292433670016,0.0018176788540230126,1237.0,0.0012139653731995793,2,203.069995,1.199040866595169e-11,1.199040866595169e-11,2,2,1.0,0.0006930000000239765,1830,12,30.48746721833246,192.1885038682794,244.66188553321663,3.2426338797814207
NDARTW567YUQ,R9,ThePresent,available,155,500.0,30.003249142755674,130,0,42,E8,E25,E21,E17,False,False,False,False,188,228,0.007177608743733655,159.89956635415572,449.4472826179262,-0.00015119678395047052,0.9504149795472712,6000,0.9889910393976544,1762,0.007756280851206843,7.362011826285582,0.007927306956935795,25.0,0.009439494820601703,0.0043860288545246925,7872.0,0.005626909067255657,2,203.285994,3.241851231905457e-11,3.241851231905457e-11,0,0,0.9999999999999997,0.015262000000065367,1053,57,45.89769483651106,312.65060813277734,342.0843920835494,1.3419848053181387
NDARTX575YBU,R7,ThePresent,available,410,500.0,60.023425421152446,130,0,42,E8,E25,E21,E17,False,False,False,False,169,240,1.1218456168552515,-1090.7857889278957,1008.4731955597604,-0.11661436020604429,0.8277597452512836,6000,0.9693051234461635,3886,0.46224903420727564,3.244664719122459,1.5954886418663676,13060.0,3.0996886277080775,1.5588867459092193,32894.0,2.878036797436894,2,203.06400499999998,1.84297022087776e-11,1.84297022087776e-11,0,2,0.9999999999999999,-0.004762999999963032,1373,103,44.886318001988435,217.3735835105419,195.72368167844556,8.369905316824472
NDARTX659HAF,R1,ThePresent,available,4663,500.0,56.376950598024436,130,0,34,E8,E25,E21,E17,False,False,False,False,0,238,0.003091540208854429,2220.8520779759133,2681.116839812734,-0.0012805540151627453,0.37565124024279717,6000,0.37565124024279717,6000,-0.0018014419251954638,3.8051895905604813,0.006958735603104365,-16577.0,0.01100446678923841,0.005069348223623931,-24105.0,0.007497729546372294,2,203.068,1.7763568394002505e-12,1.7763568394002505e-12,2,2,1.0,0.00028699999999623856,373,47,26.702487027088694,214.52321789084786,6721.542417337863,4.066970509383378
NDARTX795AKR,R2,ThePresent,available,90,500.0,119.43263257737974,130,0,34,E8,E25,E21,E17,False,False,False,False,0,225,0.002139766827190617,-2497.5225542614676,645.1466802671894,-0.0011250934838860993,0.920866420723134,6000,0.9795695587610004,1767,-0.0011736586119323257,1.9489930637384503,0.0014907354724338164,-13681.0,0.003969455241269402,0.0014688741457258656,-13765.0,1.3019300347722352e-05,2,203.069999,3.730349362740526e-11,3.730349362740526e-11,0,2,0.9999999999999999,0.002099999999982363,0,54,,83.36769544923814,1299.0878554458736,
NDARTY010EYP,R7,ThePresent,available,2051,500.0,89.2375849474647,130,0,34,E8,E25,E21,E17,False,False,False,False,1,249,0.005019354730995937,532.9033008790748,690.2410781503576,-0.00021653659823115702,0.9467967422422955,6000,0.988631357174754,2705,0.003395136715103731,3.74693358361176,0.00775948816101762,43144.0,0.00714554154535517,0.006132223165762759,12685.0,0.007050791797178784,2,203.07200600000002,9.370282327836321e-11,9.370282327836321e-11,0,2,0.9999999999999999,-0.005580999999896676,14,209,630.9586770444179,58.53821589479275,820.4533813152085,259.1228571428572
NDARTY146DKE,R4,ThePresent,available,227,500.0,119.07665599069776,130,0,34,E8,E25,E21,E17,False,False,False,False,0,223,0.004978575707405785,1507.0632472398295,714.4198341631871,-0.0005763831615262675,0.6963618001394012,6000,0.8743949352989491,2801,0.0038500931442494632,2.697110338819801,0.012492045443989073,35233.0,0.022456989387466878,0.009684249653939141,16745.0,0.0190606287750846,2,203.06600400000002,3.863576125695545e-11,3.863576125695545e-11,0,2,0.9999999999999999,0.004187999999979916,1834,36,88.0052411886504,121.5845372259326,299.120141746462,8.739116684841877
NDARTY225EWV,R4,ThePresent,available,85,500.0,119.56310657066261,130,0,34,E8,E25,E21,E17,False,False,False,False,0,231,0.006860532361040474,174.69433237343986,315.10740172952546,-0.001012060843195124,0.8817969249008409,6000,0.9772767825768205,1235,0.005916453583534245,4.520049057055838,0.006773502799927998,105.0,0.010804004233767463,0.0036248687150704745,-13815.0,0.006755315866384724,2,203.069999,4.085620730620576e-11,4.085620730620576e-11,2,2,1.0000000000000004,-0.00040700000005481664,1927,27,64.25086505291999,128.44025774557437,263.86515619474847,6.576907109496627
NDARTY533VXQ,R7,ThePresent,available,274,500.0,60.02333919985589,130,0,42,E8,E25,E21,E17,False,False,False,False,171,228,0.001956750104876102,-45.5681855106281,376.59744264178954,0.0003545746195311256,0.7445554225343559,6000,0.9951133744322028,1476,0.002654536064612737,5.223204907226949,0.002706766062207686,20.0,0.0031586464993397065,0.001974549985876435,-16762.0,0.0023301345524207803,2,203.072005,3.6637359812630166e-11,3.6637359812630166e-11,0,0,1.0,0.008966000000044926,1010,64,25.567817989136053,357.31579408678857,219.44666072443292,1.6362376237623764
NDARTY549YDG,R6,ThePresent,available,93,500.0,60.01853968383399,130,0,42,E8,E25,E21,E17,False,False,False,False,149,238,-1.0,-1.0,-1.0,-1.0,-1.0,-1,-1.0,-1,0.0018079212473632676,3.694679444201547,0.03897756514727754,-43718.0,0.0717234093799486,0.032946949642009414,-19131.0,0.05541148599641299,2,203.064007,4.463096558993129e-11,4.463096558993129e-11,0,2,0.9999999999999999,0.00535100000006086,1510,23,32.85744831364316,227.6540824746197,362.90427025436935,2.924966887417219
NDARTZ018PD5,R8,ThePresent,available,814,500.0,60.023352140279584,130,0,42,E8,E25,E21,E17,False,False,False,False,157,238,0.0010318274578022067,308.4193479594168,339.7212873204382,-0.0008352252374005775,0.8097644423069429,6000,0.9077125985190289,1332,0.00011777688241423252,1.803230621684702,0.0026874901466291613,-17183.0,0.006463625633249738,0.0026008585230534995,-17016.0,5.694892399416181e-06,2,203.073996,2.3314683517128287e-12,2.3314683517128287e-12,0,2,0.9999999999999999,-0.004451999999995229,1119,166,51.485107216343096,216.61524082445817,123.74418323702092,15.598579088471848
NDARTZ571MJQ,R11,ThePresent,available,686,500.0,60.004612017483566,130,0,42,E8,E25,E21,E17,False,False,False,False,461,219,0.003760509241060699,-33.389098477983524,335.9215144391418,-0.0020244827707961532,0.8891258703317428,6000,0.6873764574724297,1317,0.0037791071834699284,7.240232136756395,0.00405006463310778,27.0,0.006610517591013417,0.0012952654568545341,8568.0,0.0036707211358601123,2,203.065993,3.8746783559417963e-11,3.8746783559417963e-11,0,2,0.9999999999999996,0.007259000000049682,1226,98,28.00884518341107,283.92178093284446,205.17452057954284,2.637952691680261
NDARUA035YJN,R11,ThePresent,available,287,500.0,59.994468640256805,130,0,42,E8,E25,E21,E17,False,False,False,False,179,248,0.003956247556023035,-9.945633508129593,333.02451509669453,0.0012437326783915172,0.9157152762737418,6000,0.9948510291718234,1305,0.005681427852181701,5.3270141544741465,0.0061846172277572045,60.0,0.005086490626197543,0.0030218699233634477,-45660.0,0.001356235156241051,2,203.065999,3.785860513971784e-11,3.785860513971784e-11,2,2,0.9999999999999999,0.001858999999981334,1737,32,39.76457011078253,188.47871855665377,284.6791872863297,2.6537305699481863
NDARUA442ZVF,R11,ThePresent,available,1019,500.0,60.023391477245376,130,0,42,E8,E25,E21,E17,False,False,False,False,188,235,6.385653982133488e-06,2388.84647962891,1661.8741070720662,-5.2279849685172875e-06,0.9809191765143549,6000,0.9816504224234581,3868,-4.871445253134523e-06,0.8817998301346114,3.1981554372809453e-06,25128.0,4.717642615718951e-06,3.1645497245173448e-06,25184.0,3.13296150839833e-08,2,203.06600400000002,2.2870594307278225e-11,2.2870594307278225e-11,0,2,1.0,-0.0038290000000170826,1631,200,49.267927455841736,167.64849928106898,186.017078189722,8.27961373390558
NDARUA745NA8,R8,ThePresent,available,56,500.0,60.02354313850307,130,0,42,E8,E25,E21,E17,False,False,False,False,213,233,0.022311744053864217,60.8128492110926,289.79905840405365,0.0022551049796579723,0.7574770292527533,6000,0.9969873205425263,1136,0.02502245612043713,2.3861484655145735,0.025702731981857668,25.0,0.06827062192655806,0.022563964997080563,41483.0,0.04717898766531242,2,203.28600400000002,6.80566714095221e-11,6.80566714095221e-11,2,2,1.0000000000000002,0.0018900000000221463,1609,22,34.55360390021759,209.29330057069055,165.85751689941773,2.6979366065879433
NDARUA821NUN,R9,ThePresent,available,57,500.0,30.00326626137966,130,0,42,E8,E25,E21,E17,False,False,False,False,81,228,0.6360299461181849,-559.6554097669114,745.5768780423972,-0.2894402626555679,0.7996594305351702,6000,0.7535307643900124,2922,0.20871013962996074,3.3571842456572356,1.0340887192340502,11413.0,1.9047241059152553,0.9430137214748059,11753.0,0.1601343811268232,2,203.285995,2.9753977059954195e-11,2.9753977059954195e-11,0,2,0.9999999999999999,0.00649100000003134,1234,44,51.4276566120729,258.8510422365058,192.40876597799084,2.607698541329011
NDARUB100PP9,R9,ThePresent,available,2048,500.0,30.003261374725373,130,0,42,E8,E25,E21,E17,False,False,False,False,95,214,0.021224598150399634,-33.64035611266009,503.87284857196386,-0.0037144638037038867,0.8878357364017302,6000,0.9689773051805993,1975,0.02332065655682916,4.426833902461456,0.023340118826017768,-5.0,0.029323412223894955,0.014667760078504823,-249.0,4.793871960207842e-05,2,203.27599899999998,5.3290705182007514e-11,5.3290705182007514e-11,0,2,0.9999999999999999,0.006208000000078435,836,324,68.8952292617851,174.0623242143322,495.02725807863413,6.536794258373206
NDARUB231LHN,R4,ThePresent,available,602,500.0,60.02332253160577,130,0,42,E8,E25,E21,E17,False,False,False,False,132,229,0.013250900189350942,-1502.7942415387233,249.649980816901,-0.018081783013294262,0.9618730195635453,6000,0.9985617066696383,979,-0.026549383072097654,0.8804559100127893,0.00924012400518482,-4904.0,0.031418162777794245,0.009233122178676823,-4871.0,1.47976690769748e-06,2,203.08399699999998,7.116529587847253e-11,7.116529587847253e-11,0,2,1.0000000000000004,0.0030500000000281656,1340,127,24.96492688518788,254.97031098362183,170.14875026767126,2.1167537313432834
NDARUB495UD1,R7,ThePresent,available,213,500.0,60.02342719094078,130,0,42,E8,E25,E21,E17,False,False,False,False,181,225,0.0013143637603771042,37.47891653780422,206.86225204435797,-4.106068532179836e-06,0.8508541449221786,6000,0.995330788415707,810,0.0013914557868062903,9.718579402196383,0.0015227656268125233,37.0,0.0017240082217963569,0.0004057529782285803,-5132.0,0.0004323158757293275,2,203.06600699999998,3.297362383136715e-11,3.297362383136715e-11,0,0,1.0000000000000002,-0.00825499999999121,1229,54,223.04951811288538,86.0922919460419,126.18559367098287,20.56515052888527
NDARUB690GWK,R10,ThePresent,available,78,500.0,60.023432673561224,130,0,42,E8,E25,E21,E17,False,False,False,False,171,229,0.002112849029535448,46.89422926378853,402.70940652620294,-2.6324099611162788e-05,0.9398701720615622,6000,0.9858098598744073,1579,0.0025494490196735446,9.822334207387158,0.0026725303411157713,28.0,0.003124505386732552,0.001003387453664266,37749.0,0.0014438860487588833,2,203.066,2.4202861936828413e-11,2.4202861936828413e-11,0,2,1.0,-0.004956000000020008,994,15,24.38796851583079,381.96764471609504,159.93853328981177,1.2333299798792754
NDARUB962AXN,R5,ThePresent,available,322,500.0,118.8720466539838,130,0,34,E8,E25,E21,E17,False,False,False,False,1,228,0.0009949681227435735,1567.0474838033406,235.25871574188704,0.0009405996057787196,0.8824822328432369,6000,0.9989216337254193,923,0.0009432006835278243,2.903616919209333,0.0024074627849454086,-7034.0,0.0040903010554200585,0.0024017415949007296,-6968.0,2.602000520979513e-06,2,203.07000299999999,4.929390229335695e-11,4.929390229335695e-11,0,2,1.0000000000000004,-0.0027409999999881344,1747,34,63.39400035543353,163.17076441119852,407.9211328284437,7.561963365769891
NDARUC022JWT,R6,ThePresent,available,566,500.0,60.023400936976856,130,0,42,E8,E25,E21,E17,False,False,False,False,206,229,3.351788590906014e-05,-2985.0662046271264,172.47732956740307,-6.400204233735724e-05,0.9293051430865833,6000,0.9994042940904088,353,-5.910341001268194e-05,7.794564723888895,0.00144822695361941,-5801.0,0.0015215990356257476,0.0005090871386488743,7659.0,0.0007294721164766855,2,203.064007,3.652633751016765e-11,3.652633751016765e-11,0,0,0.9999999999999999,0.008048000000044924,901,104,23.649983116383584,387.2486293722084,191.5889865838576,1.809278579356271
NDARUC308ZLR,R9,ThePresent,available,667,500.0,30.003322813424205,130,0,42,E8,E25,E21,E17,False,False,False,False,180,217,0.0037574080982002464,1276.0470146859282,495.7235628159177,-0.0029939928277686856,0.8579298685119067,6000,0.9376323768484089,1943,-2.9916810965791163e-05,2.1720572219752747,0.010975421720109095,34869.0,0.015457095647983789,0.010151938582922609,43243.0,0.014156494271736268,2,203.28599499999999,3.2085445411667024e-11,3.2085445411667024e-11,0,2,0.9999999999999997,0.004012000000007722,841,273,113.07209234749271,143.0634123478145,462.72813970450323,7.94563614744352
NDARUC356FCD,R7,ThePresent,available,1721,500.0,119.77511713338039,130,0,34,E8,E25,E21,E17,False,False,False,False,0,248,-1.0,-1.0,-1.0,-1.0,-1.0,-1,-1.0,-1,0.02220421337549105,4.131928005567126,0.09652028687953824,-23599.0,0.17578991453104909,0.0858705374229497,-22795.0,0.009090667412526496,2,203.069997,3.597122599785507e-11,3.597122599785507e-11,2,2,1.0,0.0004319999999565358,1495,312,44.18884720353397,220.02477585727763,122.48138967906343,9.195304347826086
NDARUC591FWN,R7,ThePresent,available,530,500.0,60.01376298223151,130,0,42,E8,E25,E21,E17,False,False,False,False,160,238,0.008628996008670843,2160.9267886231373,1416.68934908171,-0.0066620603022412754,0.9644623387076273,6000,0.9713403817331074,3615,-0.00526956641784046,1.3509758721609455,0.00463211091970882,44566.0,0.005848139917784628,0.0025680659440657986,4621.0,0.005701386394635706,2,203.064,1.1413092693146609e-10,1.1413092693146609e-10,0,2,1.0000000000000002,-0.005004999999914006,1190,49,30.660571742932554,286.7134928139703,418.8880658755618,2.0335294117647056
NDARUC804LKP,R11,ThePresent,available,93,500.0,60.02343368295511,130,0,42,E8,E25,E21,E17,False,False,False,False,134,226,0.007542218455218994,60.23653527892549,202.66381616714418,0.0012146437464601505,0.8264134726211474,6000,0.9965725370504547,794,0.00922559701827566,2.686452176037712,0.0175638975539409,40847.0,0.03410391136513097,0.01652253820263353,8108.0,0.032327225613168094,2,203.065995,8.870681966755001e-11,8.870681966755001e-11,0,2,1.0000000000000007,-0.006582999999965282,1884,41,71.34795827945588,128.86513993893251,151.16818973484555,8.911958598726116
NDARUC980NZ5,R8,ThePresent,available,1289,500.0,59.99474192968333,130,0,42,E8,E25,E21,E17,False,False,False,False,305,229,0.4481378670201897,-433.87959265597135,794.2994753184016,-0.06445369177630594,0.8956888977784813,6000,0.9631795954754893,3113,0.34363106686416556,4.088767561645583,0.47351817631783544,-15012.0,0.9471252069361125,0.39866329677941903,-299.0,0.7073508262816572,2,203.07199699999998,2.3647750424515834e-11,2.3647750424515834e-11,2,2,1.0000000000000002,0.0017959999999808106,790,142,34.16533788731765,401.88100987827846,324.72502728480407,4.5408101265822784
NDARUD345RW8,R11,ThePresent,available,5416,500.0,59.615395343157175,130,0,42,E8,E25,E21,E17,False,False,False,False,236,218,-1.0,-1.0,-1.0,-1.0,-1.0,-1,-1.0,-1,-0.012228778290612445,4.070212800723681,0.04403314991929,19799.0,0.07423048916473443,0.025816249072711114,-3634.0,0.04140560394329129,2,203.075995,1.6986412276764895e-11,1.6986412276764895e-11,2,2,0.9999999999999999,-0.0019060000000052288,515,228,57.33758659594575,165.83558139956537,1114.4094739409702,12.59011650485437
NDARUD776KFT,R5,ThePresent,available,125,500.0,60.02336616634541,130,0,42,E8,E25,E21,E17,False,False,False,False,143,238,0.0018386090662593894,75.07020006562149,434.2425336247219,0.00039518717773480644,0.9630807867387216,6000,0.9960513268878074,1703,0.002467612852709826,7.704587607625043,0.002543025362311771,31.0,0.002783162628730963,0.0016763593582893763,23068.0,0.0018777814266088084,2,203.071996,1.7319479184152442e-11,1.7319479184152442e-11,2,2,0.9999999999999999,0.0005569999999938935,1294,16,26.805395741456984,284.231935175895,261.37079975515485,1.25854714064915
NDARUE113AXB,R9,ThePresent,available,164,500.0,30.00324934284517,130,0,42,E8,E25,E21,E17,False,False,False,False,155,216,0.013498250493025788,-6.201624358755425,316.01697717733447,-0.005356675641130134,0.9326048823867336,6000,0.959203997085238,1239,0.01118538207399575,3.474051502950756,0.011757964598717594,24.0,0.018737350502100913,0.009916839828051508,-21019.0,0.016424207983717066,2,203.276001,4.218847493575595e-11,4.218847493575595e-11,0,2,0.9999999999999999,-0.004166000000027254,1202,62,46.47542689691545,272.9613490302888,172.03365952005885,1.4632362728785357
NDARUE398GGV,R5,ThePresent,available,4272,500.0,29.331367469619764,130,0,34,E8,E25,E21,E17,False,False,False,False,0,260,0.0010341203843427058,-1433.9127055454137,235.94112298969765,-5.876615863781875e-05,0.3139370089497518,6000,0.9895353298533545,925,0.0008686949562293399,4.000376397052518,0.0038796862000712545,9985.0,0.006461477997425006,0.0027090935790309496,18406.0,0.004608853581543269,2,203.070005,4.796163466380676e-11,4.796163466380676e-11,2,2,1.0,0.00035300000003873964,114,50,26.80925120493301,156.26700148670085,7798.62545748549,5.788157894736844
NDARUE605HGP,R9,ThePresent,available,390,500.0,30.00325279855952,130,0,42,E8,E25,E21,E17,False,False,False,False,239,227,0.024319154309346964,5.038081250963278,212.3446867237894,-0.0035409240558419573,0.9401928278732714,6000,0.9966054821844598,833,0.02247903293947866,7.631151275696462,0.023466822722158057,26.0,0.031686745786995735,0.005447226816535943,34267.0,0.008144328799643817,2,203.275993,1.4988010832439613e-11,1.4988010832439613e-11,0,2,0.9999999999999999,-0.003561000000001399,868,189,47.078140222413225,339.8623621327061,163.65668585869898,2.0850921658986175
NDARUE991BE0,R11,ThePresent,available,199,500.0,60.023095965580005,130,0,42,E8,E25,E21,E17,False,False,False,False,341,236,0.006145353839399929,273.8569834011173,218.17852226891412,-0.0008355767047711936,0.675292909827881,6000,0.9798653706285824,855,0.0028242823041556087,4.389786271373894,0.021398408312982398,34506.0,0.03361605769235431,0.021246352609482815,34333.0,0.00010824799779601477,2,203.065996,1.5432100042289676e-11,1.5432100042289676e-11,2,2,0.9999999999999999,-0.0002200000000020308,1973,39,68.51678809292602,127.93491817489308,202.49057402955648,9.251135326913328
NDARUF170ABA,R9,ThePresent,available,126,500.0,60.02336127287485,130,0,42,E8,E25,E21,E17,False,False,False,False,97,293,0.013526230959430306,915.3613195797577,520.105016211653,-0.006098225816552702,0.9442611521735514,6000,0.9657058503958228,2039,-0.004690034912182332,2.5428537913815297,0.02429904839726695,15947.0,0.04896332616738319,0.021919484939668585,41103.0,0.03842925031973252,2,203.072004,5.46229728115577e-11,5.46229728115577e-11,0,2,1.0,0.004660000000052309,1007,34,23.868168153222783,371.4759008492583,129.33387186878892,1.2041012909632574
NDARUF540ZJ1,R7,ThePresent,available,564,500.0,118.73666850133088,130,0,34,E8,E25,E21,E17,False,False,False,False,0,242,0.010356658186971136,1383.9134006481206,427.3453328599995,-0.0032797796536545047,0.7617855364230492,6000,0.9709671535302606,1675,-0.002132661295682058,4.608311934199037,0.04169820040189562,-45503.0,0.04422656334788534,0.030170454593904526,45301.0,0.04072378663689498,2,203.066001,1.0969003483296547e-10,1.0969003483296547e-10,0,2,1.0000000000000002,0.0028499999998649298,1437,106,24.010594446186644,259.74882175060253,200.58164234756794,4.901036882393876
NDARUF588WT6,R10,ThePresent,available,184,500.0,60.023443886644706,130,0,42,E8,E25,E21,E17,False,False,False,False,122,235,0.004287944002863788,3677.881714510884,1496.4302417610122,-0.0027732991432167444,0.9631307798684589,6000,0.9844540697357366,2255,-3.9190403058402554e-05,0.8289976708036352,0.0009886079309429994,2879.0,0.0029111399310794914,0.0009764536240664236,3779.0,0.0005493156432213627,2,203.06600400000002,7.482903185973555e-11,7.482903185973555e-11,0,2,0.9999999999999999,-0.003594000000064112,1127,49,30.231340646577692,315.7052766336933,204.34606756096474,2.524773735581189
NDARUF850XKH,R9,ThePresent,available,247,500.0,60.02340119556247,130,0,42,E8,E25,E21,E17,False,False,False,False,158,238,0.4081673823182823,-675.9548102900621,370.98139562139886,-0.41887483919256996,0.97300029969381,6000,0.9932364878365115,1455,-0.40445184482918084,3.0277650439039285,1.379653224312928,14160.0,2.28693731877414,1.1707327370267508,13503.0,0.03987418101113249,2,203.062006,2.1538326677728037e-11,2.1538326677728037e-11,0,2,1.0,-0.0026089999999853977,892,202,46.74808335863653,277.9996322719428,189.10793642513903,12.700728699551568
NDARUG492VF0,R5,ThePresent,available,716,500.0,60.02341424033959,130,0,42,E8,E25,E21,E17,False,False,False,False,195,248,0.5523391065569685,-3014.972807653583,546.3684206665748,-0.14147078435374233,0.7265141320813966,6000,0.9482588030732203,1056,0.09983063744844113,3.612004486450649,0.7586687821680983,6174.0,1.2791269657160322,0.7013840496653513,18580.0,0.9624873246254967,2,203.074002,1.5543122344752192e-12,1.5543122344752192e-12,0,2,1.0,0.0027719999999969718,1097,124,22.811720607625894,312.7655993841054,228.94364782544346,1.515897903372835
NDARUH340WL5,R11,ThePresent,available,775,500.0,60.023453066295666,130,0,42,E8,E25,E21,E17,False,False,False,False,279,238,0.0021037624377119447,-0.6930434996059044,193.26854465307045,0.0006632970296330832,0.9419737027131126,6000,0.99523295726446,758,0.0030453073061191974,5.460678208116545,0.003174848718791337,25.0,0.003097269944643994,0.0020162591545708226,-25008.0,0.001740879500683196,2,203.066005,9.225953334635051e-11,9.225953334635051e-11,0,2,1.0000000000000002,0.0020550000000708487,1400,158,42.06900670105033,201.29571474356905,169.76790072104055,11.212407142857142
NDARUH536DUK,R9,ThePresent,available,1221,500.0,60.0185249049836,130,0,42,E8,E25,E21,E17,False,False,False,False,180,221,0.017149027407789452,-73.70298444733632,990.5146730273469,-0.0023269454921407496,0.9527823372526878,6000,0.984549232879645,3883,0.015523482479281018,3.5175457375687933,0.023709836154401014,44702.0,0.03273335101152388,0.020652008462270804,45460.0,0.0007154225215661864,2,203.072003,6.861178292183467e-11,6.861178292183467e-11,0,2,1.0000000000000002,0.005497000000051715,788,378,47.14884824704087,178.68452115358176,463.84710613114197,7.478743654822335
NDARUJ182TDW,R7,ThePresent,available,1203,500.0,114.13431689189721,130,0,34,E8,E25,E21,E17,False,False,False,False,0,228,0.0030810744531265992,2815.4267921749165,902.6137082084964,-0.0003716870640710566,0.9429779704561244,6000,0.9874320281716357,1953,-0.000450629936789946,4.98956166864142,0.007133198702017076,17582.0,0.009851738516035862,0.0027548066748338137,2753.0,0.005371400660918543,2,203.067997,5.062616992290714e-11,5.062616992290714e-11,2,2,0.9999999999999998,-0.0003380000000153808,1502,196,84.63135346574137,139.07504403863066,447.6019604253677,11.294740346205058
NDARUJ744NEU,R5,ThePresent,available,493,500.0,60.023488671718965,130,0,42,E8,E25,E21,E17,False,False,False,False,284,232,0.9441335162832601,40.02716793450892,299.1473110550135,-0.13718846296376883,0.4741024590138873,6000,0.9965891502973161,1173,0.7701930788318712,2.7892627412098423,1.3214507472566626,22313.0,2.6549073026048364,1.1147220558897404,8323.0,2.2108386231456683,2,203.064005,4.3520742565306136e-11,4.3520742565306136e-11,0,2,0.9999999999999999,0.006777999999969994,1331,105,31.85629037281852,254.843839548248,170.41076178486924,2.327655897821187
NDARUJ894ZXG,R5,ThePresent,available,248,500.0,60.02338056226132,130,0,42,E8,E25,E21,E17,False,False,False,False,735,220,0.0012380485126401175,61.2008597156006,329.69666962840273,-0.0002623813591736962,0.7327431509651445,6000,0.964850807007103,1293,0.0012342853648171742,3.541801698587582,0.001326940157580208,31.0,0.0021669129641269675,0.0010111890473809887,-9819.0,0.0017517448671142948,2,203.076,4.241051954068098e-11,4.241051954068098e-11,0,2,0.9999999999999999,0.005213000000056513,1287,46,32.62171103628946,267.6552911591328,254.24624385412287,3.4682284382284387
NDARUK025ZFT,R8,ThePresent,available,2029,500.0,60.02343593146596,130,0,42,E8,E25,E21,E17,False,False,False,False,193,227,0.003915369258526593,2018.0992467623576,488.27729004524605,0.0017045063529330558,0.9704001611524229,6000,0.9991093338336137,1914,0.0026938798698742613,3.110386525484144,0.005770262430491391,-29056.0,0.00662352782312753,0.0057653474871095815,-28950.0,8.35936536611702e-06,2,203.276002,3.352873534367973e-11,3.352873534367973e-11,0,2,0.9999999999999997,-0.0029789999999610935,941,274,38.86396990816137,258.72328653137225,309.0155649268567,5.557417640807651
NDARUK329RUU,R4,ThePresent,available,198,500.0,60.018443559020376,130,0,42,E8,E25,E21,E17,False,False,False,False,167,248,0.0008007425151362267,-88.88565704378716,426.46712756541564,-3.288898136289711e-05,0.8123920755522629,6000,0.982190228697644,1671,0.0008893646135971681,4.070153890071053,0.0009362821067369281,32.0,0.0010730773869211604,0.00045896800492156405,-28267.0,0.0005060230192986636,2,203.064006,2.1760371282653068e-11,2.1760371282653068e-11,0,2,1.0000000000000002,-0.004133000000043779,945,46,23.059378657852278,398.38915874339364,143.42583140094754,1.3892063492063491
NDARUK588UY6,R8,ThePresent,available,978,500.0,60.01870760954405,130,0,42,E8,E25,E21,E17,False,False,False,False,253,214,0.008788957752924922,-11.22506957763635,242.21968172004185,0.0015495156937644116,0.9165241062665571,6000,0.9984923960565378,949,0.010884770903676084,8.238286190739888,0.011142570701243875,25.0,0.011164054772418764,0.003964971660643629,-19326.0,0.0032615683541917695,2,203.286003,7.815970093361102e-11,7.815970093361102e-11,0,2,0.9999999999999996,0.007278999999958157,1143,236,35.595070333100914,239.21702851828067,202.53956962321564,5.731181102362204
NDARUK658FMU,R7,ThePresent,available,1541,500.0,113.80430961042504,130,0,34,E8,E25,E21,E17,False,False,False,False,0,228,0.0014932888931053956,-2635.712027954983,595.2225397057397,0.0003445591923108084,0.8541698982730015,6000,0.998211507821416,1531,0.00043760470748481446,3.9998325260717604,0.001857748183669962,-2511.0,0.002679119608954328,0.0018558161084054965,-2546.0,2.2140024454400664e-08,2,203.06999599999997,9.947598300641403e-11,9.947598300641403e-11,2,2,0.9999999999999999,0.0013359999999157332,1107,147,16.59335773809125,324.61800541064855,379.09356285115626,2.4299006323396566
NDARUL160DMT,R9,ThePresent,available,430,500.0,60.02337488788038,130,0,42,E8,E25,E21,E17,False,False,False,False,109,225,0.004971423792861479,-787.2570584466173,438.4111382807356,0.0009499992741537932,0.7587688005774066,6000,0.9520699330471898,1719,0.002650312970211238,2.633692864196774,0.02395664634554726,24596.0,0.0450625954266915,0.02204670186765376,-47232.0,0.033083929233841736,2,203.066,3.319566843629218e-11,3.319566843629218e-11,0,2,1.0000000000000002,0.0049400000000092955,1036,89,23.721526139427322,343.0641998534956,166.60546130522857,1.8367471042471042
NDARUL224GN6,R1,ThePresent,available,1283,500.0,112.91856623864703,130,0,34,E8,E25,E21,E17,False,False,False,False,0,237,0.0011518722220428645,-2341.80524897116,1155.3001722210424,-0.0005667437572496586,0.9515737966685264,6000,0.9220169340624261,2923,-0.0005040982626804587,1.9613454603728946,0.0007904368309218444,-1906.0,0.0017252380899817653,0.0006794342810798487,-2594.0,0.00032615529315395533,2,203.068001,3.552713678800501e-12,3.552713678800501e-12,2,2,1.0,0.0009709999999927934,1482,206,19.17076228081455,194.98842116007535,292.89202669483996,2.135080971659919
NDARUL290YKN,R9,ThePresent,available,93,500.0,30.003268756952664,130,0,42,E8,E25,E21,E17,False,False,False,False,107,227,0.01224644028396474,28.28238527631808,321.59808783481924,-0.0008074653720504147,0.98987981977312,6000,0.9980084577173574,1261,0.012464781530592776,14.161107226573316,0.01275828710535632,26.0,0.014122387819869223,0.0022766054064527457,10949.0,0.004872474497433658,2,203.28400200000002,1.6542323066914832e-11,1.6542323066914832e-11,2,2,0.9999999999999999,0.0003079999999955157,956,66,55.53992488966828,333.73772057439766,136.85798969544217,4.064163179916318
NDARUL636NGK,R9,ThePresent,available,40,500.0,60.023374460062435,130,0,42,E8,E25,E21,E17,False,False,False,False,94,235,0.015108597396315754,-2534.972712652491,565.9361390348565,-0.023268443432320138,0.9445968726592141,6000,0.9950782789365645,1575,-0.036028367842239326,1.5977664439013783,0.03851808250436647,9691.0,0.08671189837153637,0.028110450596023583,10490.0,0.00026223182683907803,2,203.06600600000002,5.007105841059456e-11,5.007105841059456e-11,0,2,0.9999999999999994,0.005016000000072389,718,10,20.97664442997083,541.556148708431,138.28401950832577,0.8433704735376044
NDARUL675RXW,R5,ThePresent,available,143,500.0,60.02339624855033,130,0,42,E8,E25,E21,E17,False,False,False,False,146,242,0.0064407616694364235,2206.066488907413,474.55691624776136,-0.0007410655043545601,0.795717648243896,6000,0.9850642284445392,1724,-0.0016518088790249534,2.759340017484966,0.010294649129351954,-43306.0,0.015253607874377285,0.009248836064788987,30743.0,0.018032010776467704,2,203.074002,3.175237850427948e-11,3.175237850427948e-11,0,2,1.0000000000000002,-0.007396000000006938,1213,41,26.686737079765887,298.4946310161469,194.6379734153246,1.5961170651277823
NDARUL694GYN,R9,ThePresent,available,1848,500.0,60.008678880920016,130,0,42,E8,E25,E21,E17,False,False,False,False,99,227,0.003619711941096407,4065.6849655971187,2378.649072029692,-0.0018926432127057903,0.9349369696367781,6000,0.9272707696204847,3596,-0.0025302801637200924,1.3814180284371425,0.0015825593072090179,2769.0,0.003452527935008329,0.0014533940552928079,31500.0,0.0029694850585685485,2,203.063995,7.405187574249794e-11,7.405187574249794e-11,0,2,1.0000000000000004,0.002123000000033905,880,206,24.95262518266938,340.62626173123965,305.39345628694014,2.9018977272727273
NDARUL945XUU,R2,ThePresent,available,338,500.0,119.13695127756078,130,0,34,E8,E25,E21,E17,False,False,False,False,0,248,0.001679292516265334,-29.122188017899703,608.0438642957613,0.0006737972679875747,0.9468879093059097,6000,0.995161658913621,2383,0.0024489347906014084,7.764312319675808,0.002472897121472706,-57.0,0.002845492439985012,0.001776984029626869,709.0,2.082387530006626e-05,2,203.080005,7.860379014346108e-11,7.860379014346108e-11,2,2,1.0,-6.599999992849287e-05,1416,19,14.798268091818564,270.80839781959907,614.9630618311005,1.3319985875706213
NDARUM009GEZ,R4,ThePresent,available,122,500.0,119.37244606618292,130,0,34,E8,E25,E21,E17,False,False,False,False,0,228,0.001308384411809279,-161.62791357450106,341.95682774797865,-0.00011491526690211146,0.660352756582095,6000,0.9512325001657742,1340,0.0014863345329096877,3.736672686699604,0.0026223226094020664,41884.0,0.004162135966228631,0.0025916849299568753,41797.0,3.977529019099247e-05,2,203.066003,6.88338275267597e-11,6.88338275267597e-11,2,2,1.0000000000000002,8.699999988965494e-05,1752,149,18.668934226143172,202.88430744779458,200.52709659926742,1.6294691780821917
NDARUM721FCJ,R9,ThePresent,available,50,500.0,30.003249911250204,130,0,42,E8,E25,E21,E17,False,False,False,False,100,234,0.015999856121051297,-23.397992262035316,322.3255371922833,0.0003826718725453651,0.8886136652592513,6000,0.9664159516192636,1264,0.023068877195329605,10.21039680470671,0.02387308069732873,19.0,0.026128057916970385,0.007155646011211054,-12883.0,0.006548061993662229,2,203.28599799999998,9.958700530887654e-11,9.958700530887654e-11,0,0,1.0000000000000004,0.008293000000056783,1266,24,49.86458171088109,265.84543265495427,133.32510830353985,1.6069273301737756
NDARUN221VCJ,R1,ThePresent,available,906,500.0,114.92616955260922,130,0,34,E8,E25,E21,E17,False,False,False,False,0,233,0.002472380867551191,202.69790758620317,566.5000901417445,7.438565770824129e-05,0.899893696738371,6000,0.9841517790866555,2221,0.002646534532972697,3.790280837481321,0.0026500628308941563,-17.0,0.0037071920747350625,0.0023473666073019193,354.0,0.00015706317221132748,2,203.070005,1.1812772982011666e-10,1.1812772982011666e-10,2,2,0.9999999999999999,0.0004000000001233825,1356,103,21.63588752609985,252.09259645550026,431.5607907179624,2.807964601769912
NDARUN300FG1,R1,ThePresent,available,175,500.0,119.54184925059764,130,0,34,E8,E25,E21,E17,False,False,False,False,0,243,0.005864959370855626,39.58969911251768,168.12638943680247,-0.0007567136744317891,0.8811486627425124,6000,0.997657690647968,659,0.005169305996373436,9.715866549645508,0.005482506904400593,46.0,0.006568994498121315,0.0015967031697560862,11643.0,0.002601310666275962,2,203.06799800000002,1.092459456231154e-10,1.092459456231154e-10,2,2,1.0000000000000002,0.0009300000000757968,1112,35,17.498665161213356,348.81510194239985,152.53909504567582,2.0641276978417267
NDARUP441BKK,R8,ThePresent,available,198,500.0,60.02336549927212,130,0,42,E8,E25,E21,E17,False,False,False,False,269,233,-1.0,-1.0,-1.0,-1.0,-1.0,-1,-1.0,-1,0.13354727551754617,3.4052941057433905,1.0319124077502242,-43322.0,1.2313417082921747,0.703368782357055,-19292.0,1.5407666691532014,2,203.074005,2.0761170560490427e-11,2.0761170560490427e-11,0,2,0.9999999999999997,-0.004355999999986374,1492,44,34.16992416774674,231.5216458440121,140.47292514528726,2.0058176943699735
NDARUR126CFH,R7,ThePresent,available,354,500.0,119.59622057216869,130,0,34,E8,E25,E21,E17,False,False,False,False,0,246,0.0010202275042105532,-1397.1635514303957,154.25058851843082,0.0003729325796499203,0.717808767665479,6000,0.9958970972561102,605,0.0008459714639380944,2.4661696921624303,0.0014948941152327394,-45880.0,0.0029615685795080027,0.0014641046671941605,-22245.0,0.0026643622163204225,2,203.07000000000002,1.5987211554602254e-11,1.5987211554602254e-11,2,2,1.0,0.0007399999999964866,1490,63,20.438919512530862,259.06834894226216,126.44497463346599,3.5091610738255032
NDARUR202RX7,R11,ThePresent,available,867,500.0,60.023478310676964,130,0,42,E8,E25,E21,E17,False,False,False,False,198,228,5.130505049031558e-06,-2603.3170696391535,1090.60488215306,-3.3549153028503974e-06,0.8176401076380824,6000,0.27361113836050416,2535,-5.868602747588537e-07,1.4021067098377558,3.345187154220483e-06,-20191.0,3.39994754242487e-06,3.2533252726822597e-06,-20261.0,3.338663051364879e-08,2,203.065998,4.196643033083092e-11,4.196643033083092e-11,0,2,0.9999999999999999,-0.004564000000026974,1651,234,62.96069209594571,136.62142359985242,188.18204453633837,6.623095093882495
NDARUR298LVX,R11,ThePresent,available,108,500.0,60.02345289212554,130,0,42,E8,E25,E21,E17,False,False,False,False,119,226,0.008075063317246172,378.6951977367936,735.6771286718155,-0.0057447630892418135,0.9239813797672185,6000,0.9067082243522285,2884,0.0026994677947424555,4.588631604066489,0.0205768121506514,-6959.0,0.03153705307169629,0.016993920145152854,-6608.0,0.0005464714559343387,2,203.076005,2.375877272697835e-11,2.375877272697835e-11,0,2,1.0000000000000002,0.0043519999999802215,1510,24,33.89564541477443,232.71326276164768,140.91888108603257,3.3649403973509937
NDARUR627UZG,R11,ThePresent,available,526,500.0,30.003212091406443,130,0,42,E8,E25,E21,E17,False,False,False,False,34,218,0.0033026384708250396,-93.90291330629762,315.33786170820474,0.00041389417286777456,0.7081814163260834,6000,0.9803489111376494,1236,0.00459447949726889,4.229147444929253,0.006470758410843607,22471.0,0.00867833136253534,0.005385619970017454,-8648.0,0.005122560985713741,2,203.075996,3.086420008457935e-11,3.086420008457935e-11,2,2,1.0000000000000002,0.0017449999999949203,655,78,48.698425683859334,241.91443030912635,2680.155044577166,1.407267175572519
NDARUR924XNN,R11,ThePresent,available,171,500.0,60.02343654977244,130,0,42,E8,E25,E21,E17,False,False,False,False,69,231,0.0042974702041316485,2999.7636127089745,315.22861646315056,-0.00028533858428267254,0.5549224335407673,6000,0.9982050827730566,618,0.0018854422198147998,2.611768982091783,0.005545867990878558,8692.0,0.009944650198349702,0.005452142842373284,50934.0,6.454123392065931e-05,2,203.064003,7.882583474838611e-11,7.882583474838611e-11,0,2,1.0000000000000002,-0.005772999999956151,1333,43,44.72036266325322,233.11682775324937,123.99007039251181,14.357441860465114
NDARUR987CDM,R1,ThePresent,available,287,500.0,118.91654951986641,130,0,34,E8,E25,E21,E17,False,False,False,False,0,233,0.001537122201888416,406.63435141448764,424.92333729307836,-0.00030502796729861456,0.9762962381271053,6000,0.9979768111175307,1666,0.0006718814122381275,5.846139581560874,0.0012275688073551056,343.0,0.0016810961937939997,0.0012117490440171038,401.0,2.0481103257146468e-06,2,203.070007,4.929390229335695e-11,4.929390229335695e-11,2,2,0.9999999999999999,0.0013030000000707413,1221,38,15.118083224251235,313.036222470206,336.1513779693109,1.3081326781326783
NDARUT136EUY,R10,ThePresent,available,214,500.0,30.00322059090392,130,0,42,E8,E25,E21,E17,False,False,False,False,68,219,0.00521170427214022,19.954942320271268,194.8475419754126,-0.0004584920046259553,0.9782002857187903,6000,0.9971881917798588,763,0.00526951155190396,11.240198925739826,0.005381855674682176,15.0,0.006206341680843365,0.0011242493546444804,39410.0,0.0013441376148281042,2,203.065999,2.098321516541546e-11,2.098321516541546e-11,0,0,1.0,0.009966999999986422,1404,65,54.174558916730604,214.4192830040686,313.307760216424,1.8177991452991453
NDARUT142RT3,R8,ThePresent,available,744,500.0,60.02351013004356,130,0,42,E8,E25,E21,E17,False,False,False,False,189,259,0.011451844420334475,46.26957898960713,224.63836733354714,-0.002764228635520575,0.8252008289969407,6000,0.9936155997800176,881,0.009324911893739421,6.349237618122017,0.01023035081288487,38.0,0.016033799111523087,0.0021624900331207197,-50942.0,0.0009571636514622926,2,203.275995,1.9095836023552692e-11,1.9095836023552692e-11,0,2,1.0,-0.005248000000009693,1358,190,34.39552758350339,218.73592494340065,183.58718105763572,3.081134020618557
NDARUT233WU9,R4,ThePresent,available,2454,500.0,111.85983009445653,130,0,34,E8,E25,E21,E17,False,False,False,False,0,232,0.0007114433324892622,1884.934129423662,397.3958752665057,0.0001802141590961069,0.5839598696341272,6000,0.9903005123295289,1557,0.0007849049255566167,3.0264716303623924,0.0021630196115921844,44276.0,0.0032691558967231794,0.002121525243970281,18647.0,0.004014165137346046,2,203.07000599999998,7.949196856316121e-11,7.949196856316121e-11,2,2,1.0000000000000002,0.00027399999989728566,1437,114,26.766860718184688,201.5656646106136,808.5532466255332,3.362908837856646
NDARUT470BM4,R4,ThePresent,available,320,500.0,60.02325203354169,130,0,42,E8,E25,E21,E17,False,False,False,False,93,221,0.0014562056118909926,3060.6182726879256,485.6799557588846,-0.0011690363375316815,0.9152920304727028,6000,0.9977100777515645,891,-5.154586863567556e-05,1.6503559794055647,0.0008252154660451724,4126.0,0.0014334292302614201,0.0007842677170024364,3923.0,1.0127717725227849e-05,2,203.071997,5.595524044110789e-11,5.595524044110789e-11,2,2,1.0,-0.0019069999999451349,1252,54,39.88197472115366,265.8431115403041,201.7725983689314,5.389576677316294
NDARUT880HVY,R9,ThePresent,available,217,500.0,30.003279609209155,130,0,42,E8,E25,E21,E17,False,False,False,False,100,224,0.0354987180822292,-3764.7780596517014,985.1604667187775,-0.0035169978765063753,0.8567017714541484,6000,0.9991092664132915,1167,0.008452544410547283,5.172291813158964,0.05164196295554224,-4154.0,0.05574121857874212,0.028370322180349523,9344.0,0.05329293874214762,2,203.283995,4.9960036108132044e-11,4.9960036108132044e-11,0,0,0.9999999999999999,0.012319999999957238,1118,106,44.331629235169004,285.26793573867684,149.9852185040767,1.177057245080501
NDARUT891XYJ,R4,ThePresent,available,2179,500.0,119.67901066077458,130,0,34,E8,E25,E21,E17,False,False,False,False,0,235,0.0038747732590289157,6.540283653148555,275.74007813668163,9.331509511010631e-05,0.8459084489953778,6000,0.9907335064499359,1080,0.004728780310400005,8.152929656911548,0.004752971545495119,13.0,0.004892242805956127,0.0013849676120323213,-4985.0,0.0013619242855845409,2,203.064007,8.482103908136196e-11,8.482103908136196e-11,2,2,1.0000000000000002,0.0013480000000558226,1416,286,19.638442449348062,247.69066965414373,154.0469429594624,3.6421468926553677
NDARUU314RH7,R9,ThePresent,available,1180,500.0,60.023410105931724,130,0,42,E8,E25,E21,E17,False,False,False,False,661,244,0.012124979260395966,-2901.799692303823,770.0372432811284,-0.0037831276798353628,0.785161395145742,6000,0.8810995521300602,1608,-0.003596773578973822,6.464925011737469,0.0821929867368796,-6809.0,0.08661280945215882,0.040742075978782044,6586.0,0.061982479191821566,2,203.071996,3.197442310920451e-11,3.197442310920451e-11,0,2,1.0,-0.002320000000035642,1576,216,62.98287779022502,146.52059366095,222.44611413120148,6.381789340101523
NDARUU615WPR,R4,ThePresent,available,153,500.0,118.1052426236751,130,0,34,E8,E25,E21,E17,False,False,False,False,0,258,0.009363108243489507,-2908.3035985763963,1156.8569306701522,-0.009878077103488118,0.9944699572448448,6000,0.9994482733511498,2360,-0.010745083620400738,0.31650346760803105,0.0012915464473454113,-19979.0,0.00468696072311231,0.0006877603666815355,-49841.0,0.0031802160457132297,2,203.071999,5.0182080713057076e-11,5.0182080713057076e-11,2,2,1.0,0.0007550000000446577,105,44,192.7280256776948,107.85263481899132,672.0563924839411,32.382666666666665
NDARUU801VFA,R7,ThePresent,available,423,500.0,60.0186682073141,130,0,42,E8,E25,E21,E17,False,False,False,False,468,236,0.002017526118704406,43.89076005546595,307.4580177044178,-0.0003688875078139296,0.8278870703532523,6000,0.9980049590283651,1205,0.0017554392828964575,3.334820162894223,0.0020151616680259858,45384.0,0.002410748530990496,0.0019567441856046253,45689.0,3.085695849000276e-05,2,203.065996,1.0580425424677742e-10,1.0580425424677742e-10,0,2,0.9999999999999996,-0.005872000000069261,1210,58,22.416235548205247,296.9310868952107,218.5950897608927,1.3360330578512396
NDARUU939VRT,R9,ThePresent,available,747,500.0,30.003313553818554,130,0,42,E8,E25,E21,E17,False,False,False,False,94,233,0.012543663367270223,520.7761757551938,421.32887874301247,0.004190148284943709,0.8969309425848595,6000,0.9774492620835891,1652,0.013390629343182438,3.0380041442367176,0.01778804725249924,18329.0,0.02573521963850548,0.017737452814930475,-19038.0,0.025389867785807263,2,203.275994,3.652633751016765e-11,3.652633751016765e-11,0,0,1.0,-0.013461999999955452,836,167,64.62843316995128,249.22204245917717,649.0510853995854,5.448253588516746
NDARUU991VRE,R7,ThePresent,available,221,500.0,60.023347821855864,130,0,42,E8,E25,E21,E17,False,False,False,False,176,246,0.0012333205731042752,68.49938572297873,370.28339325245094,4.205228457341831e-05,0.9531890365752945,6000,0.9966283843709859,1452,0.0014013950966372413,7.139281614924929,0.002070216988802209,34177.0,0.0023365559048519943,0.0014705022062394433,35.0,0.0018986496525189175,2,203.073993,4.451994328746878e-11,4.451994328746878e-11,0,2,1.0000000000000002,-0.007066000000060767,1200,44,24.852376730275626,304.91766574988776,165.84224098658316,1.3353249999999999
NDARUV041YCY,R5,ThePresent,available,447,500.0,119.88585811728878,130,0,34,E8,E25,E21,E17,False,False,False,False,0,248,0.0010152544529571633,4.185315768539647,308.4845813849114,-0.0003517493826917832,0.9588845102944806,6000,0.9783167873054389,1209,0.0008437758203848199,10.079524626479627,0.0008444950683186397,3.0,0.001273748024558736,,,,2,203.066002,4.4853010194856324e-11,4.4853010194856324e-11,2,2,0.9999999999999996,0.0014410000000627816,1079,84,16.04841705026434,363.9967236540687,183.51082523395567,2.134328081556997
NDARUX187JTB,R9,ThePresent,available,306,500.0,30.003266010293586,130,0,42,E8,E25,E21,E17,False,False,False,False,55,221,0.006877808676508068,10.033141326768261,411.7261587869476,-0.0004584799430978958,0.9385637446248009,6000,0.9815175508714175,1614,0.008369081529476064,11.182264599408224,0.008615097549560384,21.0,0.009484354261123333,0.002545065444483243,-19200.0,0.0021654494226858675,2,203.27599700000002,7.771561172376096e-13,7.771561172376096e-13,0,2,1.0,0.007057000000001547,1264,83,64.76370874086513,216.92191605478163,338.93069926238104,4.139992088607595
NDARUX368CL6,R10,ThePresent,available,323,500.0,30.00306743225002,130,0,42,E8,E25,E21,E17,False,False,False,False,65,230,6.566332951623198e-06,-3928.904096174624,906.8798896646288,1.8284536716694628e-06,0.6850177093282639,6000,0.9995536221562423,849,4.041007246989798e-06,2.8240278226279965,7.053613883515715e-06,-45114.0,4.859261715334572e-06,7.0504930322546094e-06,-45041.0,2.7320845419529335e-08,2,203.065993,3.5416114485542494e-11,3.5416114485542494e-11,2,2,0.9999999999999997,0.00023200000007134237,828,157,43.11316847839376,357.9956476040017,174.2988518561971,2.555676328502416
NDARUX534HZQ,R5,ThePresent,available,961,500.0,60.023389155973696,130,0,42,E8,E25,E21,E17,False,False,False,False,127,227,0.0029071439130543206,-26.376967971977,237.68125251189159,0.0007387375411990159,0.7316887511000703,6000,0.9940382417606332,932,0.0040639336742410185,3.412653524091773,0.004268293517423283,29.0,0.003647295588295599,0.002758350892779084,-20824.0,0.0020231925945144577,2,203.065997,3.7414515929867775e-11,3.7414515929867775e-11,2,2,0.9999999999999996,-0.0011439999999816321,1088,232,67.8529073848007,166.09816848307287,157.55480776984604,18.596176470588233
NDARUX818MGE,R8,ThePresent,available,683,500.0,60.02353865573503,130,0,42,E8,E25,E21,E17,False,False,False,False,211,213,0.019744762514897377,1690.421756520901,463.9530876874753,-0.002856836726448171,0.8221506044670597,6000,0.9971301747045532,1818,0.005823413834844475,2.544130112837143,0.024256410430167862,16330.0,0.03193486008420979,0.024235134737625393,16377.0,3.3152801717433594e-05,2,203.285995,1.865174681370263e-11,1.865174681370263e-11,0,2,0.9999999999999999,-0.002069999999990404,1136,170,29.406971887182397,288.96391008036267,151.61234728682018,1.710906690140845
NDARUX885LMW,R5,ThePresent,available,77,500.0,60.02338251736035,130,0,42,E8,E25,E21,E17,False,False,False,False,149,228,0.0007044533784508798,71.57940350888542,414.14853916655414,0.0002200485105264867,0.9471557101540287,6000,0.9946477483236295,1624,0.001034957847343905,6.335474985693747,0.001072060844157814,31.0,0.0009901962574180533,0.0006874255021392475,20263.0,0.0008545599860914228,2,203.074001,3.9190872769268026e-11,3.9190872769268026e-11,2,2,1.0,0.0005380000000213642,950,16,24.095971599163263,398.69659892675935,202.00722990398418,1.1870105263157895
NDARUX911VE1,R9,ThePresent,available,150,500.0,30.00330055386093,130,0,42,E8,E25,E21,E17,False,False,False,False,118,218,0.015608839265130053,98.48883686077203,538.9248749011625,0.0001952492966746165,0.8827267022988537,6000,0.981556292472947,2112,0.019144870913719417,6.426964206203182,0.019899655648722453,31.0,0.024139280773068327,0.009934380826460367,662.0,3.828289594168949e-07,2,203.276003,2.7533531010703882e-11,2.7533531010703882e-11,0,0,0.9999999999999998,-0.011863999999973023,1084,54,47.07561425670344,309.2732074346573,247.5143075921606,1.7860055350553508
NDARUY024RVP,R9,ThePresent,available,187,500.0,30.003238008649447,130,0,42,E8,E25,E21,E17,False,False,False,False,60,209,0.020682054824171,73.98532713377102,361.51247388185044,-0.002267987109582157,0.8202157229654269,6000,0.9659771112725514,1417,0.024306147996365414,3.6547767999867404,0.02578459453673049,29.0,0.042301618878939774,0.022236099684707952,-45642.0,0.02521312534728197,2,203.285997,2.8532731732866523e-11,2.8532731732866523e-11,0,2,1.0000000000000002,-0.003622000000000027,1279,38,52.72055659767882,244.08141800782488,492.95433489052874,1.7890617670054727
NDARUY379PT5,R7,ThePresent,available,3341,500.0,60.02342230869728,130,0,42,E8,E25,E21,E17,False,False,False,False,231,241,0.02466041772937905,-2544.5367322624415,1059.5355536325828,-0.0013494647776423438,0.964357971443101,6000,0.9993395671673201,2533,0.002115413396662998,3.6185945059128057,0.023880645928307763,-2396.0,0.04497642370911849,0.022466226645207626,-2911.0,0.0003395462999248623,2,203.063994,2.9531932455029164e-11,2.9531932455029164e-11,2,2,0.9999999999999996,0.0009640000000025996,477,621,55.3255511099298,271.2648579755309,199.14432758851692,18.669245283018867
NDARUY529FNK,R5,ThePresent,available,12143,500.0,59.745653198313796,130,0,34,E8,E25,E21,E17,False,False,False,False,0,223,-1.0,-1.0,-1.0,-1.0,-1.0,-1,-1.0,-1,0.0004417686682048341,1.7643332438855586,0.0021566131474805004,39015.0,0.0016676446904142035,0.002155357999548622,38961.0,2.7747333967379634e-08,2,203.070001,3.863576125695545e-11,3.863576125695545e-11,2,2,1.0000000000000002,0.0005879999999506373,23,8,26.11445076102678,135.83684474531879,51302.01969647414,11.46608695652174
NDARUY549PGQ,R5,ThePresent,available,378,500.0,119.81828329760695,130,0,34,E8,E25,E21,E17,False,False,False,False,0,227,0.0006457604149493581,2037.587587068907,1012.5094161485483,-2.254588455601881e-05,0.5131861843872528,6000,0.9760067645903499,2946,0.00031495093316838586,3.9647868103141324,0.00390665219043375,26325.0,0.006407128439875273,0.002097143581572257,21033.0,0.00367719668718949,2,203.070004,2.7977620220553945e-11,2.7977620220553945e-11,2,2,0.9999999999999998,-0.0003049999999712672,1216,68,22.593105169473937,316.5083071515877,137.14241266169319,2.9419736842105264
NDARUY720JW1,R11,ThePresent,available,107,500.0,60.023449914032724,130,0,42,E8,E25,E21,E17,False,False,False,False,813,233,0.013279223599146218,-666.8036416708002,591.1677638118288,-0.002566743653958127,0.49856150145109507,6000,0.9492327568842164,2317,0.008130770153635707,2.1938673012891785,0.026155510613102104,-21533.0,0.03927083007195176,0.020440215214390354,-20219.0,0.0031702598659820377,2,203.065997,1.709743457922741e-11,1.709743457922741e-11,0,2,0.9999999999999999,0.0026020000000060743,1295,20,28.174366692002977,281.36283366313336,190.78956222966954,1.974888030888031
NDARUY730ANT,R5,ThePresent,available,1566,500.0,60.023394610221054,130,0,42,E8,E25,E21,E17,False,False,False,False,269,248,0.0004191480533915099,13.09871088642549,289.3676482997463,0.0002489342388975644,0.7148518394703474,6000,0.9986620204095784,1135,0.0007134224655137791,5.102481654737109,0.000729525612083402,29.0,0.0009896563409586543,0.00037980777921450614,-27455.0,0.0003234491965862764,2,203.074002,3.674838211509268e-11,3.674838211509268e-11,0,2,1.0,-0.004976999999955006,1106,162,38.93937430007992,264.7064062392156,351.5153917653958,3.8967088607594937
NDARUY818JG8,R7,ThePresent,available,116,500.0,60.02341912119906,130,0,42,E8,E25,E21,E17,False,False,False,False,127,238,0.001185846843905878,11.363961332017565,348.4577372789301,0.00013825417621202014,0.7593239846899401,6000,0.9781094961527993,1366,0.0017271543553639091,5.660861816789847,0.0018440259967643727,33.0,0.002201785956839792,0.0016006210251387854,3879.0,0.0014923687991419384,2,203.06399299999998,5.81756864903582e-11,5.81756864903582e-11,0,2,1.0000000000000002,-0.0073189999999693205,1914,26,49.85906363194288,157.24727811581312,173.6436553768861,4.466489028213166
NDARUY825AKX,R9,ThePresent,available,1543,500.0,60.00427356438198,130,0,42,E8,E25,E21,E17,False,False,False,False,176,242,0.009332565365810556,22.497331954439506,113.4987660169934,-0.003850623646534096,0.8021101585444397,6000,0.9840598651858019,444,0.00513084058883635,2.2074790598885468,0.011595979473458582,13667.0,0.018612988883927713,0.00703037937140883,7823.0,0.01429612131580709,2,203.275994,2.098321516541546e-11,2.098321516541546e-11,0,2,1.0,-0.007721999999986547,1337,263,32.25085612857573,213.77070099858824,203.59601291365348,3.08
NDARUZ200NRJ,R8,ThePresent,available,1479,500.0,60.023585414784904,130,0,42,E8,E25,E21,E17,False,False,False,False,159,224,0.00872834030294144,90.58011493714181,428.82585727277,-0.0015127839532650287,0.6372331865384258,6000,0.9776648850704716,1681,0.00893037640519427,5.1595432364143745,0.00913266251319663,21.0,0.013960358333588926,0.003913826144905328,1595.0,0.0016788764274586429,2,203.286005,1.6842083283563625e-10,1.6842083283563625e-10,0,2,1.0000000000000004,0.002921000000137399,143,247,446.3452779889349,79.08299437784643,848.2830677005866,40.661818181818184
NDARUZ221YL6,R11,ThePresent,available,713,500.0,60.023435874218706,130,0,42,E8,E25,E21,E17,False,False,False,False,107,236,0.0020684188664700943,14.939789407830974,138.99296569202338,-0.0005884748729870185,0.9515645843646858,6000,0.9763153793674524,545,0.0017183162085074731,6.240014747231916,0.0019493957863238021,25.0,0.0031582730099557962,0.00044241468516838386,-22213.0,0.001353329570304188,2,203.065996,1.6764367671839864e-11,1.6764367671839864e-11,2,2,1.0000000000000002,0.0018179999999664352,1569,87,70.03987735277015,124.51760759555896,124.27203147816677,20.907813894200128
NDARUZ345THD,R7,ThePresent,available,210,500.0,119.68576452660493,130,0,34,E8,E25,E21,E17,False,False,False,False,0,251,0.003908304283497526,-2049.2236130372976,964.5641231556286,-0.0015656516313141298,0.8489708226966723,6000,0.9534645833136508,2842,-0.0015092414709016698,2.6152725991446313,0.00377561766275709,-16659.0,0.006709942846793049,0.0032436130394589147,-15632.0,0.0007286742496618926,2,203.069997,1.1413092693146609e-10,1.1413092693146609e-10,2,2,1.0,0.0006370000001138294,1556,29,18.700736463892284,247.22552248786093,223.80697903895543,1.971555269922879
NDARUZ368BT4,R5,ThePresent,available,609,500.0,119.83270356017375,130,0,34,E8,E25,E21,E17,False,False,False,False,0,238,0.0027967481057989416,-32.15284558822669,401.4689649836364,0.0010537778755261885,0.9809744519192646,6000,0.9949481333402478,1574,0.004540649139139662,6.225827128523168,0.004543200846540931,4.0,0.004338507928549655,0.0030688473635464924,-14730.0,0.002536634153127289,2,203.074002,1.0702549957386509e-10,1.0702549957386509e-10,2,2,1.0000000000000004,-0.0009589999999300859,1631,130,15.73204669121865,232.68452100881925,148.6844530389149,2.3962967504598405
NDARUZ601TW4,R5,ThePresent,available,359,500.0,30.00321232259188,130,0,41,E8,E25,E21,E17,False,False,False,False,59,240,0.002184257002785325,-24.855290487786455,394.6433335008535,-0.0002395097636976698,0.8411589264897691,6000,0.9871332010557509,1547,0.0023785110431400365,7.221146208882876,0.0024610397226587466,25.0,0.0028411685489949648,0.0007408516026704962,5597.0,0.0017045978704712747,2,203.07199400000002,1.0369483049998962e-10,1.0369483049998962e-10,0,2,1.0000000000000002,0.005103000000065154,995,260,70.34483648643966,205.87988392665335,301.5074399202765,6.163195979899497
NDARUZ859WCN,R9,ThePresent,available,79,500.0,30.00325619608537,130,0,42,E8,E25,E21,E17,False,False,False,False,92,246,0.00907168770773409,68.42862639242539,484.48283568007184,-0.002247674951698603,0.96977518991627,6000,0.9811034260467688,1900,0.008375174877707947,9.040366619229017,0.00880401817214178,31.0,0.011767941648477446,0.003322127652621066,10493.0,0.0061983000250767535,2,203.28600500000002,7.649436639667329e-11,7.649436639667329e-11,0,0,1.0,-0.013580999999932375,1324,49,54.62926030346917,228.46407044223233,276.173252948817,2.9959365558912388
NDARVA602LMV,R11,ThePresent,available,96,500.0,60.0234610410562,130,0,42,E8,E25,E21,E17,False,False,False,False,135,220,1.2857510963097354,2387.477812523231,611.6069449559147,1.2858207974157811,0.8464418426087904,6000,0.9986000719321394,1811,0.1409048334391251,3.1374451724892625,4.130073039908649,47155.0,2.995743799842397,3.7307068495873863,28900.0,3.5887066382259443,2,203.06600799999998,2.8532731732866523e-11,2.8532731732866523e-11,0,2,0.9999999999999997,0.0023740000000007037,1597,14,32.183153407519015,220.74762434576468,270.13528395219026,1.7323231058234192
NDARVA930UA3,R5,ThePresent,available,136,500.0,119.39905892603834,130,0,34,E8,E25,E21,E17,False,False,False,False,0,237,0.00279724065036818,-157.11476136786527,395.3602899392826,-2.070634204492604e-05,0.7016457867651164,6000,0.9930771624492184,1550,0.0024948769022919586,2.8983137701299344,0.0037917015678620484,-41177.0,0.006176026971108466,0.003097970685202279,-23146.0,0.005556405240296012,2,203.080004,2.7533531010703882e-11,2.7533531010703882e-11,0,2,1.0000000000000002,0.003964999999972483,1252,42,13.79848315136242,305.93250582506283,357.87943740465425,1.227563897763578
NDARVB012UWL,R4,ThePresent,available,300,500.0,118.57491288946704,130,0,34,E8,E25,E21,E17,False,False,False,False,0,227,0.00016535579923728118,3013.56708843761,829.9499553411721,0.00013544276825306733,0.861965440692197,6000,0.8874295232757168,1613,9.824669702569268e-05,4.243989258474644,0.0007102717340457211,-49840.0,0.0002850509544993681,0.0005438425562936163,-44193.0,9.141258515458172e-05,2,203.069996,7.904787935331115e-11,7.904787935331115e-11,2,2,0.9999999999999998,0.0007780000001024186,1,21,8.382097165790702,,13167.439923495309,7.71
NDARVB151GXF,R4,ThePresent,available,449,500.0,60.02334566704821,130,0,42,E8,E25,E21,E17,False,False,False,False,370,228,0.001009059892765661,1338.2103109817126,491.25609357133345,-0.0001975348461281077,0.8715026986939832,6000,0.9912825029214619,1926,0.0001345545195417328,1.9827103997632498,0.000993179035935773,39925.0,0.0009140052279725902,0.0009674419142130907,15679.0,0.0008772161289467918,2,203.06600400000002,9.137135492665038e-11,9.137135492665038e-11,0,2,1.0,0.007609000000097388,1191,84,34.50896074559599,289.4940615853585,198.13608404876675,2.3942149454240136
NDARVB587ECK,R9,ThePresent,available,48,500.0,30.003246081047724,130,0,42,E8,E25,E21,E17,False,False,False,False,99,219,0.012479291202744608,-101.72880640158664,444.0570989297451,0.02435174992636453,0.9296123885561725,6000,0.9990267270601189,1741,0.03789434517619067,2.6003180829977324,0.04091862432903302,-15003.0,0.02154862147923021,0.040894407814221566,-14867.0,4.038595352534591e-05,2,203.275998,4.04121180963557e-11,4.04121180963557e-11,0,2,0.9999999999999999,-0.005325000000023758,1256,22,47.210084718835574,269.5441786935021,169.6891687572018,1.1972372611464968
NDARVB727UJC,R9,ThePresent,available,493,500.0,30.003165401351048,130,0,42,E8,E25,E21,E17,False,False,False,False,63,206,0.01730574359040368,-1459.8272136378307,225.8372609821184,0.02548458415334946,0.9870836864607611,6000,0.999640011144092,885,0.031416825339406436,3.4026872837101596,0.09321088804030908,42883.0,0.09925296398396115,0.07634700195243084,28338.0,0.11053431765328585,2,203.276001,7.815970093361102e-11,7.815970093361102e-11,0,2,1.0000000000000002,0.004128000000042134,748,374,56.77053185073709,213.25540877529863,360.13576938610345,5.820561497326204
NDARVB819ENX,R7,ThePresent,available,167,500.0,119.60457660950964,130,0,34,E8,E25,E21,E17,False,False,False,False,0,234,0.38171471120159456,1559.627793636173,505.4277042843826,0.22437111246296274,0.9875490796271843,6000,0.9991134082296709,1982,0.15148389184472763,5.053641731724688,0.6526252280243247,1623.0,0.6125622723654125,0.4031036767622755,-8547.0,0.3194187024705858,2,203.068001,7.505107646466058e-11,7.505107646466058e-11,2,2,1.0,-0.0001939999999354873,978,24,13.151352166661683,410.04547500499643,188.98056163384288,1.3889059304703477
NDARVB897AH1,R7,ThePresent,available,396,500.0,60.023363989496964,130,0,42,E8,E25,E21,E17,False,False,False,False,271,233,0.0002462408456643632,1459.2384103039838,330.6055977277125,-0.00019661543744066854,0.8657714829767824,6000,0.9661001175342651,1296,-1.5054881254706844e-05,1.9434783692585886,0.0005044666031958714,16805.0,0.0007375960376571618,0.00044146533658429536,26638.0,0.0006518390369293651,2,203.073993,2.864375403532904e-11,2.864375403532904e-11,0,0,1.0000000000000002,0.008665999999999287,1298,72,95.4315261590592,166.97466459746042,195.5297936457245,17.738166409861325
NDARVB902GA5,R5,ThePresent,available,283,500.0,118.99636894068202,130,0,34,E8,E25,E21,E17,False,False,False,False,0,227,0.0027159874606927353,-34.8720107342825,472.68724559667373,0.00033265662168374086,0.9175534198258607,6000,0.9877822134969706,1853,0.0031839495089400964,4.789060209491252,0.00343637243506193,-109.0,0.0036231787261523274,0.0020216139821986273,-20712.0,0.001852203663220721,2,203.07199500000002,1.0347278589506459e-10,1.0347278589506459e-10,2,2,0.9999999999999999,0.0001379999999082977,1555,62,26.377890889420886,237.2583510253629,237.4301277196203,3.0490160771704176
NDARVB972ZKQ,R11,ThePresent,available,288,500.0,30.003237891113432,130,0,42,E8,E25,E21,E17,False,False,False,False,168,232,0.002533093667794801,18.22790747065055,248.3348500695099,-0.00032304463397817967,0.6753491374495307,6000,0.985288537968036,973,0.002677753989426983,3.891887570542007,0.002776065047292747,22.0,0.003190948838856368,0.0012344415578350127,4969.0,0.0010500024636157532,2,203.075992,5.495603971894525e-11,5.495603971894525e-11,2,2,0.9999999999999999,0.0015579999999473348,967,108,42.70746594928888,336.30020986346443,184.2463223750451,1.0204756980351601
NDARVC140PKY,R7,ThePresent,available,3163,500.0,15.711385738101407,130,0,34,E8,E25,E21,E17,False,False,False,False,0,219,-1.0,-1.0,-1.0,-1.0,-1.0,-1,-1.0,-1,-0.0017607587943063998,3.9079293873179317,0.005186975068181247,3521.0,0.007792320623651762,0.004625701948123427,4272.0,9.083217455117636e-05,2,203.080007,6.039613253960852e-11,6.039613253960852e-11,2,2,1.0,-0.0003719999999368496,7,4,23.863886354774046,173.9305810360363,103364.10307222125,5.587142857142857
NDARVC195NLH,R5,ThePresent,available,945,500.0,119.71951205542283,130,0,34,E8,E25,E21,E17,False,False,False,False,0,250,0.00070100060458996,283.2851247435163,490.91946628960375,0.0008894849718103321,0.9399073982839875,6000,0.9959647331755075,1924,0.0015743144981847832,2.5786452930379555,0.0018158445551383728,14165.0,0.0008055675565949911,0.001814126607492106,14243.0,2.5123150856066947e-05,2,203.067998,4.3076653355456074e-11,4.3076653355456074e-11,2,2,0.9999999999999999,0.0005269999999713399,1066,147,18.010876019793884,365.9042216616881,127.60825461868086,3.5189024390243904
NDARVC310XV2,R4,ThePresent,available,341,500.0,60.01848269606828,130,0,42,E8,E25,E21,E17,False,False,False,False,245,229,0.001998120053974092,-3063.569893772688,1321.478091849854,0.0007168519008849404,0.30449797476779566,6000,0.9337393130247088,2527,0.0019779771276242667,3.5785069174454422,0.003496890042889426,-8235.0,0.004664405261947415,0.0031975970601907434,-48372.0,0.0037015092723216778,2,203.06400100000002,2.4424906541753444e-11,2.4424906541753444e-11,0,2,1.0,-0.0020030000000204606,1203,31,25.78729790602998,300.8395402099809,264.3976362745936,1.6926932668329178
NDARVC318GTX,R8,ThePresent,available,273,500.0,60.02344390348846,130,0,42,E8,E25,E21,E17,False,False,False,False,128,75,0.0017909306774959934,2945.5232695577843,270.9342604934334,-0.0006338319192845503,0.5451538211442569,6000,0.9929436071809257,585,-0.0006901049944189632,3.0557181331049907,0.004587922590942475,-9705.0,0.008081881237543586,0.0028091043564771527,36622.0,0.004873595215924606,2,203.063999,8.815170815523743e-11,8.815170815523743e-11,0,2,1.0000000000000002,0.002566000000062354,925,64,22.60538665625114,394.8972983510369,145.5154996225117,1.5179027027027026
NDARVC350WVG,R4,ThePresent,available,383,500.0,60.01853714282636,130,0,42,E8,E25,E21,E17,False,False,False,False,138,244,0.0,-3000.0,266.6666666666667,0.0,,6000,,523,0.0,,,,,,,,2,203.064001,2.603472992745992e-11,2.603472992745992e-11,0,2,1.0,-0.00466799999997631,840,94,20.963957862027197,415.51362369893445,138.77265416599573,1.1097857142857144
NDARVC518NWG,R4,ThePresent,available,636,500.0,116.40902672524061,130,0,34,E8,E25,E21,E17,False,False,False,False,0,229,0.007939081074293905,-1709.6726359512747,583.5195900581705,-0.0024860014286040353,0.718025918736022,6000,0.9498914076421204,2288,0.003649974011623605,2.66659432876727,0.0119176720444524,5571.0,0.02302755835149517,0.010787607171948552,5038.0,9.622756991407855e-06,2,203.06400399999998,2.7977620220553945e-11,2.7977620220553945e-11,2,2,1.0000000000000002,-0.0005940000000277482,1094,99,15.930128528507472,337.51791872501394,278.35741814984607,2.4588208409506396
NDARVC821LP9,R7,ThePresent,available,135,500.0,60.02337914237824,130,0,42,E8,E25,E21,E17,False,False,False,False,174,229,0.002803081388484785,200.11867830492875,475.5161173536971,-0.0032699656997423722,0.8484102665476069,6000,0.9430410038512516,1864,-0.00020437652924641813,0.9332214109166166,0.003418915628692009,-13465.0,0.002887362717085572,0.0030850150691451644,-46313.0,0.002350396152834972,2,203.066003,5.995204332975845e-11,5.995204332975845e-11,2,2,0.9999999999999999,-0.0016850000000343728,988,31,27.30134279630146,359.19542917166325,546.5733487515157,1.9650910931174088
NDARVC956HHP,R7,ThePresent,available,537,500.0,96.09991269049092,130,0,34,E8,E25,E21,E17,False,False,False,False,0,232,0.0035338993390036976,-1723.173110596674,357.8725769585115,-0.0020514578160637058,0.9035295245820779,6000,0.9930241109967642,1403,-0.0004602109943140909,5.213174957853349,0.005022283620936431,6410.0,0.00618371381254907,0.002174346317077548,8995.0,0.0016475684024749532,2,203.06999299999998,5.972999872483342e-11,5.972999872483342e-11,2,2,0.9999999999999998,-0.0009589999999082111,1011,112,68.54560158320861,162.98483138456825,1748.9142021263622,22.311335311572698
NDARVD194JX2,R6,ThePresent,available,358,500.0,60.01852550011846,130,0,42,E8,E25,E21,E17,False,False,False,False,223,227,0.02049470247889244,-789.1448772603402,502.14125629671094,-0.006526079088401921,0.6032554660510212,6000,0.8571617054000304,1969,0.0031719418666217194,2.875945728345785,0.08509929870832202,-44124.0,0.0922421166446287,0.08118241954296505,13480.0,0.1591447922020124,2,203.063996,8.104628079763643e-11,8.104628079763643e-11,2,2,0.9999999999999999,-0.00043999999992295856,950,62,23.27384658873039,390.1376566788522,163.91729674538675,1.8453263157894737
NDARVD219XN1,R10,ThePresent,available,126,500.0,60.02314948707693,130,0,42,E8,E25,E21,E17,False,False,False,False,121,237,0.0031947117343046776,284.37168017999073,386.8803208481921,-0.0007156751041941208,0.8530582146640874,6000,0.8745723393353289,1516,0.003435317882882647,2.2223312197825824,0.004955916705921137,27974.0,0.011221422370285037,0.00444370076644962,34727.0,0.0071513593241915654,2,203.06599200000002,3.0531133177191805e-11,3.0531133177191805e-11,0,2,1.0000000000000002,-0.0070010000000044524,1844,25,39.04977283604639,178.84650296004634,178.60449061422833,2.7810412147505423
NDARVD437JV0,R11,ThePresent,available,694,500.0,60.023380109610905,130,0,42,E8,E25,E21,E17,False,False,False,False,486,238,0.004248770923711195,29.913116559064143,460.62988930990656,0.00832269715266882,0.9811510034807799,6000,0.9997112247701826,1805,0.013186976055938037,2.4792891268258703,0.01326242075982731,25.0,0.0053447746872006905,0.01258579267887484,-14478.0,0.004633367021083155,2,203.066,1.8540724511240114e-11,1.8540724511240114e-11,0,2,0.9999999999999999,-0.0055069999999910815,1039,165,27.58145859788894,324.9955377089762,141.0598273695255,3.786708373435996
NDARVD552PRC,R5,ThePresent,available,176,500.0,118.73976115059239,130,0,34,E8,E25,E21,E17,False,False,False,False,0,242,0.002470092544673976,-140.15501705953986,483.50634527772064,0.000326121252023373,0.9614267099500902,6000,0.9983376384994483,1895,0.0028366514574769287,5.4207670916885125,0.004921959221523588,20009.0,0.006786833586214467,0.004583292228408231,20493.0,7.849877981173318e-05,2,203.07000200000002,5.284661597215745e-11,5.284661597215745e-11,2,2,1.0,0.001729000000048517,1231,21,19.89505670452192,311.9094044265616,428.29660469344697,2.30374492282697
NDARVD609JNZ,R11,ThePresent,available,519,500.0,60.01859142838369,130,0,42,E8,E25,E21,E17,False,False,False,False,172,238,0.002723165955902397,-2609.3316218682835,473.4717310586521,-0.0010499932104439753,0.7900378712637646,6000,0.9786274172385945,1319,-0.0009691498093770584,1.9301090172476574,0.0032224951944118457,-3340.0,0.005813764235924347,0.0030010015982821297,11010.0,0.007810544108614256,2,203.06600600000002,4.707345624410664e-11,4.707345624410664e-11,2,2,0.9999999999999999,0.0003009999999628368,1162,177,32.36105134545933,257.6898603051507,158.70083580775596,4.407874354561101
NDARVD635FX8,R2,ThePresent,available,111,500.0,119.60351434992998,130,0,34,E8,E25,E21,E17,False,False,False,False,0,230,0.0067794190607820375,3293.177792134314,1329.937458008915,-0.003485008706534012,0.8917839540463233,6000,0.9263310449990996,2313,-0.0030784437321620343,2.777074100886589,0.005778332403163783,47554.0,0.006920548410254966,0.0051358540493318455,-34545.0,0.009621092269155918,2,203.063995,8.415490526658687e-11,8.415490526658687e-11,2,2,0.9999999999999996,-0.00010800000005380576,1173,24,19.95623657316739,299.025089697898,346.5064969540011,2.233452685421995
NDARVF039ZLX,R7,ThePresent,available,5302,500.0,103.85367633403129,130,0,34,E8,E25,E21,E17,False,False,False,False,0,231,0.009903082868071542,-851.6455221324389,666.8213708240125,0.0003554942045951282,0.8867652345638692,6000,0.9718716082568817,2614,0.007366333575937837,3.0858441606486333,0.016087990581851678,32785.0,0.016704727588252893,0.015160883572906016,15987.0,0.023500702499692428,2,203.070007,5.1958437552457326e-11,5.1958437552457326e-11,2,2,0.9999999999999999,0.00047500000007566864,1019,252,49.86311418047574,181.6317281716231,719.2808315985927,6.716496565260059
NDARVF159VP9,R5,ThePresent,available,86,500.0,60.02344929517082,130,0,42,E8,E25,E21,E17,False,False,False,False,260,244,0.0006573632230395712,-6.851330229173443,336.58218703417515,-0.00048371793998820765,0.851843986443613,6000,0.7795263036143808,1319,0.00039598985617826155,2.7137374033526522,0.0013174168704997798,47580.0,0.001845582432962502,0.001280295499104479,47430.0,2.2079636414352576e-06,2,203.061995,3.708144902248023e-11,3.708144902248023e-11,0,2,1.0000000000000002,0.004049000000017012,1029,19,24.706859725547055,362.4686626302953,270.9428935230832,1.5496501457725946
NDARVF786FUU,R7,ThePresent,available,1555,500.0,109.2672087564289,130,0,34,E8,E25,E21,E17,False,False,False,False,0,236,0.010697270540109641,-2414.643985202412,549.5106910217233,-0.0007585831877670287,0.7575514766116904,6000,0.9873670306173155,1663,-0.0005698693676366948,2.7488255616933044,0.016493660490270942,35394.0,0.038437551170372154,0.015887029477501587,35013.0,3.203789007697605e-05,2,203.067993,8.526512829121202e-11,8.526512829121202e-11,2,2,1.0,0.0009590000000855321,1850,215,35.69732787639531,141.47040781008442,420.7855609167082,4.362562162162162
NDARVG132NF6,R5,ThePresent,available,1237,500.0,107.2842063099912,130,0,34,E8,E25,E21,E17,False,False,False,False,0,235,0.0006566068534727465,51.55946331554172,343.1256843182104,0.00055602888385742,0.4167733455179705,6000,0.97896430689338,1345,0.0010487517851422168,2.1705666805646633,0.002092866490611019,20565.0,0.002245057979074309,0.0020565189817385774,21306.0,0.0002714040660256973,2,203.076006,5.3290705182007514e-11,5.3290705182007514e-11,2,2,0.9999999999999998,0.00045400000007972326,0,201,,247.88453288446945,1179.944420329776,
NDARVG597HNL,R3,ThePresent,available,360,500.0,119.12435448963231,130,0,34,E8,E25,E21,E17,False,False,False,False,0,232,0.002689005564077915,-1134.7664361025038,943.9229263647205,0.0014408035612967342,0.9365310278411977,6000,0.9758561264061036,3700,0.0018348610524698676,2.6143046127429903,0.004867177476615646,-13664.0,0.002847783097105745,0.004866922000773199,-14441.0,0.0007951795394430822,2,203.07,1.2434497875801753e-11,1.2434497875801753e-11,2,2,1.0,-0.0004910000000244277,1228,19,19.672938465120765,310.4446795260216,643.5876956767489,1.9141938110749186
NDARVG777EUZ,R9,ThePresent,available,121,500.0,30.003277859310693,130,0,42,E8,E25,E21,E17,False,False,False,False,87,229,0.07454063029936626,-2907.392808759419,146.14348356303424,-0.023365190341720826,0.587632282711091,6000,0.9847209824651448,380,-0.005964253571847934,5.034632665300223,0.11436867799347994,-17308.0,0.16164527790096717,0.09124499250666823,-3844.0,0.1379345823466605,2,203.276005,1.63202784619898e-11,1.63202784619898e-11,0,0,1.0000000000000002,0.00933799999999549,1193,23,45.51310943075502,281.8603192828409,604.3025033888356,1.2336630343671418
NDARVG808PKQ,R9,ThePresent,available,528,500.0,60.02341990943928,130,0,42,E8,E25,E21,E17,False,False,False,False,114,229,-1.0,-1.0,-1.0,-1.0,-1.0,-1,-1.0,-1,0.0018185307765572287,3.4938483834943166,0.006391156163235187,10740.0,0.008962920612089273,0.006340329048296092,10431.0,8.349597004523191e-05,2,203.062007,4.851674617611934e-11,4.851674617611934e-11,0,2,0.9999999999999999,-0.003234999999931285,790,88,23.831221631930852,448.0599569363044,222.07281978166404,2.0321898734177215
NDARVH033CA4,R4,ThePresent,available,63,500.0,60.0233931626971,130,0,42,E8,E25,E21,E17,False,False,False,False,381,223,0.0006430059671435045,17.209746855755398,130.07887886175328,0.00017045229992337498,0.72787232626394,6000,0.9984265907246372,510,0.0008140722797458834,4.988280546478896,0.000881865791345769,33.0,0.000898502548178221,0.0004673570164083863,-14055.0,0.00045238212947414997,2,203.074007,6.372680161348399e-11,6.372680161348399e-11,2,2,1.0000000000000002,-0.001155999999958193,1136,11,24.272775369173807,330.27557952062523,246.87661071329475,1.2886091549295775
NDARVH153RE7,R5,ThePresent,available,826,500.0,60.01861170442155,130,0,42,E8,E25,E21,E17,False,False,False,False,188,233,-1.0,-1.0,-1.0,-1.0,-1.0,-1,-1.0,-1,-0.006934956709704023,0.6250857956618212,0.0015959774063435451,-21413.0,0.0059475761877208445,,,,2,203.075995,8.315570454442422e-11,8.315570454442422e-11,0,2,1.0000000000000004,-0.006432999999947652,1713,165,49.73887323526239,156.80397321956002,186.49856325857334,6.207028604786923
NDARVJ394TEC,R10,ThePresent,available,84,500.0,60.023502952874985,130,0,42,E8,E25,E21,E17,False,False,False,False,144,234,0.006477881247561585,-40.6291043829485,373.4942545628761,-8.467983482137377e-05,0.8500664880199935,6000,0.9758767819368453,1464,0.008435295173942165,10.934757449252727,0.008837892450574125,25.0,0.009717626444040256,0.003215368092915592,-482.0,5.7119356829278805e-05,2,203.067993,3.3306690738754696e-11,3.3306690738754696e-11,2,2,1.0,0.0004640000000382262,1247,10,26.922434335289026,297.2873904371147,406.5191382473857,1.5052606255012029
NDARVJ468UZC,R7,ThePresent,available,0,500.0,119.85681197876639,130,0,34,E8,E25,E21,E17,False,False,False,False,0,224,0.0011137076024929935,-63.01004116633796,348.18252847501805,-0.0002293187498332466,0.8219752404296393,6000,0.9772931360718146,1365,0.0010964723256123561,5.278765710664548,0.0011029359005125215,11.0,0.0014363807783125922,0.0008804545276851542,-19630.0,0.0010048944382277025,2,203.065997,3.530509218307998e-11,3.530509218307998e-11,2,2,1.0000000000000002,0.0011010000000129558,1278,0,12.93950962402542,310.16932784052835,,0.7570579029733959
NDARVJ685ZW5,R3,ThePresent,available,3583,500.0,92.31858121542342,130,0,34,E8,E25,E21,E17,False,False,False,False,0,223,0.001752930839036076,1888.5829168133325,580.4816357275815,-0.0013901368532712088,0.9497318221623332,6000,0.8983423400434315,2249,-0.0018810128724928985,1.1168257171425855,0.00035272615132931516,1742.0,0.001735455534778808,0.00024866539799145866,1952.0,6.644473423350421e-07,2,203.067998,7.416289804496046e-11,7.416289804496046e-11,2,2,1.0,0.0014220000000631818,17,312,34.850801302551574,,1254.3002904180844,27.62352941176471
NDARVJ687ENB,R8,ThePresent,available,644,500.0,60.0235329168843,130,0,42,E8,E25,E21,E17,False,False,False,False,190,221,0.02090893348394983,-69.12897009897617,478.96242619057523,-0.0034367248388983583,0.8900124790627304,6000,0.9824083746378989,1877,0.020174774062687452,5.9937525960167735,0.020494089671476836,22.0,0.029210533091371546,0.010890295730602009,304.0,0.0001011470543784785,2,203.285999,7.793765632868599e-11,7.793765632868599e-11,0,2,1.0,0.006184999999929439,1263,158,30.420559993818177,255.8279415913462,200.13918430842168,2.2537529691211398
NDARVK499ETJ,R10,ThePresent,available,118,500.0,30.00315625308215,130,0,42,E8,E25,E21,E17,False,False,False,False,255,231,0.004581473599350036,31.198409244202313,114.69403708839234,0.000833726613731314,-0.04756701083494719,6000,0.9963873036760612,449,0.005466689715443994,4.481828347457796,0.04838156206825357,-28553.0,0.05399895919868891,0.02189421252625639,-4292.0,0.042740247693795676,2,203.066002,8.559819519859957e-11,8.559819519859957e-11,2,2,1.0000000000000002,0.0013699999998855069,1213,48,47.18056339739159,275.9574441070661,177.0714580722068,1.6896619950535865
NDARVK847ZRT,R6,ThePresent,available,727,500.0,59.99951436424405,130,0,42,E8,E25,E21,E17,False,False,False,False,390,236,0.6685144471135697,640.1013472155756,411.8163650006909,-0.03924308487426471,0.659140383896238,6000,0.922724788390043,1615,0.5187827077289195,2.5494333633695954,0.8162909812841757,47349.0,1.294767643488742,0.8088733716881406,46644.0,0.3548546763793751,2,203.07600100000002,1.4455103780619538e-10,1.4455103780619538e-10,0,2,1.0,-0.00458800000014692,941,108,26.48758939825383,357.3802194985441,265.5968026897048,2.424984059511158
NDARVK922KE5,R7,ThePresent,available,273,500.0,60.02327953376063,130,0,42,E8,E25,E21,E17,False,False,False,False,182,244,0.0010051339262357557,132.4645878572121,329.67528955769797,4.2095083120480004e-05,0.8881567612067391,6000,0.9848522095407231,1292,0.0012263305901835547,4.5428953663630045,0.0012887417025136735,29.0,0.0017699682211920992,0.0010549917573730726,32357.0,0.0013905884100957543,2,203.072003,9.892087149410145e-11,9.892087149410145e-11,0,2,1.0000000000000007,-0.004697999999973364,1241,53,27.266822739661432,290.0553917992726,148.36981359395332,1.9010636583400486
NDARVL190JA8,R4,ThePresent,available,170,500.0,119.78910612148324,130,0,34,E8,E25,E21,E17,False,False,False,False,0,242,0.0028526595694767366,8.831071491676589,270.81015875630925,1.1135305555898388e-06,0.914835382840004,6000,0.9884130176817142,1061,0.0036619622868469003,9.856005587902432,0.003666545873729834,3.0,0.004011389440281292,0.0008885791042003128,-23514.0,0.0012174421037818867,2,203.067993,8.326672684688674e-11,8.326672684688674e-11,0,2,0.9999999999999998,0.0034940000001106608,1703,70,23.617240273998004,217.20690761158798,126.21211349022826,3.4314210217263645
NDARVL697YGK,R7,ThePresent,available,121,500.0,60.0233690339584,130,0,42,E8,E25,E21,E17,False,False,False,False,177,241,0.028717467928570217,729.2355287700784,310.8223990722668,-0.01621018674031468,0.8174583373098466,6000,0.8060743402501581,1218,-0.004438090183037887,1.5396939288070668,0.017982951567646396,43120.0,0.022635013789093477,0.012676360545735838,44432.0,0.007378980580391949,2,203.064,8.22675261247241e-11,8.22675261247241e-11,0,2,1.0000000000000002,-0.006212999999949329,927,22,24.658678345238375,407.2241760498225,177.2055038466914,1.6029018338727077
NDARVL729TT5,R4,ThePresent,available,147,500.0,60.02311230671929,130,0,42,E8,E25,E21,E17,False,False,False,False,162,226,0.0012724098070291386,24.23898314990013,157.67512854572473,0.00022828703964461968,0.5725520662607381,6000,0.9991395551148349,618,0.001531376106206154,3.725911228841613,0.0016252491088387313,29.0,0.0016300508931258995,0.0008443900990499777,-12928.0,0.0006924536342469283,2,203.072001,4.3520742565306136e-11,4.3520742565306136e-11,0,2,1.0000000000000002,-0.004293999999998521,1111,43,24.548315995038838,331.84569445562454,118.94364148472282,1.272862286228623
NDARVL964HH1,R5,ThePresent,available,964,500.0,115.17239051229312,130,0,34,E8,E25,E21,E17,False,False,False,False,0,231,0.0069885492326382335,1874.523725334079,1366.6120979529958,-0.002065337304238028,0.727784482918287,6000,0.8100915334139498,3804,-0.0027927700320106853,4.218014770329476,0.005923250724331579,-4080.0,0.009640036046287931,0.005411377205457888,3388.0,0.008440075494159632,2,203.06999299999998,6.150635556423367e-11,6.150635556423367e-11,2,2,0.9999999999999998,-0.00018299999990412764,1003,96,18.50571407852869,366.9758607059992,399.4822308020525,2.8904785643070787
NDARVM287DJK,R8,ThePresent,available,1433,500.0,59.93674025804402,130,0,42,E8,E25,E21,E17,False,False,False,False,163,241,0.016697596787372076,2489.018971463145,977.9476808783878,-0.0015041538124221383,0.6381888938075524,6000,0.9742707030684566,2427,0.01495261672059513,4.739278874824006,0.05705826946843363,-6106.0,0.07520930782308828,0.03077969445642629,18093.0,0.05922826407985651,2,203.285995,2.1871393585115584e-11,2.1871393585115584e-11,0,2,0.9999999999999999,0.004867999999985089,1259,130,50.933893197587736,181.8055908320042,444.9649050311974,11.483431294678315
NDARVM326HYM,R11,ThePresent,available,354,500.0,60.01877595798729,130,0,42,E8,E25,E21,E17,False,False,False,False,680,226,0.0018491683373705898,31.747933303439677,353.1695921441718,0.00029841913294703784,0.9086124849506821,6000,0.9902074962457995,1384,0.002581684513513053,8.877892135900577,0.002744226259724872,34.0,0.0027807693878847692,0.0010396519117563667,-22477.0,0.0009128565823361942,2,203.065993,4.207745263329343e-11,4.207745263329343e-11,0,2,0.9999999999999996,-0.006228999999943904,856,59,317.91860003380987,86.2785945535232,180.44338277474742,44.63747663551402
NDARVM586CBM,R10,ThePresent,available,119,500.0,60.02322605587677,130,0,42,E8,E25,E21,E17,False,False,False,False,344,223,0.004467881208377499,-1594.9586589773216,473.4027472397748,-0.002523427077730807,0.783672161835987,6000,0.9851112130267333,1855,0.001984776375570812,8.384495119649015,0.017919555868724426,32489.0,0.021813368681667424,0.003014463569862201,23504.0,0.008905443562538452,2,203.076004,2.964295475749168e-11,2.964295475749168e-11,2,2,1.0000000000000002,-0.000970000000002588,1954,20,58.04963214938348,146.11630017496574,178.27383642261861,5.177343909928352
NDARVM774PA5,R8,ThePresent,available,422,500.0,60.0235437575131,130,0,42,E8,E25,E21,E17,False,False,False,False,164,229,0.0030321584640943485,32.891373109859,177.4293929405935,0.0002886439580362267,0.9073059572255003,6000,0.9982966912931613,695,0.003488136293838746,10.018721778370299,0.003678291632517838,28.0,0.0045853791781290025,0.0014077145478408627,43423.0,0.0017036437189300922,2,203.275999,7.771561172376096e-12,7.771561172376096e-12,0,2,0.9999999999999999,-0.004379999999984348,1271,172,32.83731802919374,226.75017313739912,275.4865574229321,3.6554287962234455
NDARVN020FRK,R9,ThePresent,available,257,500.0,60.02355438513224,130,0,42,E8,E25,E21,E17,False,False,False,False,221,237,0.013970482582034243,40.246340095607195,412.2376747828582,-0.003922372877855806,0.9529656136915801,6000,0.9767102005675455,1616,0.012753710743491303,9.19396030854813,0.01332815111373409,28.0,0.018562416677197765,0.0036782196006223578,-4043.0,0.009329109061483517,2,203.276002,2.3314683517128287e-11,2.3314683517128287e-11,0,2,0.9999999999999997,-0.006841999999981296,1407,53,33.499809807610916,230.81626469556127,361.5074111643458,2.822018479033405
NDARVN270UU2,R6,ThePresent,available,1114,500.0,60.018459111609424,130,0,42,E8,E25,E21,E17,False,False,False,False,151,238,0.0022718367229913267,905.8428313293449,591.9692926537372,-0.0003105363037754792,0.8076827813837449,6000,0.9479970291139203,2321,0.0005310672494265934,2.8399799781570714,0.005216620420218505,50022.0,0.0037428218896900208,0.005017071417129685,50305.0,4.646073872133227e-05,2,203.073997,3.2529534621517087e-11,3.2529534621517087e-11,2,2,1.0000000000000002,-0.001058000000036793,1006,189,28.63430041784596,306.19156455807706,236.50347690576143,3.223638170974155
NDARVN363NNQ,R5,ThePresent,available,749,500.0,114.39726387346359,130,0,34,E8,E25,E21,E17,False,False,False,False,0,239,0.0016699788298842459,2390.512313500626,871.0867018937761,0.00023609799095887946,0.6465432969213039,6000,0.8327084479313903,2316,-0.0003589116609077706,4.638817616297038,0.009236309512474878,42310.0,0.013948480152433497,0.004375750598998436,-45177.0,0.008205822590182021,2,203.069996,5.6843418860808015e-11,5.6843418860808015e-11,0,2,0.9999999999999998,0.0028330000000870337,1014,55,14.373570349607785,343.2331962987475,846.0076123532419,1.5012820512820515
NDARVN892TCF,R7,ThePresent,available,95,500.0,119.67989550138012,130,0,34,E8,E25,E21,E17,False,False,False,False,0,238,0.0038110268861819107,-12.844457925715728,259.40739535111976,-0.00037578036946165326,0.6689686764881431,6000,0.9894888405793643,1017,0.0040925210869615595,3.7131921778999217,0.004094342010008431,3.0,0.004470161614494106,0.001367203828135752,-23597.0,0.0013757077842734254,2,203.071993,1.2434497875801753e-11,1.2434497875801753e-11,2,2,0.9999999999999999,-0.00047099999997468953,885,24,13.196736841698677,438.92005439378465,378.0486990935088,1.1168022598870055
NDARVN914ZMX,R10,ThePresent,available,198,500.0,60.02317036086519,130,0,42,E8,E25,E21,E17,False,False,False,False,106,242,0.0033768737417331197,19.785981502370962,308.2165844730831,0.00014883518675955343,0.9248975962967682,6000,0.97942306380748,1208,0.004640565146523367,11.5528460289102,0.005024457307869208,29.0,0.005358602474124545,0.0012081188211825375,-46320.0,0.0010380607384022288,2,203.066003,2.19824158875781e-11,2.19824158875781e-11,0,2,0.9999999999999999,-0.004227999999984227,1668,36,38.25648783626813,199.87884895802287,201.31385655808086,3.0807613908872904
NDARVN920VHJ,R5,ThePresent,available,3975,500.0,60.018489771722436,130,0,42,E8,E25,E21,E17,False,False,False,False,170,226,0.1404865377474535,587.5904366284954,517.4425272896578,-0.11567370170005553,0.8927224650775709,6000,0.8722598279485592,2028,-0.04749364527473354,2.5130879054026907,0.2826629637181733,13921.0,0.5864100374952304,0.27952716866843974,13778.0,0.0009795403434230687,2,203.074006,2.7755575615628914e-11,2.7755575615628914e-11,0,2,0.9999999999999998,0.003234000000027546,564,449,71.45705155165214,138.62003327243522,419.59030076507054,16.793102836879434
NDARVP285RXV,R5,ThePresent,available,178,500.0,60.023283416736085,130,0,42,E8,E25,E21,E17,False,False,False,False,187,0,0.0024114045781692644,-1512.537566031419,280.0374948059722,0.00105249746120992,0.18283391517960465,6000,0.9993254040476678,1098,0.0012941839970381627,4.297878658848409,0.02002406286541793,-46302.0,0.021135443105345996,0.00987882805375225,44599.0,0.01923673164350497,2,203.07400299999998,3.141931159689193e-11,3.141931159689193e-11,2,2,1.0000000000000004,0.0009979999999651966,1927,31,37.990446894822945,169.23097789899222,177.864737186343,2.1375142708873898
NDARVP894EX0,R8,ThePresent,available,207,500.0,60.023516819550196,130,0,42,E8,E25,E21,E17,False,False,False,False,196,241,0.37376340090686205,194.8880842473083,447.8631511777504,0.09401587518876665,0.697956915885759,6000,0.9968635324695543,1755,0.4466126280294558,5.4794088872480575,1.0226054491243162,-28683.0,0.9167673825444097,0.7273042526067408,-4523.0,1.112380052618791,2,203.063996,8.248957072964913e-11,8.248957072964913e-11,0,2,0.9999999999999996,-0.004079000000050698,870,51,27.097144942703324,416.60229853718386,145.0454096876389,4.070620689655173
NDARVP953BBF,R4,ThePresent,available,366,500.0,119.21663228679722,130,0,32,E8,E25,E21,E17,False,False,False,False,1,244,0.0017254496317981303,-22.687850006914285,519.769473775472,-0.001174279699278481,0.8102611131779925,6000,0.9879097173557891,2038,0.0006906080804774034,5.679501669765933,0.012478187807971634,5345.0,0.016790323114620982,0.004109128874634582,51444.0,0.0004363271219941754,2,203.069999,5.218048215738236e-11,5.218048215738236e-11,0,2,1.0000000000000002,-0.003135999999981903,1701,56,31.047960616206243,212.1149453206951,233.67095024483126,3.2275191064079953
NDARVU416CR6,R9,ThePresent,available,46,500.0,60.02352889742553,130,0,42,E8,E25,E21,E17,False,False,False,False,240,225,0.01595333892886598,29.978385545316257,158.7270933624931,0.0007321085237660628,0.8744482852617831,6000,0.996803025422945,623,0.017976896880086902,5.242280251281949,0.018809210352081735,23.0,0.023259042476091188,0.015375938369353574,37088.0,0.01882187258214322,2,203.285997,8.948397578478762e-11,8.948397578478762e-11,0,2,1.0,0.00542400000009384,1517,34,34.146224140138884,222.91451560568424,206.29974714147536,3.25363216875412
NDARVU647ED2,R10,ThePresent,available,426,500.0,30.003172492132418,130,0,42,E8,E25,E21,E17,False,False,False,False,228,230,0.0037923096471074655,12.217209488852184,382.6303230361542,-0.0006986067421844489,0.6607264069607922,6000,0.9721503019675775,1500,0.004025148280616397,4.395825018620222,0.01881731474788015,41033.0,0.02734270734185234,0.009649925053614066,32600.0,0.017776049561294485,2,203.065993,3.375077994860476e-11,3.375077994860476e-11,0,2,0.9999999999999997,-0.006112999999960555,1203,19,45.74305133727571,278.7238711215936,820.9928656794393,2.095195344970906
NDARVU883NDE,R5,ThePresent,available,51,500.0,60.02339393151198,130,0,42,E8,E25,E21,E17,False,False,False,False,152,231,0.0007264280260893739,-35.908212456528275,424.44218470588163,8.951543215227054e-05,0.946112178549195,6000,0.996416769614084,1663,0.0008755663947922316,4.6843513022353145,0.0008941308028250861,26.0,0.001215811375225904,0.0008745993866803997,-17130.0,0.0012749027409191531,2,203.07399999999998,3.952393967665557e-11,3.952393967665557e-11,0,2,1.0000000000000002,0.003753000000021963,1876,7,52.930307557944204,158.6924109931033,214.2081605532286,6.629877398720682
NDARVV473XTY,R5,ThePresent,available,264,500.0,60.023410995706314,130,0,42,E8,E25,E21,E17,False,False,False,False,296,242,0.01029073350354235,1055.1340664160527,1155.524965525644,-0.009967031086788173,0.8093772640041038,6000,0.7989586412100821,4209,-0.00031204417215559266,3.071635427278246,0.029342731960213836,46394.0,0.054572341644536414,0.028919365612259326,46617.0,6.118157009661618e-07,2,203.075994,4.96269692007445e-11,4.96269692007445e-11,0,0,0.9999999999999999,-0.008313000000042127,1357,71,30.6194886114297,258.81504379520266,128.1213258686106,2.4465438467207075
NDARVV704MND,R8,ThePresent,available,972,500.0,60.02361214067144,130,0,42,E8,E25,E21,E17,False,False,False,False,198,239,0.017906396752835452,1419.2073450288383,589.9549156663297,-0.006159317378482354,0.6982889577885478,6000,0.956423798861617,2313,-0.010653132790388457,2.6202653427853897,0.024302047014327657,35460.0,0.050767484056583684,0.01881087157582693,-9431.0,0.04440557028140409,2,203.27599700000002,2.1316282072803006e-11,2.1316282072803006e-11,0,0,0.9999999999999999,0.008397999999986123,1804,217,54.876663535020086,139.6251895677335,173.28429240217312,5.094124168514412
NDARVV926KLM,R8,ThePresent,available,275,500.0,60.02343911987689,130,0,42,E8,E25,E21,E17,False,False,False,False,440,228,0.8150644751143756,-1473.856381000163,445.47614468665984,-0.10951524567146424,0.6379591991990934,6000,0.9026806573762988,1746,0.427023254513604,2.4638141316327236,0.9874104370526221,8180.0,1.898411707543083,0.9821596244115433,8115.0,0.0073579371615540845,2,203.07399800000002,6.505906924303417e-11,6.505906924303417e-11,0,2,0.9999999999999999,-0.007891000000044798,990,95,29.13223309157381,340.75780102327764,165.90781589294366,3.262676767676768
NDARVW217KW6,R10,ThePresent,available,1139,500.0,60.00416957004423,130,0,42,E8,E25,E21,E17,False,False,False,False,162,270,0.01230717327376558,247.49690548579386,625.5150695098342,-0.0014825335663444102,0.7882124390537307,6000,0.8926527627960732,2452,0.013735120227188544,4.166685693241878,0.01852302613922176,8471.0,0.026679358036939778,0.014366307927918981,31.0,0.02079085235305928,2,203.064002,3.5083047578154947e-11,3.5083047578154947e-11,0,2,0.9999999999999997,-0.0035839999999862796,1623,190,46.882365644605144,160.5510387084267,260.4218842327664,6.275372766481824
NDARVX111CNA,R7,ThePresent,available,1298,500.0,115.47588677025347,130,0,34,E8,E25,E21,E17,False,False,False,False,0,242,0.0164034296953453,1042.4539732650883,306.52514774625814,0.009887706722758937,0.9154073079761098,6000,0.9987176185615855,1202,0.01783440893332376,6.305902905662692,0.09384052052027482,15412.0,0.11741346542268973,0.05133659527412164,14680.0,0.0007370398655240501,2,203.063996,8.482103908136196e-11,8.482103908136196e-11,2,2,0.9999999999999999,0.00019800000008486683,1026,312,23.535792930166938,285.4418034133735,249.55495523526082,5.776481481481482
NDARVX547MA0,R4,ThePresent,available,354,500.0,119.71212275062145,130,0,34,E8,E25,E21,E17,False,False,False,False,0,248,0.002299901450435239,9.724618846539135,486.55441274675616,-0.00032597365613377813,0.9337834474461505,6000,0.9799807764772565,1907,0.002471033866367505,9.44408109598177,0.0024791439969691783,12.0,0.002917877527329849,0.0008679636297308045,-14766.0,0.0010307435874206338,2,203.069997,1.1146639167236572e-10,1.1146639167236572e-10,2,2,0.9999999999999999,-0.0005370000000802196,1805,60,86.87508889347309,136.58292011695977,188.51772501057772,9.589772853185597
NDARVX856RHN,R4,ThePresent,available,146,500.0,116.28670866302934,130,0,34,E8,E25,E21,E17,False,False,False,False,0,236,0.000655098760440411,2111.73224216908,990.0025273297157,-0.00019174374752305525,0.6011101577895108,6000,0.8153548060587679,2828,-0.00022645221238353546,2.527475143162133,0.0008280120158755918,50031.0,0.0014024070263383539,0.0008220480703900032,8443.0,0.0015242600373105725,2,203.070007,5.129230373768223e-11,5.129230373768223e-11,2,2,0.9999999999999998,-0.0004339999999252145,1175,44,19.455221135612003,301.837513141801,716.9917314943838,3.454927659574468
NDARVY564LFB,R7,ThePresent,available,1918,500.0,60.023415571626266,130,0,42,E8,E25,E21,E17,False,False,False,False,143,232,0.001232948148130335,-34.079869992633036,386.2514379697051,5.789859518569426e-06,0.9541490132768544,6000,0.9831796794757809,1514,0.001485152621399246,10.641792314199957,0.001557715586867728,33.0,0.0018007877112660965,0.0005950745974734473,12981.0,0.000786146391612524,2,203.071998,8.459899447643693e-11,8.459899447643693e-11,0,2,1.0000000000000002,-0.004183999999944768,878,299,23.834250688442594,318.02309178834213,224.04960130423174,3.219328018223235
NDARVY860TY0,R8,ThePresent,available,554,500.0,60.02351568596243,130,0,42,E8,E25,E21,E17,False,False,False,False,1219,225,2.2003999816925095e-06,2600.6621970577007,305.43038989493976,4.335359884726432e-06,0.969204143707537,6000,0.9969414412559394,997,6.074406829083273e-06,4.443050460672712,7.727734692090896e-06,42977.0,5.985058889388088e-06,7.664611538673286e-06,43052.0,3.51953306472652e-09,2,203.285995,6.106226635438361e-12,6.106226635438361e-12,0,2,1.0,-0.0047279999999878634,1211,130,31.051668241037813,282.244726328469,184.1600832932825,2.3725846407927333
NDARWA102TY7,R7,ThePresent,available,1446,500.0,60.02333880539468,130,0,42,E8,E25,E21,E17,False,False,False,False,250,240,0.01092883674618389,130.04805956870246,583.9227664791622,0.011314298882602236,0.7804603035903676,6000,0.9853369619848519,2289,0.024025537787504426,2.70492407526022,0.025796482839391503,46139.0,0.009653699571629707,0.025354853689862896,45863.0,0.00016152674395863986,2,203.063994,3.7969627442180354e-11,3.7969627442180354e-11,0,2,0.9999999999999996,0.007420000000019572,862,288,23.444975426952155,333.4258712414369,167.64322738148653,2.5238051044083525
NDARWA433WYZ,R5,ThePresent,available,415,500.0,118.81699694192177,130,0,34,E8,E25,E21,E17,False,False,False,False,0,234,0.0027417761275358864,-1586.3341222654228,438.335512431886,0.00011220508846802105,0.7456818383334707,6000,0.9988709731972115,1718,0.0019249083669471523,2.8799637035305397,0.004979163926312466,23284.0,0.006190174066998797,0.004978158366889596,23331.0,1.2945141306518887e-06,2,203.067997,4.3076653355456074e-11,4.3076653355456074e-11,2,2,0.9999999999999999,0.0009109999999720699,1274,60,18.458659219379648,295.1718659391878,246.8448544582667,2.5522762951334377
NDARWA622HHZ,R1,ThePresent,available,430,500.0,119.05683278271455,130,0,34,E8,E25,E21,E17,False,False,False,False,0,246,0.002244306107385028,-39.58444956899962,329.03841064175634,-0.00041658451478807145,0.9593951596961525,6000,0.9932308653766753,1290,0.0018289572978727095,5.116541990099034,0.0018357053564440422,20.0,0.0026852654093670737,0.0018283250542260065,-36.0,2.2763020675576565e-06,2,203.06800600000003,2.6645352591003757e-11,2.6645352591003757e-11,2,2,1.0000000000000002,0.0002359999999455871,1839,115,43.13543460723797,167.66144412144436,178.21566188204028,5.052050027188689
NDARWB179TJ0,R9,ThePresent,available,471,500.0,30.003322435219474,130,0,42,E8,E25,E21,E17,False,False,False,False,101,241,0.823246326905007,-337.1946609065584,913.2974704679935,-0.036716805539363066,0.9174018123620762,6000,0.99377224526555,3580,0.746085660771531,5.234198446866296,0.8151697340378681,-13849.0,0.8584969988123324,0.783685121866889,-345.0,1.0810469831470717,2,203.275996,1.1268763699945339e-10,1.1268763699945339e-10,0,2,0.9999999999999997,0.0020450000001406466,1211,38,46.79119628792313,255.37136281346335,846.4436269910003,1.1468290668868704
NDARWB457JU6,R4,ThePresent,available,347,500.0,60.013573530032545,130,0,42,E8,E25,E21,E17,False,False,False,False,139,218,-1.0,-1.0,-1.0,-1.0,-1.0,-1,-1.0,-1,-0.0022812737806769895,1.2728585033896025,0.001594341539070883,5207.0,0.002822043381530735,0.0015895857874200533,5337.0,1.544667379496981e-05,2,203.063995,5.850875339774575e-11,5.850875339774575e-11,0,2,1.0000000000000002,-0.0032229999999683796,961,42,23.492073419479404,379.7068702446087,291.5478669318973,1.9826951092611862
NDARWB782FLR,R6,ThePresent,available,1468,500.0,60.02334794033733,130,0,42,E8,E25,E21,E17,False,False,False,False,150,222,0.0014498880443003593,2653.070953654315,816.7185078148409,-0.000886309109507868,0.9099103277291279,6000,0.8505026155920685,1947,-3.0232166115698736e-05,4.029465780601273,0.0035802835409313232,34041.0,0.004773708466984327,0.00325190680567521,34708.0,0.0005469555903215339,2,203.06599400000002,4.651834473179406e-11,4.651834473179406e-11,2,2,1.0,0.0009650000000361276,1299,325,45.59458185584332,183.06919080202832,186.4407536829509,10.300469591993842
NDARWB903FVY,R8,ThePresent,available,234,500.0,60.02358827217405,130,0,42,E8,E25,E21,E17,False,False,False,False,345,211,0.022440877475595852,29.725908123230166,210.54481318428228,-0.00284468448091479,0.9374331224125464,6000,0.9910524685412729,825,0.02288891845891882,9.55116267810415,0.024033230222215252,22.0,0.028713681402461527,0.004761459905394262,10247.0,0.013129336872767162,2,203.287994,6.206146707654625e-11,6.206146707654625e-11,0,0,0.9999999999999999,0.008391999999961269,1444,68,50.538506113773124,191.63130461551313,230.5580837178555,10.123801939058172
NDARWC174VE6,R4,ThePresent,available,41,500.0,119.76506763765283,130,0,34,E8,E25,E21,E17,False,False,False,False,0,236,0.006753309494146956,48.31765220077043,191.7901876117917,-8.931460791171158e-05,0.604792388138418,6000,0.9900499611547652,752,0.007091862412925743,3.5160371890694,0.008266156680014411,43.0,0.013962273288003741,0.006204381027413012,31671.0,0.010415653790680254,2,203.072004,1.0080825063596421e-10,1.0080825063596421e-10,2,2,0.9999999999999999,0.0012969999999126241,1986,18,37.40615516683606,153.28935724355324,240.53781116069604,4.162658610271904
NDARWC399JLD,R9,ThePresent,available,195,500.0,30.00327133839612,130,0,42,E8,E25,E21,E17,False,False,False,False,95,224,0.004901173935480855,-2880.8326234614838,819.5088540905845,0.0076241012792469,0.9355477703731523,6000,0.999767456631804,1726,0.006164737492463043,2.06897457041917,0.014009851238754582,-5147.0,0.004694004516925634,0.013976256555464014,-4819.0,0.00011996260115941862,2,203.27599899999998,4.3298697960381105e-11,4.3298697960381105e-11,0,0,0.9999999999999996,-0.015114999999941122,1157,64,53.555384631679715,271.4775376734858,226.5538584483475,1.9303025064822819
NDARWC427JB2,R7,ThePresent,available,521,500.0,60.02337322489276,130,0,42,E8,E25,E21,E17,False,False,False,False,105,232,0.0006564702219526885,-8.457064430190417,313.8218158782792,0.000302629307833785,0.7901654851006186,6000,0.9969022258652546,1230,0.0010253444539316697,4.324786348759637,0.0010647069033737258,32.0,0.0009639015640986055,0.0007551157565511148,-46727.0,0.00043776022528935416,2,203.066003,4.440892098500626e-11,4.440892098500626e-11,2,2,1.0,0.00019799999996798187,1248,88,36.11087389054898,262.8635178510181,259.55755714033154,5.247267628205129
NDARWC905XUG,R11,ThePresent,available,206,500.0,60.023328621579516,130,0,42,E8,E25,E21,E17,False,False,False,False,134,224,0.0031650197573791,64.2255054247331,300.3638766287778,-0.0010962120511004438,0.9449527695184435,6000,0.9792238402894097,1177,0.002592766624112414,5.060636693387745,0.002811156727192463,29.0,0.004263571572390371,0.0009081569871190915,48782.0,0.0016313352277165746,2,203.066001,4.5630166312093934e-11,4.5630166312093934e-11,0,2,0.9999999999999999,-0.003736999999936732,1451,72,32.73646555333249,225.6466724362154,203.8628409406914,3.6990902825637484
NDARWD911WBU,R6,ThePresent,available,167,500.0,60.02342377988026,130,0,42,E8,E25,E21,E17,False,False,False,False,82,246,0.0005851309977219112,-2793.823217871781,393.74994834880135,-0.00017077540927513545,0.5792386027231003,6000,0.9889383535237216,978,0.00015465731044741617,3.828896473051532,0.000873426218032361,-23301.0,0.0011632095916583297,0.0008659475488931523,-23359.0,1.0088468875352934e-06,2,203.073997,5.129230373768223e-11,5.129230373768223e-11,0,2,1.0,0.00553399999995418,1205,28,32.46407720523158,290.8763398101419,211.81833782943892,4.379070539419086
NDARWE059CKP,R10,ThePresent,available,128,500.0,30.00323531289947,130,0,42,E8,E25,E21,E17,False,False,False,False,119,230,2.5894713213787797,-1915.1471216559216,600.5398189085456,-0.08860918030200336,0.7595693745009575,6000,0.9951847315315038,2262,-0.1758246262041848,3.142723961946425,2.5908027226077963,-1949.0,4.723135128349998,2.5802760479963176,-1902.0,0.00026955066390454974,2,203.066001,1.375566327510569e-10,1.375566327510569e-10,0,0,1.0000000000000002,-0.008244999999895655,1678,19,88.67058570746235,130.73480597556159,212.26691085274825,3.5743980929678187
NDARWE130JMG,R8,ThePresent,available,246,500.0,60.018764737138305,130,0,42,E8,E25,E21,E17,False,False,False,False,148,231,0.0333652384405785,2982.3152528212777,737.8144170936359,-0.0044381782422308605,0.8557289084066069,6000,0.9892589902743965,1463,0.012249984687952799,5.7706743730139225,0.028690157535946573,2860.0,0.04041371655209757,0.013775328813422577,38.0,0.011993054321397183,2,203.286002,9.170442183403793e-11,9.170442183403793e-11,0,2,1.0,-0.0033620000000983176,1163,144,48.21909028072744,228.5831393481229,197.96127259552478,7.8
NDARWE717DEU,R7,ThePresent,available,135,500.0,60.023446958552825,130,0,42,E8,E25,E21,E17,False,False,False,False,144,229,0.005476553899485956,-7.117690921988788,211.418138057751,0.0004244504619956027,0.5587841369735599,6000,0.9969860144116389,829,0.006139167257862553,4.531852401523926,0.006405750189108909,30.0,0.006951278287201462,0.003413477995497998,-36779.0,0.003046911112907171,2,203.06399299999998,2.786659791809143e-11,2.786659791809143e-11,0,2,1.0,-0.0022079999999726893,1641,19,30.345870434974696,212.2833726699401,296.3772455963804,1.7482754418037783
NDARWE898TG8,R5,ThePresent,available,1186,500.0,115.78014168777356,130,0,34,E8,E25,E21,E17,False,False,False,False,0,224,-1.0,-1.0,-1.0,-1.0,-1.0,-1,-1.0,-1,-0.005398708097437681,5.712094315937066,0.017169662778353963,3163.0,0.02429645472539907,0.013185843741956575,2208.0,0.0005348327309102115,2,203.067993,4.796163466380676e-11,4.796163466380676e-11,2,2,1.0,0.0010650000000390104,1719,127,32.693811669193934,186.56249858731388,366.78291170653466,3.4637172774869116
NDARWE908KF8,R7,ThePresent,available,130,500.0,60.023385337249785,130,0,42,E8,E25,E21,E17,False,False,False,False,266,233,0.0037862189662678947,1638.3906796631322,660.604103418583,-0.0019240404086812615,0.8080558827266637,6000,0.810288943210147,2590,0.0007459725198746502,4.761081248890352,0.005672309045941305,-17491.0,0.00722461873590563,0.0034691344062490787,4756.0,0.006735115668104429,2,203.06399299999998,6.161737786669619e-11,6.161737786669619e-11,0,2,1.0,-0.0035639999999337083,920,29,22.32791790767039,403.74587239374074,159.7028052094362,1.0901739130434782
NDARWF259RB2,R7,ThePresent,available,179,500.0,59.99936777743363,130,0,42,E8,E25,E21,E17,False,False,False,False,222,236,0.004204683139942527,86.2621839186822,513.8214695958505,-0.0014261852452811328,0.9669940005248033,6000,0.9564208926163229,2014,0.0037746191455869872,7.192574792298174,0.004011036956067222,29.0,0.005814039389920287,0.0008339035456001015,-39370.0,0.002104493988073463,2,203.063996,1.0502709812953981e-10,1.0502709812953981e-10,0,2,1.0,-0.0057099999999033115,1014,25,29.476606986669527,359.3725231567634,311.88333019693124,2.7568441814595657
NDARWF514TW5,R9,ThePresent,available,999,500.0,60.01858532710815,130,0,42,E8,E25,E21,E17,False,False,False,False,84,230,0.013015210829104687,2178.3449339633835,886.5192640110682,0.0004975132028266697,0.9795191124008831,6000,0.9976211178788335,2559,0.003215783328799231,5.194789044247644,0.01428757437373577,1944.0,0.019610360739014475,0.012957546903688485,2675.0,0.0011246328935015232,2,203.074002,2.1094237467877974e-12,2.1094237467877974e-12,0,2,0.9999999999999999,-0.004925999999995459,1190,242,54.084190799916804,187.17140603070763,245.01717797662704,11.786
NDARWF593BNF,R9,ThePresent,available,226,500.0,60.023407715317084,130,0,42,E8,E25,E21,E17,False,False,False,False,60,0,0.2451827230774552,-2090.576172993667,392.2955350103667,-0.16050275117451365,0.8383549458988013,6000,0.8426902252082377,1538,-0.07087779678154683,3.9001051141576775,0.6552763490143234,5260.0,1.0026261913557755,0.5605975604672049,5960.0,0.08441515740640065,2,203.06399499999998,8.060219158778636e-11,8.060219158778636e-11,0,2,1.0,0.005511999999924122,871,48,26.00219812112186,414.98952788935145,237.75882483244916,2.3512743972445467
NDARWF697JCF,R11,ThePresent,available,246,500.0,30.003196643455105,130,0,42,E8,E25,E21,E17,False,False,False,False,65,232,0.5901910468070245,500.5338280024027,366.37978817736206,0.6170234235925841,0.6964436258750155,6000,0.9962864302466343,1436,0.8602716218129011,3.108229528044363,1.3194733763232247,-15097.0,0.9980903093097113,1.254660385932262,-7674.0,1.2430489533365148,2,203.076004,4.984901380566953e-11,4.984901380566953e-11,0,0,0.9999999999999996,-0.014211000000013938,1036,121,44.88027253184045,321.57540565494355,146.26842059857017,1.651274131274131
NDARWG174EZD,R11,ThePresent,available,521,500.0,60.01858131694315,130,0,42,E8,E25,E21,E17,False,False,False,False,181,225,1.5934791077093933e-06,-843.3694118896904,351.3774645785819,-8.988260353972325e-07,0.8139624051789001,6000,0.8091511284456148,1378,-6.045831769613745e-07,2.612105246292339,2.1067759564836074e-06,-5527.0,4.785756620104013e-06,1.8854396476650627e-06,-5372.0,5.436452447818389e-08,2,203.064005,6.117328865684613e-11,6.117328865684613e-11,0,2,1.0,-0.004153000000065678,1385,150,64.88682486286787,153.48158150207846,155.7200796413538,19.56361010830325
NDARWG200CUE,R7,ThePresent,available,439,500.0,60.009890343720535,130,0,42,E8,E25,E21,E17,False,False,False,False,1065,229,0.0020459725277323583,-224.2558755786437,601.5974738660597,0.00014579143752741576,0.9225955274369758,6000,0.9901904746434932,2358,0.0022178862747011738,1.9341673214715143,0.002467626031608964,-15957.0,0.0012039426483297611,0.0023980999107246458,-17163.0,9.683147972613243e-05,2,203.063993,9.536815781530095e-11,9.536815781530095e-11,0,2,0.9999999999999999,-0.007845000000076919,809,48,21.43865131859863,456.58238024375163,124.2593512286727,1.1443263288009888
NDARWG820RKE,R9,ThePresent,available,18,500.0,60.02341463312939,130,0,42,E8,E25,E21,E17,False,False,False,False,184,223,0.04303931265276709,-2874.7443028377083,921.2805771695479,-0.02373974451523434,0.8310570084918434,6000,0.8227646926728246,1931,-0.031589456237774115,1.8356715362240663,0.050103004580255336,4089.0,0.10734831687716519,0.04153647505287837,-40546.0,0.0629241645053724,2,203.06400499999998,1.9761969838327786e-11,1.9761969838327786e-11,2,2,0.9999999999999999,0.0010570000000111053,686,19,22.61098205905552,551.6324240836663,178.87542616587814,1.5335131195335276
NDARWG911DZG,R4,ThePresent,available,1863,500.0,116.25194027958533,130,0,32,E8,E25,E21,E17,False,False,False,False,0,244,0.09505172073125101,-1523.4647950256262,393.6166440650551,-0.06137754982166194,0.7319024974646613,6000,0.910794007144682,1543,-0.24181560729652404,1.847318649113151,0.1669052773548007,47025.0,0.21069500902349425,0.16560431910013157,46924.0,0.001871483567973009,2,203.069997,5.46229728115577e-11,5.46229728115577e-11,2,2,1.0,0.0009379999999476798,34,489,49.558086141495984,94.88998558277898,342.7337583106071,20.782647058823528
NDARWH725TXP,R4,ThePresent,available,1425,500.0,60.0231914769136,130,0,42,E8,E25,E21,E17,False,False,False,False,108,237,0.18690931041592582,-285.2147410147541,101.41421325822877,0.015277263524614117,0.3503977204768992,6000,0.9917467983739203,397,0.00751117240157706,8.236663401026231,0.33507176977351266,-31606.0,0.33774835351130533,0.19144597258362164,-322.0,0.34910461537730497,2,203.071996,7.23865412055602e-11,7.23865412055602e-11,0,2,0.9999999999999999,0.002623999999940757,999,271,29.534313685454265,305.2506898884424,199.5576786980384,3.965995995995996
NDARWH778CPD,R3,ThePresent,available,857,500.0,119.45779729802133,130,0,34,E8,E25,E21,E17,False,False,False,False,1,246,0.0008380993638906836,225.25410801824657,331.1567340708949,-0.0005375475742438816,0.9860809760533528,6000,0.9359555352578549,1298,0.0002579804193591,2.5111038471495304,0.0004124560045954937,94.0,0.0010610192388849366,0.00019284727753436583,-45272.0,0.0009020499046581688,2,203.06400299999999,1.1146639167236572e-10,1.1146639167236572e-10,0,2,0.9999999999999998,-0.0037200000000804046,1022,119,14.026377092788902,366.91719340300403,153.79973191238938,2.0852446183953033
NDARWH779MZ2,R5,ThePresent,available,47,500.0,60.0234622362031,130,0,42,E8,E25,E21,E17,False,False,False,False,128,247,0.000834816669552555,-168.42615746046744,370.2188725471071,-0.0004931945183369498,0.8837160596532158,6000,0.7418614444257657,1452,0.0006026183171711368,2.8753204995433106,0.0006307660068610701,22.0,0.0013129231387402098,0.00037169527365803803,-15032.0,0.0009237398798935118,2,203.064007,3.5083047578154947e-11,3.5083047578154947e-11,2,2,1.0,-2.6999999958273872e-05,1211,13,26.442142469895366,305.7046124670361,116.62129958358352,1.6488852188274152
NDARWJ064WYP,R4,ThePresent,available,80,500.0,60.02328179289152,130,0,42,E8,E25,E21,E17,False,False,False,False,176,224,0.0007128388995074084,2.6974083960421646,377.59386868271935,-0.0001751969190973078,0.7956855255655484,6000,0.9830527419006695,1480,0.0006424685320833161,3.148575413990307,0.0008939146281536823,45456.0,0.0008734128749053619,0.0008688956595066455,18514.0,0.0011739436906304012,2,203.062,1.0658141036401503e-10,1.0658141036401503e-10,0,2,1.0000000000000004,-0.005946999999929261,943,20,23.814320546084524,393.9975079549755,287.39077432375416,1.1517179215270412
NDARWJ321WKG,R7,ThePresent,available,0,500.0,60.02335132820695,130,0,42,E8,E25,E21,E17,False,False,False,False,181,260,0.003896397263193688,-1681.6631412661382,572.3795857715265,0.002010647255757296,0.16224019436934886,6000,0.9951191259725065,2244,0.0017421695125737402,2.10927270329511,0.0063584897226258005,-1464.0,0.018006971997646615,0.006238789070309137,26648.0,0.010761952791724264,2,203.064007,5.184741524999481e-11,5.184741524999481e-11,0,2,1.0,0.0029280000000468376,1042,0,21.756078766750065,368.06158008605314,,0.7605854126679462
NDARWJ414WB8,R4,ThePresent,available,1423,500.0,60.01850967554207,130,0,42,E8,E25,E21,E17,False,False,False,False,175,219,0.003412803075590891,2510.5389782432017,948.1894482363086,-0.0015620196607065281,0.9567126345997576,6000,0.9880305333784424,2347,-0.0013459514713871578,1.9303444700167358,0.0021816928734815443,-22103.0,0.004175750290660645,0.0019271582676316183,2486.0,0.003978170779157729,2,203.063999,1.1723955140041653e-10,1.1723955140041653e-10,0,2,1.0000000000000002,0.007302000000092088,1079,238,55.55488757162665,203.28596278721406,264.10978187307245,14.248915662650603
NDARWJ498CZY,R5,ThePresent,available,2369,500.0,115.1641526580938,130,0,34,E8,E25,E21,E17,False,False,False,False,0,234,0.008935607358764096,2718.555973476148,264.01892370099785,-0.0030740188663738437,0.8613651122168173,6000,0.9800283827237009,798,-0.0052800054962492985,2.200405451191839,0.006055542264326508,2626.0,0.012116621244640267,0.005229597045531443,4444.0,0.004250055022815497,2,203.07,2.9753977059954195e-11,2.9753977059954195e-11,0,2,0.9999999999999998,0.0033729999999981652,1271,172,20.081217974930084,247.09350040766532,391.9807925888355,3.0788749016522425
NDARWJ621JRZ,R4,ThePresent,available,91,500.0,119.86651475926112,130,0,34,E8,E25,E21,E17,False,False,False,False,0,225,0.0017538861399548668,-15.364918867120627,243.99183330295295,0.00031191908845933867,0.8559752737735936,6000,0.9919158692396669,956,0.0025693525443711753,4.191637072924765,0.0025860516325382824,8.0,0.003784309454574769,0.002146174408915295,-6289.0,0.0028577230131503367,2,203.07000699999998,2.930988785010413e-11,2.930988785010413e-11,0,2,0.9999999999999998,0.003227000000002643,1011,18,16.994894715474974,390.20171862872905,113.98928826847909,1.8056577645895153
NDARWJ671YX5,R4,ThePresent,available,870,500.0,60.01351297834913,130,0,42,E8,E25,E21,E17,False,False,False,False,188,228,0.0053667899948648835,-3437.224417775449,546.5115772370348,-0.00010158240477383515,0.41672767284424234,6000,0.9991718440309844,634,-0.0008212890783062961,4.846750915612255,0.007755816693798178,48666.0,0.00997928419019183,0.006471860691317587,-36687.0,0.006809357352188573,2,203.073995,4.3076653355456074e-11,4.3076653355456074e-11,0,2,1.0000000000000002,-0.0034170000000579535,124,95,108.42067622182326,124.15028271226508,3140.954916938864,25.874838709677423
NDARWK051GG4,R7,ThePresent,available,113,500.0,60.02336557531695,130,0,42,E8,E25,E21,E17,False,False,False,False,155,232,0.0009075720368443034,28.555965736034157,172.39803598213334,-0.00044306232720979044,0.9642287119143073,6000,0.9765047313231587,676,0.0005207469146184944,3.9916221372612064,0.000619138246680849,33.0,0.0010749890826146596,8.705401375288728e-05,27386.0,0.000520045605850055,2,203.065996,9.103828801926284e-12,9.103828801926284e-12,2,2,0.9999999999999999,-3.5999999981516576e-05,1518,29,33.0796194424284,228.3692423682446,175.22442266646988,2.5192160737812914
NDARWK212ZPX,R10,ThePresent,available,230,500.0,30.003213906022502,130,0,42,E8,E25,E21,E17,False,False,False,False,144,240,0.004718994652852388,-35.523808315074355,323.9570972967956,-0.00011496836842591716,0.8433649639563479,6000,0.9832566530429151,1270,0.0057523833287219895,7.719820721853041,0.005994567082084196,25.0,0.00653534191489228,0.003889161632007563,-14202.0,0.0041825996024090605,2,203.066007,8.115730310009894e-11,8.115730310009894e-11,0,2,1.0,-0.0033709999999230527,1129,89,47.797262830158026,280.7299135465779,187.99814989856796,1.9846235606731624
NDARWK605KC3,R10,ThePresent,available,104,500.0,60.02338633679833,130,0,42,E8,E25,E21,E17,False,False,False,False,111,229,0.0027426333335597314,42.18508942403132,250.55894454075369,-0.00016119228947660276,0.7662201416802843,6000,0.9813188644906212,982,0.0031699534423837456,3.8837179319897763,0.003749015195445992,44652.0,0.0048930494127679535,0.0037377164240008894,44597.0,2.82096809528596e-07,2,203.06600300000002,5.67323965583455e-11,5.67323965583455e-11,0,2,1.0,-0.0076869999999434,1693,22,30.56572193170062,208.04508073439624,142.38159888211544,1.6664914353219138
NDARWK625CUV,R11,ThePresent,available,5878,500.0,30.003216900254767,130,0,42,E8,E25,E21,E17,False,False,False,False,157,213,4.145307913350353e-06,-4162.421741233998,4961.695250254488,-2.551665092776017e-06,0.4102374861283289,6000,0.4102374861283289,6000,-2.0679884635929554e-06,1.305034255611349,2.4636023734937233e-06,-26654.0,3.2427638707039446e-06,2.4286904609075613e-06,-26582.0,1.1514654047606874e-08,2,203.07599900000002,1.0835776720341528e-10,1.0835776720341528e-10,2,2,1.0000000000000002,0.00027300000007444595,66,19,46.967059882445774,227.5410660971029,20360.10480687609,3.0653030303030304
NDARWK626PFY,R7,ThePresent,available,121,500.0,117.92331017407297,130,0,34,E8,E25,E21,E17,False,False,False,False,0,241,0.0008423507985430059,-2689.5626413050168,1006.2845162587311,-0.0001405206927775269,0.5686007999772839,6000,0.9939179833688233,2283,0.00016953695497783368,2.3101889598861027,0.0017982090833086593,-7839.0,0.0029460267676255656,0.0017896545620544007,-7778.0,2.5856932408105035e-06,2,203.06600600000002,4.8627768478581856e-11,4.8627768478581856e-11,2,2,0.9999999999999999,-7.899999993046974e-05,1329,8,11.648153050336933,289.3500752622726,1201.8805708011616,0.5962302483069978
NDARWM162ZD0,R11,ThePresent,available,636,500.0,60.01377200399023,130,0,42,E8,E25,E21,E17,False,False,False,False,297,235,-1.0,-1.0,-1.0,-1.0,-1.0,-1,-1.0,-1,-1.4769372076792812e-06,1.355376610938718,7.13738381715418e-06,-19343.0,4.021391641702589e-06,6.899126143669396e-06,-20313.0,8.719940045881578e-07,2,203.065997,2.4980018054066022e-11,2.4980018054066022e-11,0,2,0.9999999999999999,0.0069050000000219665,1344,92,27.74413413510472,252.7412524816204,237.9554111524,2.092068452380952
NDARWM620AX5,R10,ThePresent,available,30,500.0,30.003159602397456,130,0,42,E8,E25,E21,E17,False,False,False,False,279,224,0.0034399313645060497,21.65954266013779,156.25378164023283,-0.00026696696869348707,0.8973580241538752,6000,0.9975879135481048,612,0.0033066231559354476,9.493337783481378,0.0035670942635941732,31.0,0.004590395938771777,0.0007973872091075497,-3640.0,0.001182004581495242,2,203.06599200000002,2.398081733190338e-11,2.398081733190338e-11,0,2,0.9999999999999999,-0.006559000000019303,973,20,42.40837849060734,368.09931262690816,186.65582366874975,1.1738129496402878
NDARWM656UWL,R5,ThePresent,available,919,500.0,60.01356848668437,130,0,42,E8,E25,E21,E17,False,False,False,False,164,246,0.0005614172886295862,-96.71081284215842,318.1674472773203,-0.00017652362881081615,0.9647811576245866,6000,0.984162820504533,1247,0.00042944797246140487,3.407095393228988,0.0011826724382217992,48152.0,0.0018154526530400673,0.0011052698573118945,48328.0,6.398686850392441e-07,2,203.075998,2.3869795029440866e-11,2.3869795029440866e-11,2,2,1.0000000000000002,0.00036999999998037745,1288,167,29.454363190900768,244.48453639975935,219.7774894140458,2.5720263975155278
NDARWM683XYZ,R6,ThePresent,available,559,500.0,60.02334511785693,130,0,42,E8,E25,E21,E17,False,False,False,False,119,239,0.001232624887559455,396.7098804220488,445.31400534547686,0.00010674298398753219,0.7868020996847009,6000,0.9584262341929974,1746,0.0012972201991928094,2.4505711675199557,0.00168671509951861,42027.0,0.0009686183470584826,0.0016528573385899924,41759.0,1.4203203815317663e-05,2,203.07600100000002,1.454392162258955e-10,1.454392162258955e-10,0,2,1.0000000000000002,-0.006878000000177379,1366,113,29.54009157176019,249.9687416649162,164.98326816887976,2.277254758418741
NDARWN169DHY,R7,ThePresent,available,521,500.0,119.53717727038443,130,0,34,E8,E25,E21,E17,False,False,False,False,0,224,0.006802224527588771,-3058.9736592149884,310.7270285832668,-0.0007463939705664391,0.343439643850932,6000,0.9993736838862806,551,-0.0035737650456229377,3.302330832211564,0.01728356382675471,-21761.0,0.02405068932503932,0.012728555789768012,28511.0,0.02541957065252217,2,203.07,6.128431095930864e-11,6.128431095930864e-11,0,2,1.0000000000000002,0.0024930000000362887,2032,110,43.289244509908,124.45644522616769,186.25831889014478,6.403976377952756
NDARWN424BPK,R6,ThePresent,available,1456,500.0,60.0234639821765,130,0,42,E8,E25,E21,E17,False,False,False,False,126,227,0.03712057261973813,-2943.2342157440544,142.17356707311114,-0.034453636703284794,0.9140027023933018,6000,0.9935895365321719,336,-0.02512001967952142,1.269587170364965,0.031154521555591876,-13027.0,0.06259095129885764,0.029325138093563942,-14640.0,0.018688231317612942,2,203.073993,1.3877787807814457e-11,1.3877787807814457e-11,0,2,0.9999999999999997,0.005140000000028081,1239,125,41.69827517867744,216.17824191757995,440.763011444387,7.20504439063761
NDARWN580TUL,R8,ThePresent,available,579,500.0,59.99442766397749,130,0,42,E8,E25,E21,E17,False,False,False,False,134,244,0.018180130506328027,-285.6095909985815,689.1093917023833,-0.006387980460515481,0.848968573889978,6000,0.845820533193068,2702,0.011006482792981633,2.646713994021775,0.05621398751904563,-50833.0,0.008944618025517631,0.04073805417558377,26687.0,0.0985478176345958,2,203.076005,8.881784197001252e-12,8.881784197001252e-12,0,2,0.9999999999999999,-0.005356999999981606,995,74,25.569197107017185,351.2585801846665,272.41372123397696,2.4396180904522615
NDARWN739ED2,R9,ThePresent,available,16,500.0,30.00326760602868,130,0,42,E8,E25,E21,E17,False,False,False,False,117,222,0.011487628931657475,38.56731013453372,119.79443299941819,-0.0032532610329212065,0.8734017447549698,6000,0.99593488433864,470,0.008197232791299221,5.588923557914253,0.023441605600757292,-9158.0,0.02714594803361648,0.01655897857708395,4675.0,0.02344248647755126,2,203.276002,2.4424906541753444e-11,2.4424906541753444e-11,2,2,1.0,-0.0012109999999795553,1182,5,48.418887857103485,294.98379047522803,119.99343646432999,1.4094077834179355
NDARWN885MGD,R5,ThePresent,available,74,500.0,60.02333845493051,130,0,42,E8,E25,E21,E17,False,False,False,False,125,239,0.017193591689641775,-1837.730670454963,1095.1689378466192,-0.004031495866495814,0.8214238413377333,6000,0.9199819355178048,3309,-0.006011432066680121,2.948612381467375,0.021006569917629638,-48213.0,0.04236720043889663,0.02081999273745067,-48330.0,5.42673949567897e-05,2,203.066004,8.681944052568724e-11,8.681944052568724e-11,0,2,1.0,0.002675000000088462,1216,13,26.80002980939908,303.7010948753593,167.8824032323521,1.9322861842105261
NDARWP112TDL,R8,ThePresent,available,237,500.0,60.02350217628042,130,0,42,E8,E25,E21,E17,False,False,False,False,182,219,0.003052556060596425,32.10907705985231,193.01394245011264,0.0005092353786207602,0.9567055058991165,6000,0.9975715623285754,757,0.003824370414869259,8.173121592837738,0.00395766399183246,22.0,0.004808322515527262,0.0014373670014501923,-11330.0,0.001753705239759359,2,203.27599999999998,2.4868995751603507e-11,2.4868995751603507e-11,0,2,1.0,0.006604999999978702,1235,56,28.84305774177358,290.3480817104206,170.77379684858525,1.612906882591093
NDARWP157RYM,R9,ThePresent,available,776,500.0,60.01396589302021,130,0,42,E8,E25,E21,E17,False,False,False,False,597,227,4.302901150954757e-06,-1462.8824555832525,816.0613931891936,-3.7719628548266294e-06,0.9525214461247662,6000,0.8005878873942411,3137,-3.2379564403550535e-06,1.0647775834673494,2.7160682882789016e-06,-44569.0,4.152576917255587e-06,2.6810922850545357e-06,-44615.0,3.834407053720789e-09,2,203.066002,3.941291737419306e-11,3.941291737419306e-11,0,2,1.0,0.0071419999999495975,876,61,25.314386669756207,392.74016683411764,436.44527195037097,2.0459817351598173
NDARWP458FH7,R9,ThePresent,available,27,500.0,30.003209127030274,130,0,42,E8,E25,E21,E17,False,False,False,False,78,218,0.009398356973755625,58.59058728125598,318.38646029537057,-0.0006515033647186165,0.925703348684978,6000,0.9764196849079789,1248,0.011523464055905052,14.85696960968605,0.012251598537218193,26.0,0.014124881826293862,0.0027781434594025393,10605.0,0.003953899275080256,2,203.27400799999998,3.3306690738754696e-11,3.3306690738754696e-11,0,2,1.0000000000000002,-0.003182999999990306,1299,28,50.342769512591545,254.85358322161,152.37099232640065,2.0617859892224786
NDARWP675DHU,R8,ThePresent,available,407,500.0,60.02365874302828,130,0,42,E8,E25,E21,E17,False,False,False,False,251,231,0.006706291591839807,12.352250027847777,350.9675802142423,-0.0017051815829843555,0.8822167081537077,6000,0.9886497892739797,1376,0.0059652252179440085,3.463686042102808,0.006172973714805182,24.0,0.010107347847016744,0.0035773312573029272,9721.0,0.009989329114307305,2,203.27600700000002,3.8191672047105385e-11,3.8191672047105385e-11,2,2,1.0000000000000002,-0.0018380000000481525,1566,158,60.60995125166714,154.71238336258548,237.14778920774603,7.1521136653895265
NDARWP732GD1,R4,ThePresent,available,344,500.0,119.05817836262727,130,0,34,E8,E25,E21,E17,False,False,False,False,0,246,0.005055430600940496,3244.13834959583,671.846469477715,-0.001055486257867369,0.5629353699637656,6000,0.9999616775764513,1072,-0.003299322725869626,3.0542081728938135,0.00384315189172039,3197.0,0.007306146747997098,0.0025411814262121433,20007.0,0.004945296011279025,2,203.06799900000001,8.770761894538737e-11,8.770761894538737e-11,2,2,1.0,0.0002480000000902886,23,95,92.48234098545431,87.61422920864065,1923.5119022444364,33.03086956521739
NDARWP815VUP,R5,ThePresent,available,977,500.0,59.984631275534504,130,0,42,E8,E25,E21,E17,False,False,False,False,162,239,0.0024435343332525642,2255.3532127637736,721.6959762757482,1.9849102279195243e-06,0.8659435457453252,6000,0.9672069969618465,2159,0.0007915854956115775,3.8077926583280726,0.003140271268339252,-10205.0,0.005147605262080015,0.00291110584972334,-10451.0,5.74644932779516e-05,2,203.071998,8.104628079763643e-11,8.104628079763643e-11,0,2,1.0000000000000002,-0.0035569999999519055,1440,25,39.637832922085046,214.12847163626967,1513.308178811147,2.5627500000000003
NDARWR247CE1,R4,ThePresent,available,1136,500.0,60.0233436881044,130,0,42,E8,E25,E21,E17,False,False,False,False,182,245,0.00048747799001122924,-37.293296337431116,170.9987030526732,5.416985713042417e-05,0.7518612437496899,6000,0.9944262808718283,670,0.0005741768481888139,2.7889497332579056,0.0005904963258210979,24.0,0.0005619446343272617,0.00034763691569422977,-24135.0,0.0002811487882429705,2,203.06399399999998,2.0261570199409107e-11,2.0261570199409107e-11,0,2,1.0000000000000002,-0.0026990000000122866,848,31,90.23715253261517,112.20938188383327,6659.350212506393,17.941143867924527
NDARWR509KGZ,R7,ThePresent,available,264,500.0,60.02338462359753,130,0,42,E8,E25,E21,E17,False,False,False,False,261,234,0.003175165324437245,-51.01037555140628,424.44654152857845,0.0008004671508218923,0.9386126142809856,6000,0.9940258902750987,1663,0.004567648937859861,4.858513452750221,0.004671655748102347,24.0,0.004379210375892667,0.002434945679547315,-21869.0,0.0018013195821645752,2,203.065998,7.638334409421077e-11,7.638334409421077e-11,0,2,1.0000000000000002,0.007781000000038931,1144,60,26.710362710062714,315.67402174906124,149.6631940159397,1.7449038461538462
NDARWR628EFJ,R7,ThePresent,available,353,500.0,60.0233884836469,130,0,42,E8,E25,E21,E17,False,False,False,False,195,241,0.0016332864171859952,67.02687590049334,214.98268433697302,-0.0016282452684335182,0.9611984122825441,6000,0.9841045740201546,843,0.00016891640437005043,0.5783581117882105,0.0003865228424661739,40262.0,0.0010568192801617342,0.0003522500071961864,40579.0,7.741757651187522e-06,2,203.06399299999998,2.55351295663786e-12,2.55351295663786e-12,0,2,1.0,-0.002557999999995023,1027,78,22.484608147448814,347.1890120892419,136.27388795892242,1.8970301850048685
NDARWR732NZE,R1,ThePresent,available,327,500.0,119.47624850728172,130,0,34,E8,E25,E21,E17,False,False,False,False,0,240,0.0009704998703480547,70.98999109757776,154.93552170305892,-0.00014462646765807434,0.5583634306606238,6000,0.9961912577655954,607,0.0006757408810308598,2.6950077279711504,0.0008491157673931964,-45835.0,0.0012473766298713334,0.0008158858115516301,95.0,0.001430804775459598,2,203.067994,2.9753977059954195e-11,2.9753977059954195e-11,2,2,1.0000000000000002,4.6999999968510775e-05,1712,70,17.09466789547046,221.5094757201733,188.8690053736863,1.4717406542056075
NDARWR888KKT,R5,ThePresent,available,363,500.0,60.0234331715207,130,0,42,E8,E25,E21,E17,False,False,False,False,162,239,0.0006910591707809284,-3227.766612838941,493.7881150482275,-0.0006250486188081663,0.8946929269507727,6000,0.9993769427300406,741,-0.00012421187572721795,1.86498268042748,0.0005957616080600681,19199.0,0.0017995247498305863,0.0005891638042957149,19089.0,1.3073163370380322e-07,2,203.075998,1.0547118733938987e-11,1.0547118733938987e-11,0,0,0.9999999999999999,-0.009045999999978826,1443,84,32.45540634789786,236.69685882857763,166.79718920183393,2.1253638253638254
NDARWT086XMF,R4,ThePresent,available,254,500.0,60.0230624962901,130,0,42,E8,E25,E21,E17,False,False,False,False,204,241,0.002376517454670954,-45.63271796810564,384.03788297921756,0.0015500787090710962,0.9471049280209688,6000,0.9973380702049734,1506,0.004318111355792911,6.770201243214758,0.004367838772073293,21.0,0.0032399419356183416,0.002329071499986331,-1413.0,8.881168800381522e-05,2,203.063996,4.785061236134425e-11,4.785061236134425e-11,0,0,1.0000000000000002,0.00834000000001021,723,34,23.2732633840902,521.5799479944919,280.2937735505186,1.2518948824343015
NDARWT403LP6,R11,ThePresent,available,148,500.0,60.023322142153184,130,0,42,E8,E25,E21,E17,False,False,False,False,250,226,0.002673320759828325,65.56324430286797,267.7705544292706,-0.0010395328793294596,0.9702903275924759,6000,0.9711847785991359,1050,0.0020411910035399287,10.725565694455375,0.0022112144673131816,26.0,0.003304928590262078,0.0001479480573349363,-6050.0,0.0012895220092995641,2,203.065998,4.451994328746878e-11,4.451994328746878e-11,0,2,0.9999999999999997,0.002694999999996726,1979,35,56.39740834789719,140.0168334630992,145.66144811453378,5.536078827690752
NDARWT715BMK,R5,ThePresent,available,620,500.0,60.02337517553763,130,0,42,E8,E25,E21,E17,False,False,False,False,138,232,0.0019181367795381634,1548.0241670417256,621.4054498462475,0.0006335823775463629,0.7731791896410767,6000,0.9679156847609354,2435,0.0010153149035486355,3.5260828899014083,0.005247120887012527,-17332.0,0.006833612185651356,0.004405479682829887,-17856.0,2.8171453259956056e-06,2,203.063995,1.0602629885170245e-10,1.0602629885170245e-10,0,2,1.0000000000000002,-0.002877999999930108,1108,133,25.125902367846727,315.37826597475816,163.84607354588601,2.0258844765342965
NDARWU018VDB,R4,ThePresent,available,6514,500.0,104.25735644573165,130,0,34,E8,E25,E21,E17,False,False,False,False,0,223,0.007453479184038562,2441.080451180214,493.2232738801755,0.0008569717311671391,0.6185269597760441,6000,0.9886718650380946,1525,0.0010754860028061256,3.3713010438549684,0.019537438348405725,-26678.0,0.03483813381718304,0.014026736079015157,-27223.0,0.0001691902797534301,2,203.07000499999998,2.5757174171303632e-11,2.5757174171303632e-11,2,2,1.0,0.000718000000023023,43,340,42.86619470966698,191.8733066849379,1007.1493265197724,29.892558139534888
NDARWU079DJZ,R11,ThePresent,available,563,500.0,30.00321306871377,130,0,42,E8,E25,E21,E17,False,False,False,False,47,221,-1.0,-1.0,-1.0,-1.0,-1.0,-1,-1.0,-1,-0.0072829704343698514,1.8620669434422041,0.011187368414059573,26599.0,0.02439172894995997,0.009429906471993411,-49922.0,0.0022872695871916007,2,203.078002,2.942091015256665e-11,2.942091015256665e-11,0,0,0.9999999999999999,0.015462999999969793,1042,145,41.99938708631523,282.5061153544084,289.4001337112162,1.2481094049904033
NDARWU876CWH,R7,ThePresent,available,174,500.0,119.16381644633886,130,0,34,E8,E25,E21,E17,False,False,False,False,0,235,0.14899526595680532,908.0359151537469,627.8766967791611,-0.03728062148250927,0.9241003077264063,6000,0.9366420762044897,2461,0.010299988449045049,2.8114781433063123,0.12205544074664634,9161.0,0.2315639246010462,0.11707513734493163,721.0,0.1783058511998596,2,203.06799500000002,3.241851231905457e-11,3.241851231905457e-11,2,2,1.0000000000000002,0.0018849999999920042,2,63,12.513118311047284,150.12316940873194,799.8448323430721,8.605
NDARWV313RH7,R10,ThePresent,available,115,500.0,30.00309538068147,130,0,42,E8,E25,E21,E17,False,False,False,False,142,230,0.005144547816448245,34.54981865720982,157.47361697324783,0.00039070572301700513,0.6580888466414966,6000,0.9987868383963802,618,0.0056303836945639065,3.2360797322303285,0.00600429709642606,29.0,0.005623780487436988,0.003012252747238375,-12977.0,0.002605948469194376,2,203.066001,4.651834473179406e-11,4.651834473179406e-11,2,2,1.0000000000000002,0.0005550000000077382,990,35,43.16168509917037,355.93700349705813,212.36607802048093,1.117808080808081
NDARWV403LV8,R11,ThePresent,available,850,500.0,60.023431954940506,130,0,42,E8,E25,E21,E17,False,False,False,False,414,237,0.009258286743736625,-1470.5576045104697,330.69595077812005,-0.002768612207501869,0.7869369257972533,6000,0.9684925083412744,1296,1.8071942619185076e-05,2.9149962389679844,0.01993266988314399,-4057.0,0.04109818057272383,0.014609282617344642,-40378.0,0.02821824262562974,2,203.06599799999998,1.454392162258955e-11,1.454392162258955e-11,0,2,1.0,0.007173999999999347,1459,188,30.456012395531143,217.39016192073197,162.61865459519063,2.776854009595614
NDARWV449GEM,R2,ThePresent,available,5815,500.0,91.74354757806069,130,0,34,E8,E25,E21,E17,False,False,False,False,0,225,0.019404420071530273,1137.8177803509304,912.4597134743033,-0.00313204554214049,0.9221917038951314,6000,0.9846873707554725,3577,0.006042418241475409,2.091470787066435,0.019240847184863397,-4839.0,0.034456521403987445,0.018823043153143655,30097.0,0.0341722939308474,2,203.080007,3.064215547965432e-11,3.064215547965432e-11,2,2,0.9999999999999998,-3.4999999937175224e-05,3,59,19.477314967008798,,6914.198995721351,16.436666666666664
NDARWV568MEU,R5,ThePresent,available,1662,500.0,60.018611416646145,130,0,42,E8,E25,E21,E17,False,False,False,False,183,224,1.6519768008810372e-06,1693.8135664979586,459.30207767918273,6.441077610548747e-08,0.8211627270111,6000,0.9540522673628863,1801,3.944599631191983e-08,3.6844975278752345,2.1256682831120282e-06,20542.0,2.869969487753622e-06,2.1248612173083496e-06,46561.0,1.8302548222269234e-06,2,203.07199400000002,1.270095140171179e-10,1.270095140171179e-10,0,2,1.0000000000000002,-0.0032109999999167366,1193,269,30.513708166496986,222.27769960429518,257.89225791961735,4.32140821458508
NDARWV769JM7,R9,ThePresent,available,16,500.0,30.003284001918427,130,0,42,E8,E25,E21,E17,False,False,False,False,112,213,-1.0,-1.0,-1.0,-1.0,-1.0,-1,-1.0,-1,0.0013297836996994875,3.584071181436891,0.02405007889497965,-4690.0,0.038724644537508464,0.023967293796392078,-4601.0,5.578597394379978e-05,2,203.28599899999998,1.2989609388114332e-10,1.2989609388114332e-10,2,2,1.0000000000000007,0.001707000000059934,1357,10,53.15327800028374,244.1976987176838,343.3086190461,1.4890125276344879
NDARWV794VM2,R5,ThePresent,available,12153,500.0,60.013711296369344,130,0,42,E8,E25,E21,E17,False,False,False,False,186,245,0.0010518197672139934,-1987.0621876487976,2144.6433225448295,0.0006032405572432007,0.8797292396358205,6000,0.9329755241705371,5217,0.0015167991967270703,2.0557919645497558,0.0021753175836333747,-29328.0,0.0005486469003084093,0.002173342452326539,-29285.0,3.6314903038674184e-08,2,203.073994,4.207745263329343e-11,4.207745263329343e-11,0,2,1.0000000000000002,-0.007143999999972979,12,9,133.2835875418645,102.74389399475565,44717.05721527863,43.79583333333334
NDARWW003WWW,R1,ThePresent,available,15,500.0,119.68339050642655,130,0,34,E8,E25,E21,E17,False,False,False,False,0,230,0.004762696789762988,-73.43271406977361,363.5520892972794,-0.0006480292272017228,0.812477402830093,6000,0.9753562012264605,1425,0.0052627695910070224,3.60765165905595,0.005326692789491961,18.0,0.0073859145778917045,0.002821225006809299,-16789.0,0.004096257940727882,2,203.072003,3.1530333899354446e-11,3.1530333899354446e-11,2,2,0.9999999999999998,0.0016979999999940485,1361,18,13.259393221053525,286.4581812624144,280.357853570538,0.8143644379132989
NDARWW820WZN,R5,ThePresent,available,317,500.0,60.02274730896855,130,0,42,E8,E25,E21,E17,False,False,False,False,234,222,0.0032445843228401214,1265.038013640433,360.54908054848977,0.0029060867063707484,0.9195092283673024,6000,0.9996137921101038,1413,0.0031748495617067037,3.239734807457222,0.006034228035927918,1223.0,0.004776698625815583,0.005384464815195962,-2780.0,0.0029342441827613455,2,203.06199600000002,2.5202062658991053e-11,2.5202062658991053e-11,0,2,1.0,0.006779000000021953,1324,68,30.14889351444214,263.29309634927006,175.17839709765525,3.4554078549848937
NDARWX711LBK,R4,ThePresent,available,291,500.0,60.02306211997635,130,0,42,E8,E25,E21,E17,False,False,False,False,130,238,0.0010940187108847944,212.61142359494193,304.917587081048,-0.0003061184998416809,0.47561069868839945,6000,0.9739065310591021,1196,0.000735552386643965,2.3750549629598687,0.0015354569545972402,31879.0,0.003575981749920594,0.001293845229342213,-29871.0,0.002234525199162728,2,203.07199899999998,2.1871393585115584e-11,2.1871393585115584e-11,0,2,0.9999999999999999,-0.00748099999995614,1636,64,37.20123699385238,196.1120179503775,159.57580246839845,5.771809290953545
NDARWZ903DD2,R5,ThePresent,available,203,500.0,60.02299451647486,130,0,42,E8,E25,E21,E17,False,False,False,False,175,230,0.11600821659962406,-5788.883583110561,2085.2494272040317,-0.03397604143868419,0.9714592223578302,6000,0.9923862383980737,1299,-0.04167767703258644,1.838735253106632,0.03054615202822555,-16449.0,0.07048376333202484,0.021755483117517703,-3694.0,0.058034690968425465,2,203.06600400000002,5.007105841059456e-11,5.007105841059456e-11,0,2,1.0,-0.0033249999999566972,1117,48,24.76025351105149,327.91922275504805,156.19113100448598,1.6527573858549687
NDARXB023AMW,R8,ThePresent,available,677,500.0,60.023459359979206,130,0,42,E8,E25,E21,E17,False,False,False,False,297,261,0.008475403307675648,-138.06664867061505,103.46428914126734,0.11411512332441559,0.8739588712358273,6000,0.999917783391384,405,0.11866257937812315,2.5097846700798385,0.1505773302091135,40370.0,0.08642963443465404,0.14391727010702351,39640.0,3.427750499224169e-05,2,203.073996,3.8968828164342995e-11,3.8968828164342995e-11,2,2,0.9999999999999999,0.0012040000000498121,554,116,25.317393500454372,601.5326608650499,199.74398151328765,2.4824909747292416
NDARXB193BMY,R11,ThePresent,available,761,500.0,60.02352043585833,130,0,42,E8,E25,E21,E17,False,False,False,False,879,216,0.004278579692172653,901.3240343271491,446.8832667100726,-0.00037664461254724744,0.6141207898746227,6000,0.9198213421204483,1752,0.0020862285617706373,3.2286922474199975,0.015001978401978627,-33674.0,0.020066637846981625,0.010134127920934974,8432.0,0.01952501388709872,2,203.075995,7.09432512735475e-11,7.09432512735475e-11,0,2,1.0000000000000002,0.006425000000028132,1626,169,53.50762767103532,168.5412840611352,179.6158256926116,5.592121771217712
NDARXB692PXC,R5,ThePresent,available,76,500.0,60.02344747568145,130,0,42,E8,E25,E21,E17,False,False,False,False,283,222,0.001603601687567867,1721.1825510412148,860.7926694577566,-0.0027097334881775684,0.9772093096938308,6000,0.986126226803095,2965,-0.0014127589589538092,3.080011387469303,0.004320076973376056,46888.0,0.007281418103473674,0.002671750137078026,23395.0,0.006061282532886587,2,203.062002,7.593925488436071e-11,7.593925488436071e-11,0,2,1.0000000000000007,0.003614999999989517,887,181,47.35203415536842,282.1175146784611,156.01766300484445,9.966832018038334
NDARXB992KA7,R8,ThePresent,available,273,500.0,60.02355185362239,130,0,42,E8,E25,E21,E17,False,False,False,False,321,236,0.0043271115989933166,-170.64552059262508,471.34090624280975,-0.0002898949145935859,0.8130915659259242,6000,0.9423807308694712,1848,0.004783924693696178,4.266120439049822,0.004888866621694671,22.0,0.00754822417107142,0.0042883761026618426,13450.0,0.005622908980225447,2,203.275995,2.4868995751603507e-11,2.4868995751603507e-11,2,2,1.0000000000000002,0.0008749999999500869,1513,50,33.54295982466118,222.57266344125526,254.58337895538253,1.6649306014540648
NDARXC055JGA,R9,ThePresent,available,135,500.0,30.00325329583845,130,0,42,E8,E25,E21,E17,False,False,False,False,45,219,0.027772798859958755,-612.274650771369,492.55738423658073,-0.008877970077627922,0.7691462358938567,6000,0.882339893853167,1931,0.007637761326675797,4.304626315538227,0.09179000537271371,-36423.0,0.09745945833754945,0.0672077384556483,-23203.0,0.11224421404436265,2,203.276002,2.7533531010703882e-11,2.7533531010703882e-11,0,2,0.9999999999999999,0.007220000000026821,969,70,47.36531688341263,337.51764960290774,154.27415812566076,1.5516305469556244
NDARXC266NHY,R10,ThePresent,available,369,500.0,30.003172739021224,130,0,42,E8,E25,E21,E17,False,False,False,False,243,216,0.005869155834410392,-9.878239154330254,157.2624845928179,0.0014597175869583857,0.9780845514370959,6000,0.9993825446774923,617,0.00747047192273624,3.7692856180048424,0.008515828857647687,-40052.0,0.00886019302714745,0.007543051713536915,13.0,0.008783258268169279,2,203.066002,2.55351295663786e-12,2.55351295663786e-12,0,2,1.0,0.0038369999999950926,1055,86,42.93603091733092,308.5172477983009,249.5963895475794,1.371004739336493
NDARXC828NXQ,R7,ThePresent,available,130,500.0,60.02334402893382,130,0,42,E8,E25,E21,E17,False,False,False,False,302,224,0.2914229366829218,-1220.2821676379294,630.5984164730258,-0.10410390554253189,0.8706581873831641,6000,0.9625999208133011,2472,0.026614974215023304,2.6628075802070295,0.2074558526985804,35871.0,0.30001470375699946,0.20404674256765926,-1285.0,0.48246150950466204,2,203.071994,7.771561172376096e-11,7.771561172376096e-11,0,2,1.0000000000000002,0.004540000000041282,999,145,51.40050270665165,264.33879928342014,187.3938476972579,17.57199199199199
NDARXC921EL3,R11,ThePresent,available,5640,500.0,30.003190904206512,130,0,42,E8,E25,E21,E17,False,False,False,False,208,231,0.17492379292269272,-1064.7208168230623,1209.349064784288,-0.05896247187009016,0.7327054358098435,6000,0.7997505735703756,4306,0.04920015545076196,3.907324743103202,1.6164111243956103,-20981.0,2.8130794280017026,1.3228276169460755,48423.0,2.496720174068211,2,203.064007,7.027711745877241e-11,7.027711745877241e-11,0,2,1.0000000000000002,0.005137000000055135,126,10,117.18414957575345,106.50461386979043,37600.538634136574,5.290555555555556
NDARXD388TTE,R1,ThePresent,available,598,500.0,119.87600476607687,130,0,34,E8,E25,E21,E17,False,False,False,False,0,234,0.002726126016845691,-67.34773203994517,285.18721433758236,0.0015346104450162702,0.6931431711817746,6000,0.997888873559895,1118,0.004670519445769219,4.816522198072814,0.004670519445769219,0.0,0.003961763055049486,0.0024130418787416353,-22715.0,0.0016941862065101513,2,203.070005,1.0524914273446484e-10,1.0524914273446484e-10,2,2,0.9999999999999998,8.800000012719425e-05,1932,82,30.23551606572106,176.90342556328676,163.26640169344952,3.4860610766045546
NDARXD710RLN,R5,ThePresent,available,649,500.0,60.02345629483875,130,0,42,E8,E25,E21,E17,False,False,False,False,251,360,0.0010981492400041792,44.051743637419065,266.2164835487692,-0.0007905546624251015,0.8615042853701127,6000,0.9365471548935957,1043,0.0003623689490630941,1.1443845569198725,0.0006633482166806591,-3892.0,0.0008277566731893743,0.0005493061073188382,65.0,0.0013591089547465055,2,203.06400599999998,8.049116928532385e-11,8.049116928532385e-11,0,2,1.0000000000000004,-0.006139999999953201,1648,120,121.70292983371114,100.89349908037362,195.21385266286876,9.459733009708739
NDARXD907ZJL,R8,ThePresent,available,2737,500.0,60.02339221225839,130,0,42,E8,E25,E21,E17,False,False,False,False,239,231,0.0009564842702813427,17.755205087051923,162.7019919910895,-0.00012362763097742286,0.6967968588025174,6000,0.9937546420762219,638,0.0009324442863918992,4.119329040045164,0.000961470868818808,18.0,0.001130534354201668,0.0003681222574460554,-26910.0,0.0004710877986378541,2,203.063996,1.0480505352461478e-10,1.0480505352461478e-10,0,2,0.9999999999999999,0.007439999999904181,1048,379,29.315317687737654,224.11941710155284,245.0689684869556,5.298291984732825
NDARXE058PZF,R11,ThePresent,available,791,500.0,60.01849154944614,130,0,42,E8,E25,E21,E17,False,False,False,False,107,243,0.007199285158255918,9.911130690294227,256.07835374370774,0.00038508960681487767,0.8471847835369545,6000,0.9972785049590692,1004,0.00828873130754767,5.408942800784009,0.008612934314920717,27.0,0.011986497124461953,0.005364014526198506,34934.0,0.0076448033314368315,2,203.06599400000002,4.263256414560601e-11,4.263256414560601e-11,0,0,1.0,-0.00800799999997176,1266,133,31.57141335048204,261.0245682646553,229.24120287932746,3.174123222748815
NDARXE242KMQ,R7,ThePresent,available,1199,500.0,98.89267051389564,130,0,34,E8,E25,E21,E17,False,False,False,False,0,229,0.0068476018405311,2003.2838640530294,484.1964435046612,-0.0032420347058543793,0.5085039671987464,6000,0.7045161664325391,1898,-0.002101402439412872,3.59376478733879,0.03432388892634735,23438.0,0.0483670694070205,0.03316821609206813,23922.0,8.87617701774493e-05,2,203.069998,2.708944180085382e-11,2.708944180085382e-11,2,2,1.0000000000000002,8.799999994531285e-05,948,110,39.72142408659361,247.15895551629447,1274.129394909844,12.240738396624474
NDARXE912NZP,R8,ThePresent,available,543,500.0,60.01387946090757,130,0,42,E8,E25,E21,E17,False,False,False,False,276,237,0.044018696353361385,3243.14226891052,676.9536747528276,-0.0056608627410202495,0.5744337131642168,6000,0.9988293779718225,1083,-0.02770193039398311,1.9877818618794818,0.05441155046803619,20716.0,0.11061291852893942,0.05357012206708522,34577.0,0.11611188058601471,2,203.074003,1.554312234475219e-11,1.554312234475219e-11,0,2,0.9999999999999999,0.006148000000003367,960,65,21.710811977751543,370.69631143173757,316.5266767051663,1.1341979166666667
NDARXF203DCD,R1,ThePresent,available,112,500.0,119.82725855803852,130,0,34,E8,E25,E21,E17,False,False,False,False,0,247,0.0020394805402706296,16.00295699048902,142.04466440801176,-0.0007951012884143845,0.9726511882587864,6000,0.9920129129267351,557,0.0014219660250237383,6.051107202280193,0.0014237895063360115,3.0,0.002715712407720309,5.0069875002017725e-05,-11052.0,0.0009659987128143697,2,203.063995,1.0169642905566434e-10,1.0169642905566434e-10,0,2,0.9999999999999996,0.003727999999939493,1159,30,21.16248817688717,335.49886127184465,118.47054084459864,2.1758584987057805
NDARXF223XK6,R10,ThePresent,available,455,500.0,60.01850753049066,130,0,42,E8,E25,E21,E17,False,False,False,False,185,213,0.0016794012902116582,-2937.5791318471474,147.4590517243373,-0.002590956992675903,0.941516098865076,6000,0.9979440853688722,352,-0.0014478990501287817,3.001257161260511,0.008641124565143299,-44583.0,0.012086132384139834,0.008607810748380195,-44692.0,4.2351225893084987e-07,2,203.06600600000002,3.61932706027801e-11,3.61932706027801e-11,2,2,0.9999999999999999,-4.9999999558828e-06,980,49,26.2322316806927,366.62246974353525,309.07573598414353,2.0191326530612246
NDARXF358XGE,R4,ThePresent,available,120,500.0,60.008941040049166,130,0,42,E8,E25,E21,E17,False,False,False,False,280,247,0.003608302926121048,2200.42200857813,630.0164532482207,0.0005214713442159848,0.9004528195972686,6000,0.981009529991023,2034,0.0011276831323388382,3.077006439419441,0.004762965094205939,2443.0,0.009019342405898103,0.004142110089851844,2236.0,0.00010784918479531114,2,203.066,4.296563105299356e-11,4.296563105299356e-11,0,2,1.0000000000000002,-0.005193999999999486,2080,7,67.26646242860737,125.26735247055883,597.3964093081047,5.637067307692307
NDARXF497LYF,R4,ThePresent,available,242,500.0,119.30802126250154,130,0,34,E8,E25,E21,E17,False,False,False,False,0,249,0.003766726309045242,-1571.296459999712,679.6375291691586,-0.001248368589387165,0.8190031091586935,6000,0.9357065032568858,2664,-0.00025708819923507325,2.0412642898516973,0.003348746062337142,35400.0,0.006970267251790518,0.002958418140062352,-13422.0,0.005660371303287137,2,203.06599799999998,7.37188088351104e-11,7.37188088351104e-11,2,2,1.0000000000000002,0.001016000000061554,1920,38,43.03831889002906,147.21176147515033,393.47680921465104,4.219796875
NDARXF711LJ9,R8,ThePresent,available,100,500.0,60.02340458915804,130,0,42,E8,E25,E21,E17,False,False,False,False,412,225,0.0030959618445963056,3423.2117205587065,585.7507843345556,-0.0009840809349154855,0.8458839833716199,6000,0.9814645601532889,724,0.00019987118216176778,3.6986058851062986,0.004086216514434894,-7100.0,0.007101342731703791,0.003637354682019297,-7355.0,0.0001992901313166975,2,203.288004,8.815170815523743e-11,8.815170815523743e-11,2,2,1.0000000000000002,-0.0008599999999376811,1385,7,30.471434896505176,260.80857344321555,383.2014057198762,1.3648664259927796
NDARXF766BLW,R10,ThePresent,available,334,500.0,30.003167671847645,130,0,42,E8,E25,E21,E17,False,False,False,False,81,240,0.0017166008363287016,33.96166356122255,148.8930046065843,-0.0005890350507790478,0.9608510450614497,6000,0.990589319143574,583,0.0011927116807884173,5.789773393920781,0.0013682477122824819,31.0,0.002053064327587252,0.00016680918350664385,-46013.0,0.0006784946582571609,2,203.076007,7.194245199571014e-11,7.194245199571014e-11,0,2,0.9999999999999999,-0.006496000000058562,1045,158,44.33522352780767,290.621512564955,162.4367558167444,2.327722488038278
NDARXF860CZ7,R9,ThePresent,available,151,500.0,60.02344054914619,130,0,42,E8,E25,E21,E17,False,False,False,False,113,248,0.19137947471037783,886.3383501626047,327.86217194041814,-0.05260546391016738,0.9310502415033638,6000,0.9959475465586026,1285,-0.0712574275753869,8.179169639425963,0.775942828924443,-8208.0,0.8405580212722733,0.43308351849269733,-7348.0,0.16466709079506459,2,203.06399299999998,2.986499936241671e-11,2.986499936241671e-11,2,2,1.0,-0.0017889999999686254,1272,23,31.041921089473313,281.87959129748504,172.3974144959649,3.0043789308176096
NDARXF890FLA,R7,ThePresent,available,86,500.0,118.60401798627137,130,0,34,E8,E25,E21,E17,False,False,False,False,0,240,0.001160876421172908,-2791.8736173597918,606.6366643411704,-0.00017313408295400114,0.7295094858416434,6000,0.9883666547269812,1398,-0.0002633895527382604,2.9063964833078892,0.001649955226045495,-31256.0,0.002797803550505083,0.0015721738708395772,-16949.0,0.0026996194255706255,2,203.067996,1.509903313490213e-11,1.509903313490213e-11,2,2,0.9999999999999999,-0.0007689999999690273,1,70,41.74643849919767,,586.2703438222497,28.13
NDARXG469XGP,R1,ThePresent,available,408,500.0,119.68822803545825,130,0,34,E8,E25,E21,E17,False,False,False,False,0,234,0.005491875173329672,2641.2465396503253,1033.427772861001,-0.0004475441807117688,0.9651048830340764,6000,0.9982210267455816,2384,0.002122576510419473,3.3959309085946803,0.005185486487662775,7044.0,0.006504061273075987,0.005111259267795886,2485.0,0.004780148721614973,2,203.069995,9.85878045867139e-11,9.85878045867139e-11,2,2,0.9999999999999999,-0.00043200000008239756,2180,56,38.059799137300146,145.64169259953735,182.18745973474387,4.0817293577981655
NDARXG670HFE,R5,ThePresent,available,171,500.0,60.02329112539591,130,0,42,E8,E25,E21,E17,False,False,False,False,163,227,0.0011526725016419912,41.23282480811575,217.66582893845063,-0.0002873791649384991,0.750465249195344,6000,0.9859942455247487,853,0.0009760760049117978,1.5016018034917262,0.0010851647342217797,33.0,0.0013735019417424632,0.0010467868754652579,-43941.0,0.0006081260983855696,2,203.074002,3.175237850427948e-11,3.175237850427948e-11,0,2,1.0000000000000002,-0.002557000000006822,1131,24,26.6030007556047,326.45836208480404,253.375067900596,1.9587091069849691
NDARXG799KWJ,R7,ThePresent,available,176,500.0,60.0233529581792,130,0,42,E8,E25,E21,E17,False,False,False,False,158,234,0.002425085270275102,-0.01143508966652739,160.14562009461818,9.12456656302245e-05,0.36620327922663504,6000,0.9928006002535363,627,0.002712054427001574,5.488997320567101,0.005897739748521008,3947.0,0.009273165582506567,0.003669969589155536,-5584.0,0.007001902471444995,2,203.063996,5.395683899678261e-11,5.395683899678261e-11,2,2,0.9999999999999999,-0.0015769999999486184,1036,31,24.090559197927586,359.9185446825997,170.905460548254,1.405395752895753
NDARXG961UAB,R9,ThePresent,available,750,500.0,59.99958482880318,130,0,42,E8,E25,E21,E17,False,False,False,False,216,227,0.01692618033706065,1372.6440337562008,571.3383390478444,-0.0021699494249243145,0.6864050669695361,6000,0.8760223302371637,2240,0.0019472066932431631,2.9049945630186884,0.01861420684664041,-5884.0,0.035691724876890145,0.01712198277471853,31714.0,0.028643043033035,2,203.27599800000002,9.803269307440132e-11,9.803269307440132e-11,2,2,0.9999999999999997,-0.0008150000000819199,1422,89,35.25568766510638,219.6476345931605,323.10413793449106,3.11556258790436
NDARXH140YZ0,R7,ThePresent,available,49,500.0,119.5865713942618,130,0,34,E8,E25,E21,E17,False,False,False,False,0,223,0.0019601929555385124,309.62450182636337,450.92771534515737,-0.000888694577642544,0.7077595343140238,6000,0.7574753866935322,1768,0.0007684962648888422,4.415511694226487,0.0027185179004065316,-17577.0,0.0034682446115263323,0.0020689782931998225,6596.0,0.0032690153308867235,2,203.069997,2.8421709430404007e-11,2.8421709430404007e-11,2,2,1.0,0.0005800000000284987,1784,21,33.600440402463406,196.08829675282865,264.96171353480247,3.2314630044843047
NDARXH270TJ8,R8,ThePresent,available,428,500.0,60.01400125932367,130,0,42,E8,E25,E21,E17,False,False,False,False,209,220,4.484547660895319e-06,2508.5194831868494,468.01935379295395,7.353632433660466e-07,0.9502170421596688,6000,0.9948998579322086,1408,-1.08014620058936e-06,3.4939650558888427,8.674419382281126e-06,47876.0,9.172573821362193e-06,7.13444626665943e-06,38309.0,8.622812081228297e-06,2,203.286003,8.748557434046234e-11,8.748557434046234e-11,0,2,1.0000000000000004,0.004090000000060468,1280,56,31.017582065132256,271.5638219499331,300.1688037057711,1.68946875
NDARXH393TMM,R5,ThePresent,available,183,500.0,60.02335580841226,130,0,42,E8,E25,E21,E17,False,False,False,False,156,228,0.000867724226598338,39.45262919548978,313.43812400195674,-0.0003413738744379678,0.8722052407308432,6000,0.9760334900287985,1228,0.0006509876610474207,2.698235408404043,0.0006794219830873278,27.0,0.001262935676366088,0.000297717404395479,7197.0,0.0005980368231068857,2,203.074005,6.727951529228449e-11,6.727951529228449e-11,2,2,1.0000000000000002,6.300000004896638e-05,893,18,23.67539228844691,416.52584461854525,478.5148917950136,1.4095744680851063
NDARXH863ZXA,R10,ThePresent,available,366,500.0,60.02352687627585,130,0,42,E8,E25,E21,E17,False,False,False,False,119,236,0.0021868711647733997,285.9104717383752,457.8372212838315,0.0014454864407348986,0.9488371664158084,6000,0.9940724643172206,1795,0.0037779486561368455,3.980918796821287,0.003897426816807622,32.0,0.002817007847587075,0.003260723004643934,501.0,7.460373575432283e-05,2,203.076006,1.0413891970983968e-10,1.0413891970983968e-10,0,2,1.0,-0.004353999999905369,1349,50,53.15676769785572,217.18821428084507,163.60677662050324,12.680103780578206
NDARXJ349THV,R11,ThePresent,available,620,500.0,59.99077582279268,130,0,42,E8,E25,E21,E17,False,False,False,False,581,230,0.005945303502250181,1580.562915073257,1013.6878252347626,-0.003003507705441823,0.8921763153152846,6000,0.7104696996937192,3406,0.001800852654784636,1.8367274038052173,0.0068161798836224525,45964.0,0.012101046646210391,0.006794430628300397,45880.0,2.5000281132780966e-07,2,203.068007,2.8421709430404007e-11,2.8421709430404007e-11,0,2,1.0000000000000004,-0.006389000000000713,1506,43,32.237899111256084,228.13555502863994,301.1972318454993,2.003406374501992
NDARXJ624ZF2,R7,ThePresent,available,302,500.0,60.00918792962071,130,0,42,E8,E25,E21,E17,False,False,False,False,452,222,0.004298423569371047,1169.9328264652445,700.9927985482714,0.0001107150164233228,0.8392581166473188,6000,0.9633532224775485,2748,0.0032023734315930314,2.68887146693764,0.011514207574913147,28606.0,0.020776737850254294,0.011497406326617419,27982.0,0.0038348021649690063,2,203.07,6.583622536027178e-11,6.583622536027178e-11,0,2,1.0000000000000007,0.007489999999924518,900,87,32.30397622198388,323.84556087829156,645.9232804690446,6.462199999999999
NDARXJ973GFA,R8,ThePresent,available,505,500.0,60.02361313311446,130,0,42,E8,E25,E21,E17,False,False,False,False,280,223,0.06459387438665852,1197.7603719367482,658.2768676683926,-0.01986492595496232,0.8921277097410023,6000,0.9022663861417647,2580,0.024276645911020616,3.530508092901388,0.049917909765474805,1376.0,0.08205829303256618,0.043946971525606345,6115.0,0.10655423032592068,2,208.80599999999998,1.099120794378905e-10,1.099120794378905e-10,2,2,1.0,-0.0015409999998937855,1422,131,30.486617539051508,223.5142718298919,322.4062787315318,2.1319057665260197
NDARXK009VGV,R5,ThePresent,available,164,500.0,119.81782845805768,130,0,34,E8,E25,E21,E17,False,False,False,False,0,229,0.0004586734744609929,-398.1147597610977,627.9448199115292,-0.00021569956938211597,0.7551930619513662,6000,0.788462028120719,2461,0.00042864940394283894,2.9156153437142747,0.0007433299899564068,-9360.0,0.0013468739683885028,0.0006438531554303297,-14821.0,0.001015342876814099,2,203.06400399999998,1.3100631690576847e-11,1.3100631690576847e-11,2,2,1.0000000000000002,-0.00018900000002666719,71,50,476.6251871179324,75.83977962185685,291.1141250064293,71.1567605633803
NDARXK076XU8,R2,ThePresent,available,1160,500.0,102.23014797854049,130,0,34,E8,E25,E21,E17,False,False,False,False,0,224,0.0006772814471847908,2295.816318247076,697.6806601264637,-0.00042325392099522725,0.9261997642147669,6000,0.9480953735178392,2071,-0.000337169030204242,1.6984231955937208,0.0006524521144504708,43434.0,0.0008809189353394982,0.0006292715275089568,43944.0,8.070626548813034e-05,2,203.069997,3.197442310920451e-11,3.197442310920451e-11,0,2,1.0,0.0030349999999643796,1006,76,34.16958378066294,267.38412640663154,1485.4175126509765,8.369721669980121
NDARXK254YD2,R10,ThePresent,available,1569,500.0,30.003132612424036,130,0,42,E8,E25,E21,E17,False,False,False,False,136,234,0.002175262029981879,312.42497005501576,521.7424984855713,-0.0005423701083683364,0.8640307585916482,6000,0.9679365739869857,2046,0.0017403639257378251,4.462910160647758,0.004288654390091713,-37186.0,0.005216362013630051,0.003508463217686758,8454.0,0.005360034317759942,2,203.066001,4.596323321948148e-11,4.596323321948148e-11,0,0,1.0,0.013220000000035016,478,90,53.55339813194427,414.4100272993594,1668.0496769654658,4.906945606694562
NDARXK303DDB,R7,ThePresent,available,108,500.0,119.83273065593194,130,0,34,E8,E25,E21,E17,False,False,False,False,0,246,0.0021727392538652877,1189.44162626213,411.6893049016939,-0.0047154993043743145,0.9650518806055877,6000,0.9953608630884418,1614,-0.0029444546677724107,2.0407422224039746,0.00593049206013263,6536.0,0.010153946282629079,0.00568870298221713,6261.0,2.8136747552203953e-06,2,203.071994,4.374278717023117e-11,4.374278717023117e-11,0,2,0.9999999999999998,0.0026140000000029685,1121,33,16.43565922192598,346.67149279276083,243.65901219962598,1.7154504906333627
NDARXK893KLX,R9,ThePresent,available,17,500.0,30.00326414822026,130,0,42,E8,E25,E21,E17,False,False,False,False,64,232,0.01155018446577867,-13.201629561618237,296.5178429656823,-0.0022680185818575224,0.9453388595552467,6000,0.990820644334818,1162,0.010793404383092313,6.203106958113461,0.011361782015071145,30.0,0.01725273208223345,0.004758512401840513,14319.0,0.009428681888074017,2,203.28599300000002,1.454392162258955e-11,1.454392162258955e-11,0,2,0.9999999999999999,-0.005831000000000498,1282,7,45.705571106409124,268.1874403720303,166.6482225721344,1.1753354134165366
NDARXK986EK6,R5,ThePresent,available,87,500.0,60.02341275996144,130,0,42,E8,E25,E21,E17,False,False,False,False,152,227,0.0010461816603763395,47.489316647599175,431.63223138813635,-0.00017675396886599655,0.8760889227247706,6000,0.9828327500381379,1692,0.001057953230964923,2.9511452887451104,0.0012039600275830934,27380.0,0.0020717637554358743,0.0011024548253189626,28.0,0.0019414828800707697,2,203.074001,4.773959005888173e-12,4.773959005888173e-12,0,2,0.9999999999999999,-0.002871999999990188,1071,10,23.87789210022933,354.12488878174537,229.9037843090826,1.0242763772175536
NDARXL023GFG,R5,ThePresent,available,2657,500.0,106.08674514328423,130,0,34,E8,E25,E21,E17,False,False,False,False,0,232,0.005652414666531333,-2897.536806237456,575.6174563167551,0.0003766820219353892,0.6665502378594131,6000,0.9483643537929426,1231,0.004318644043722751,2.631106019172535,0.00943081293849024,8707.0,0.017435204455359524,0.009157535868438675,-38461.0,0.01269239355111136,2,162.983993,5.551115123125783e-11,5.551115123125783e-11,2,2,0.9999999999999994,0.0010780000000841226,693,146,31.34346356054926,245.31702070639642,892.789333307882,6.253290043290043
NDARXL023NG9,R4,ThePresent,available,91,500.0,60.02328543712418,130,0,42,E8,E25,E21,E17,False,False,False,False,159,232,0.0009754083772613618,-14.606221089591523,462.15269317315415,-7.16528728148281e-05,0.9236218887392016,6000,0.9828700537940719,1812,0.0011154384550414174,5.268003844299036,0.0011658777722316272,29.0,0.001465235180597479,0.000917775559519201,-22373.0,0.0012036757934766424,2,203.061994,1.1113332476497817e-10,1.1113332476497817e-10,2,2,1.0000000000000002,0.00019100000007995246,968,14,24.04439764209556,391.01695994439933,218.9641964537316,1.2621694214876034
NDARXL491XWE,R11,ThePresent,available,495,500.0,60.02336042484463,130,0,42,E8,E25,E21,E17,False,False,False,False,257,225,0.0020440308061617806,33.89319470852971,152.69574871204188,-0.003416190781281519,0.9944133314221014,6000,0.998948031852521,599,-0.0013604615867655503,,,,,,,,2,203.075998,3.164135620181696e-11,3.164135620181696e-11,2,2,1.0000000000000004,-0.0006849999999939522,1560,100,36.23785645882457,206.07672826499092,181.59889747810533,5.4210192307692315
NDARXL534AZA,R8,ThePresent,available,6738,500.0,59.894200464177416,130,0,42,E8,E25,E21,E17,False,False,False,False,171,221,0.01118470816564083,3194.2935917747845,1199.8444142321819,-0.010212674956146285,0.999557731842868,6000,0.9989076581132269,2157,-0.01031488233485532,1.4055279720311025,0.010750108073146235,36419.0,0.028158944895001287,0.007360711584616092,35306.0,0.0014112136396823008,2,203.288002,7.771561172376096e-12,7.771561172376096e-12,0,2,1.0,0.0034919999999845014,662,33,33.42259805499415,242.94089297489958,6716.379344188893,1.675996978851964
NDARXL801JVG,R9,ThePresent,available,88,500.0,30.003172404785715,130,0,42,E8,E25,E21,E17,False,False,False,False,146,217,0.02229531626784306,2218.467516317224,292.86595027645444,-0.002605247476804643,0.5398709285089768,6000,0.9923102302707849,1148,-0.02646834373201023,2.885768504453586,0.04579862208183563,6148.0,0.08042285721597735,0.04392843470537106,6504.0,0.000414253417176616,2,203.285994,2.453592884421596e-11,2.453592884421596e-11,0,2,0.9999999999999997,-0.0020129999999505374,1229,40,47.298088594049084,272.20075838134187,145.82679860395666,1.53553295362083
NDARXM200CFE,R7,ThePresent,available,418,500.0,117.84522540541606,130,0,34,E8,E25,E21,E17,False,False,False,False,0,241,0.002969540704568145,-706.6660026200476,538.4018782271818,-0.0001971439602352041,0.877342660049959,6000,0.9956741620001016,2110,0.0009291790102327742,2.2329617431476882,0.0031238875098148146,-39948.0,0.007035796268835102,0.003096633732793256,29620.0,0.006420530965698745,2,203.06599400000002,1.3700152123874432e-10,1.3700152123874432e-10,2,2,1.0000000000000002,0.000719000000102653,1,177,8.37112799953319,196.23982415320896,1161.6063944220175,5.69
NDARXM571XCC,R4,ThePresent,available,119,500.0,60.02321952648761,130,0,42,E8,E25,E21,E17,False,False,False,False,114,240,0.01046486123624526,-269.8301012092218,560.0265749453993,-0.00014866900584100575,0.7826140897847867,6000,0.9916040183150735,2195,0.009308989570253424,3.433112839261768,0.020438150423297302,-26805.0,0.03155386086761182,0.01434441419231322,26437.0,0.02582743739847585,2,203.074005,1.1146639167236572e-10,1.1146639167236572e-10,0,2,1.0000000000000004,-0.0022109999999195265,1120,31,26.864902449757817,327.69731108131845,135.97241682825296,1.5450178571428572
NDARXN246RND,R10,ThePresent,available,21,500.0,30.003221125038532,130,0,42,E8,E25,E21,E17,False,False,False,False,105,237,0.0027953131552261763,37.42198093457495,100.09844989740098,0.0006750227049569234,0.7728614035901678,6000,0.9993592689414126,392,0.00329041754090746,3.5106469303723595,0.0036266377877375894,33.0,0.00533542181827818,0.0029293288488443656,-5335.0,0.003402370245247715,2,203.068001,2.930988785010413e-11,2.930988785010413e-11,0,0,1.0000000000000002,-0.012157999999998344,1059,9,45.1024841448301,335.21179244771446,144.43407864146806,1.2665627950897071
NDARXN325JBD,R10,ThePresent,available,95,500.0,30.003241142144375,130,0,42,E8,E25,E21,E17,False,False,False,False,83,231,0.010756167229964708,83.47317120564593,205.18630784467703,0.0024526323403020822,0.8716302357798276,6000,0.9961371296696704,804,0.013295667572800107,8.766724377196427,0.02161658396062687,10347.0,0.024350295644937906,0.014006403311722239,33.0,0.015442268196464921,2,203.075999,8.548717289613705e-11,8.548717289613705e-11,2,2,1.0000000000000002,0.0013200000000571177,1215,42,45.78583594438591,275.2165733756041,169.038008484914,1.6186255144032922
NDARXN641PWT,R10,ThePresent,available,1712,500.0,59.92344294059713,130,0,42,E8,E25,E21,E17,False,False,False,False,977,235,0.013971955962106777,242.2670310253702,523.9326521813753,0.011217711772735357,0.9826154480574743,6000,0.9990485937021117,2054,0.024267911190704993,3.7689359179635806,0.03826699345101991,-17262.0,0.022133216898859238,0.025555332698049046,167.0,0.01909409473599773,2,203.066002,3.164135620181696e-11,3.164135620181696e-11,0,2,1.0,-0.0040170000000347645,979,177,106.99212403627041,140.90437312226035,169.968020987849,36.434627170582225
NDARXN764AC7,R5,ThePresent,available,137,500.0,60.023389014025156,130,0,42,E8,E25,E21,E17,False,False,False,False,165,223,0.007391075238421176,-3539.9964480954677,794.4512507865605,-0.0028249246145641387,0.8838942050206885,6000,0.977846071685857,1018,-0.004294279735904566,5.114049789064154,0.023733665367614957,-40370.0,0.024938380762581328,0.009714327911670395,10037.0,0.022408541982241924,2,203.074007,6.350475700855895e-11,6.350475700855895e-11,2,2,1.0000000000000002,0.0005270000000415251,1366,26,28.796085336685774,265.8828515706113,156.99045644862213,1.8738213762811127
NDARXN821BKB,R10,ThePresent,available,848,500.0,30.003223067753982,130,0,42,E8,E25,E21,E17,False,False,False,False,188,215,0.01921778234104763,1171.4797251565249,741.8837471433579,0.0008732418474619541,0.9191859704517478,6000,0.9520936629430876,2908,0.0022466591668650255,2.9076019076984685,0.025894998327007486,-41866.0,0.03400992509815859,0.020082512399852506,1012.0,0.034364755525996826,2,203.076002,4.374278717023117e-11,4.374278717023117e-11,0,2,1.0,0.006769999999969323,526,176,101.89327643690775,134.05361189813098,1040.831416381652,10.392832699619774
NDARXN893UEZ,R7,ThePresent,available,77,500.0,119.07438864479577,130,0,34,E8,E25,E21,E17,False,False,False,False,0,226,0.0018665174505140387,114.04814946553753,479.0872265430912,-1.3241465461735126e-05,0.8614749635845353,6000,0.9659996261548242,1878,0.002106297177149291,2.3771424438518176,0.002170239328764117,-19130.0,0.001974713337760299,0.002113259493567194,-19398.0,9.721216446531566e-06,2,203.06999299999998,6.328271240363392e-11,6.328271240363392e-11,2,2,0.9999999999999999,-0.0008380000000409718,1892,43,107.69518923209266,102.51812741991733,291.5599156557176,7.388128964059197
NDARXP456PGL,R11,ThePresent,available,637,500.0,60.01868285847734,130,0,42,E8,E25,E21,E17,False,False,False,False,330,224,0.002680892337341044,30.32608080788004,282.6234499987716,-0.0002114419916980637,0.9174480863731402,6000,0.9938467010408711,1108,0.0028307267066459588,3.973448575268897,0.0030069329719367324,29.0,0.003594547261606419,0.0015670191733531673,-6695.0,0.0019451589861849369,2,203.064008,4.9182879990894435e-11,4.9182879990894435e-11,0,0,0.9999999999999999,0.008038999999958798,475,85,421.4599873411365,82.87927876812553,242.05395288394058,66.07890526315789
NDARXP557DLJ,R5,ThePresent,available,1505,500.0,59.39509982757591,130,0,42,E8,E25,E21,E17,False,False,False,False,210,243,0.0008052205828628832,-410.1439056386482,631.896140872505,0.0008183069743347829,0.9689314095552607,6000,0.9993443534763021,2477,0.0015532954795963458,6.9723964277738215,0.001630179665488588,-90.0,0.0013763486915183917,0.0016170525591323649,-507.0,8.380092098153949e-05,2,203.075999,7.416289804496046e-11,7.416289804496046e-11,0,2,0.9999999999999999,-0.005552999999907916,1036,117,38.017058752514004,260.84235207632287,522.8119007409999,10.618774131274131
NDARXP717YMH,R5,ThePresent,available,55,500.0,119.86648402004337,130,0,34,E8,E25,E21,E17,False,False,False,False,0,235,0.0023514400387565576,14.955891588203203,233.1371956159106,-0.00029642187884435525,0.8740366635396657,6000,0.9876260352293994,913,0.0025607355797799287,8.454068678775336,0.0025626912817620583,-2.0,0.003099947803495792,0.0006158874551749758,33600.0,0.001053009592302692,2,203.070007,5.284661597215745e-11,5.284661597215745e-11,0,2,1.0000000000000002,0.003071000000020214,1854,13,24.723006638976564,194.65624277454316,383.70516918385067,1.8405825242718448
NDARXR123PFR,R4,ThePresent,available,173,500.0,119.82811770371895,130,0,34,E8,E25,E21,E17,False,False,False,False,0,247,0.0020682031395889665,33.94475603547542,353.55754024039214,-0.00019766606844682147,0.9117321689684564,6000,0.9941916878466778,1386,0.0021364879612171405,13.523865604386604,0.002190570776266605,29.0,0.002667980392745525,0.0005382452451154275,5567.0,0.00074770530895662,2,203.070002,2.886579864025407e-11,2.886579864025407e-11,2,2,0.9999999999999999,0.00035300000002937463,1614,25,15.402963095997364,239.47255572761213,217.2260333264431,1.2132713754646842
NDARXR250LW3,R7,ThePresent,available,1634,500.0,60.01859163799477,130,0,42,E8,E25,E21,E17,False,False,False,False,225,220,1.104495287232951,-750.2552839385513,761.7104229236337,0.9321874510088761,0.8326099898479722,6000,0.9927787800823116,2986,1.5629333622078434,2.7426805815065083,2.068447743761475,-36012.0,1.0923475427359155,2.0536656390857315,-555.0,2.2620306620081427,2,203.06400299999999,4.551914400963142e-12,4.551914400963142e-12,0,2,1.0,0.005427999999990906,1162,40,30.75438781537187,262.5604291399484,1474.4147158970459,3.0088209982788294
NDARXR389XA1,R7,ThePresent,available,3421,500.0,50.69572027118876,130,0,34,E8,E25,E21,E17,False,False,False,False,0,243,0.0013425067953632074,-1472.4193132089015,544.2627212141504,-0.0011929157344864464,0.7696549347239634,6000,0.7737835714272859,2134,-0.0002083106059040695,2.069223604469976,0.002092452876950682,42505.0,0.003887548321782477,0.0018947327658516261,4903.0,0.003846013847858291,2,203.063997,3.61932706027801e-11,3.61932706027801e-11,2,2,1.0,0.0007339999999558743,405,39,34.788909638065576,211.80585321249202,7959.140303760639,8.005876543209876
NDARXR665DU1,R10,ThePresent,available,181,500.0,30.00315590006371,130,0,42,E8,E25,E21,E17,False,False,False,False,64,229,0.0076423552235432785,-1268.2523144813092,702.8271818511544,-0.005041901421156126,0.7885408864448431,6000,0.14514554402721813,2755,0.0014716295333373106,1.425707517809969,0.0044197218904533635,-5687.0,0.005904738473209532,0.0043897664262874374,-5548.0,2.0643185883313826e-05,2,203.07599399999998,2.7977620220553945e-11,2.7977620220553945e-11,2,2,1.0,0.0005850000000276678,881,92,47.85892898332069,349.3177139438399,128.9790538899849,2.9741430192962546
NDARXR865BVX,R11,ThePresent,available,513,500.0,60.02345629687143,130,0,42,E8,E25,E21,E17,False,False,False,False,208,221,0.0031713884525322077,266.540944976019,451.6314949419274,-0.0004373153420413552,0.8001989152765149,6000,0.9267975349613831,1770,0.0033978738152008595,2.710047716088163,0.0036880373782376768,32845.0,0.005589766043386948,0.0035206847738141656,25.0,0.006048344923298175,2,203.07799799999998,2.1538326677728037e-11,2.1538326677728037e-11,0,2,1.0000000000000002,0.00669199999998531,1067,189,29.231800065170994,298.7450824037549,163.60806324619884,3.7398594189315832
NDARXR965TFK,R1,ThePresent,available,330,500.0,118.22207410891588,130,0,34,E8,E25,E21,E17,False,False,False,False,0,249,0.0023989214404743736,544.3391991911244,530.3115800496627,-0.0008645706252932366,0.9379200926939746,6000,0.9679932816303171,2079,0.000810483492764731,3.904614263792073,0.0016092168374168734,786.0,0.0029523818961929805,0.0014117840038552318,11187.0,0.0025727378971141506,2,203.06999599999997,7.505107646466058e-11,7.505107646466058e-11,2,2,0.9999999999999999,-0.00037100000006443096,1368,57,16.06089820774498,272.74835522782354,377.24355387353756,1.7135014619883042
NDARXT222XYH,R4,ThePresent,available,139,500.0,60.02333289427869,130,0,42,E8,E25,E21,E17,False,False,False,False,186,245,0.0023352030395134417,39.981936870087665,224.67924177951545,-0.00019917886556109174,0.9248518023786308,6000,0.9888472568635763,881,0.002477081837538951,11.787493723056553,0.0026740032375889345,28.0,0.003109865217879395,0.0006806702355395792,-18271.0,0.0010948070006939312,2,203.066006,1.7319479184152442e-11,1.7319479184152442e-11,2,2,0.9999999999999999,-0.0006090000000061772,1770,35,74.0125220760863,142.80286095211363,138.04290423375042,11.615830508474575
NDARXU376FDN,R7,ThePresent,available,295,500.0,119.24471738888707,130,0,34,E8,E25,E21,E17,False,False,False,False,0,259,0.0005599205005831352,117.22165956289561,301.7187440692945,-0.00017574112091285323,0.85909263706576,6000,0.9720696794149188,1183,0.00044446640788669385,4.774387476575873,0.00047239946607638547,48.0,0.0008110701893902407,0.00019687331255363114,20688.0,0.00047803061642883306,2,203.07000299999999,6.261657858885883e-11,6.261657858885883e-11,2,2,1.0000000000000004,-0.0005469999999905657,1358,115,18.020076894265088,281.88297972205345,114.97628801640467,2.602238586156112
NDARXU883NMY,R7,ThePresent,available,89,500.0,60.02336547835971,130,0,42,E8,E25,E21,E17,False,False,False,False,264,242,0.006135281365976796,-2386.8952403534,646.3372975322542,-8.239775276110763e-05,0.8547831963664524,6000,0.9875144510088251,1880,0.0004919751516513873,2.732542187383539,0.012009424038798011,45108.0,0.023446210536491985,0.008053414133336712,10936.0,0.020607686199912448,2,203.073994,3.042011087472929e-11,3.042011087472929e-11,0,2,1.0,0.005912999999967713,1151,12,27.502452321875655,321.63985296326365,240.17657730305638,1.4356472632493482
NDARXU995GAJ,R7,ThePresent,available,1044,500.0,118.7034023116435,130,0,34,E8,E25,E21,E17,False,False,False,False,0,243,0.0023505968794316242,-611.5339804501318,320.74267783146604,-0.00026497698892380915,0.6584825992711854,6000,0.9892962256292522,1258,0.00017233115480303187,6.267604803148306,0.008108891052905432,14892.0,0.00955520634676832,0.0035826680000744103,5255.0,0.006307703695637655,2,203.07799500000002,5.1958437552457326e-11,5.1958437552457326e-11,2,2,1.0,-0.0009839999999527657,1276,138,15.369085334364097,288.2002952246066,204.80655725096707,2.32039184952978
NDARXV034WE0,R5,ThePresent,available,3226,500.0,37.72188972681467,130,0,34,E8,E25,E21,E17,False,False,False,False,0,230,0.0009987697971095115,-2154.701659982809,464.65082569968314,-0.0008682701843453879,0.9598696789385951,6000,0.8623892786275515,1757,-0.0010759646125565988,3.0902437311278317,0.002535998722298724,18277.0,0.004915085351446498,0.002210581253682241,-44297.0,0.0030110188754705093,2,203.07000499999998,5.995204332975845e-11,5.995204332975845e-11,2,2,0.9999999999999998,0.0007659999999667794,347,84,34.81339694738582,152.3077775771249,4208.704109166751,6.06850144092219
NDARXV094ZHH,R4,ThePresent,available,1350,500.0,115.86023232889107,130,0,34,E8,E25,E21,E17,False,False,False,False,0,222,0.0016786297222122677,2063.4876150552295,1127.098766054809,-0.0006112986573070173,0.6385080677435329,6000,0.7292681915219714,3145,-0.0014651916428463972,2.7810280570055683,0.0015694220469924798,-29562.0,0.002876704288050454,0.001536280187394223,-29483.0,1.4095191993484038e-06,2,203.07000000000002,7.815970093361102e-11,7.815970093361102e-11,2,2,1.0,0.0005990000000714589,555,124,235.33876595835258,91.12122350952436,620.00733831235,49.08926126126126
NDARXV209WYA,R9,ThePresent,available,527,500.0,60.02344564684517,130,0,42,E8,E25,E21,E17,False,False,False,False,97,243,0.21195116733580158,-1236.8177266627497,775.096396869604,-0.07915188095742925,0.9420111784120193,6000,0.9659401672038305,3039,-0.005340729312780741,5.673044605244784,0.5573143540794484,-47494.0,0.5869347841563076,0.3341204947192865,-46652.0,0.0005626350781146039,2,203.063995,9.992007221626409e-12,9.992007221626409e-12,0,2,0.9999999999999999,0.006727000000020002,1022,147,27.1921617385572,325.1978128348608,135.66016961595992,3.2212035225048927
NDARXV291ATY,R9,ThePresent,available,1303,500.0,30.003268545151094,130,0,42,E8,E25,E21,E17,False,False,False,False,118,247,0.02314470593863345,-5.387318627844259,458.1137339747079,-0.005672078887070626,0.9231624605927574,6000,0.949834878491233,1796,0.02461416873327224,6.066110858837765,0.026461375494544102,33.0,0.036008642892596414,0.018225688777638024,-18332.0,0.026711350179605707,2,203.286002,4.107825191113079e-12,4.107825191113079e-12,0,0,1.0,-0.01597699999999166,785,248,61.31314916264594,225.42090205828393,543.2438127110686,5.540076433121019
NDARXV294YRJ,R4,ThePresent,available,259,500.0,118.51847310729526,130,0,34,E8,E25,E21,E17,False,False,False,False,0,233,0.0005994470547935797,287.2445249366637,527.0367627155582,-0.00021180913830430446,0.8799436449686737,6000,0.9620729984284226,2066,0.00025086585385819304,3.125466056144447,0.0004651209611326128,227.0,0.0009324651576700022,0.00015974574811856288,-17346.0,0.0006137635666495726,2,203.070005,6.261657858885883e-11,6.261657858885883e-11,2,2,1.0000000000000002,-0.00014899999996099332,1584,25,14.356538341143015,245.4070681066229,420.5959505201956,1.1316287878787878
NDARXV702MYC,R8,ThePresent,available,209,500.0,60.02351254932853,130,0,42,E8,E25,E21,E17,False,False,False,False,200,234,0.006403718318865795,16.530889498424227,342.306157528604,-0.0021364042983532294,0.9384928886999604,6000,0.9845109287207391,1342,0.00538751683597902,3.721864212004068,0.005617293028228636,23.0,0.009338205929494962,0.0028240859158811444,48740.0,0.005716826790949316,2,203.286002,6.106226635438361e-11,6.106226635438361e-11,0,2,1.0000000000000002,0.005285000000036729,1119,35,27.365548526419893,321.3420721467146,360.3456058062316,1.2930026809651476
NDARXW276NXN,R9,ThePresent,available,275,500.0,60.02340108584522,130,0,42,E8,E25,E21,E17,False,False,False,False,137,237,0.4719993024596853,-2487.3833742084075,432.0971412181934,-0.49985599009425374,0.9581637980144295,6000,0.9733625088813828,1360,-0.6750994028603367,2.3557069345732735,1.0495253542533984,-9948.0,1.7053785639878787,0.9894919523103417,-9294.0,0.09928504561539908,2,203.064,1.1690648449302898e-10,1.1690648449302898e-10,0,0,1.0000000000000002,0.008031000000091363,560,62,24.06806458348996,650.2622123220013,148.5897274023908,2.3479107142857143
NDARXW410HP6,R10,ThePresent,available,231,500.0,30.003226252570812,130,0,42,E8,E25,E21,E17,False,False,False,False,81,235,0.00946472270356621,24.071948158502128,210.3310048624074,-0.0010904493638034802,0.9324616540472562,6000,0.9966488208193294,825,0.008914317400948989,5.612000598423324,0.009560069798246288,31.0,0.013270116612926047,0.004483272181604556,41631.0,0.008421812632460996,2,203.066005,9.181544413650045e-11,9.181544413650045e-11,0,0,1.0000000000000002,-0.01222499999993023,882,75,39.90658427755783,380.8244735786709,160.43465901012817,1.5042290249433108
NDARXX899HTP,R10,ThePresent,available,46,500.0,30.003217822091667,130,0,42,E8,E25,E21,E17,False,False,False,False,61,225,0.0030371552818704494,52.89804265812858,182.78009235684672,-0.002707949606520718,0.9799797451820333,6000,0.9907430425773236,717,0.0004054265555889578,3.9309549924244687,0.004026312351824783,26722.0,0.007425868453864493,0.004015480135771996,26771.0,5.676352587778016e-07,2,203.066,6.517009154549669e-11,6.517009154549669e-11,0,0,0.9999999999999999,-0.016552000000044788,846,25,42.3524206385759,424.8123882197196,155.98673548272512,1.1601536643026005
NDARXX939FFN,R8,ThePresent,available,128,500.0,60.02337723604289,130,0,42,E8,E25,E21,E17,False,False,False,False,171,237,1.456581493713474e-06,3005.0501164530665,173.01642131154196,-7.812503326750096e-07,0.8701291531327928,6000,0.9965302575469385,334,-2.498595031335806e-07,2.44625243541143,1.8227612272597335e-06,8576.0,3.771992771790012e-06,1.7922243021664818e-06,26814.0,3.708435676118289e-06,2,203.063997,1.4988010832439613e-11,1.4988010832439613e-11,0,2,1.0000000000000002,-0.006436000000030226,895,23,26.00408460689836,412.49992803227457,224.54845749256,1.4235530726256982
NDARXY199VDP,R7,ThePresent,available,260,500.0,117.96865578164295,130,0,34,E8,E25,E21,E17,False,False,False,False,0,245,0.0014537222615026142,1526.715056507888,153.17299581937232,0.0009848163025686237,0.5767093373820577,6000,0.9987890661649174,600,-0.0012611827348686718,3.44026936136291,0.0029872143035953574,-13162.0,0.005001897313203394,0.0023381488036128134,1508.0,0.0038493731677639695,2,203.070006,7.904787935331115e-11,7.904787935331115e-11,2,2,0.9999999999999999,0.0009019999999282698,1277,25,17.903037250921535,292.9704961681407,705.9511892655318,1.943469068128426
NDARXY241DWE,R11,ThePresent,available,25,500.0,30.00314404291596,130,0,42,E8,E25,E21,E17,False,False,False,False,27,216,0.06277187993515264,2317.8681626546527,679.894315722682,0.003413352092449282,0.9574556951929477,6000,0.9988739535858807,2014,-0.011140120545529342,3.7193167692327957,0.06799507154398106,2335.0,0.09506817462014543,0.06315103011356966,2086.0,0.00035941234059687355,2,203.065996,5.362377208939506e-11,5.362377208939506e-11,0,0,0.9999999999999997,0.01575899999997857,1165,11,42.1430954418616,299.3315433245765,130.2924070904186,0.9151931330472104
NDARXY277ND0,R11,ThePresent,available,297,500.0,60.023523453981326,130,0,42,E8,E25,E21,E17,False,False,False,False,143,238,0.009071808812134778,352.1285599567871,476.279892460492,-0.0006638250474564344,0.7697787278998466,6000,0.9108488330840234,1867,0.009614087605370459,2.645089308176146,0.018553258636378266,9235.0,0.03660673131748213,0.018513282271189525,9205.0,6.452861857006442e-08,2,203.075996,4.929390229335695e-11,4.929390229335695e-11,0,2,1.0,-0.0023550000000415448,1143,70,26.64588974431771,317.71730659820525,132.8090055841778,2.217804024496938
NDARXY532ZTT,R4,ThePresent,available,196,500.0,119.46801257604486,130,0,34,E8,E25,E21,E17,False,False,False,False,0,234,-1.0,-1.0,-1.0,-1.0,-1.0,-1,-1.0,-1,-0.0004800789261206618,1.6039552366077405,0.0011935195341522674,24986.0,0.002145628728707928,0.0007822844824182004,51393.0,7.493195182961337e-05,2,203.07000599999998,1.0613732115416497e-10,1.0613732115416497e-10,0,2,1.0000000000000004,0.0034490000000686675,1508,22,16.729189733307685,253.35936095585805,300.20970992395377,1.5123275862068963
NDARXY567ZML,R10,ThePresent,available,19,500.0,30.003173008331338,130,0,42,E8,E25,E21,E17,False,False,False,False,206,241,0.0017457644529622,5.924855711267161,234.57667274148838,-0.0004411447829540211,0.7734798330753638,6000,0.9703995032134727,919,0.001675322790032602,2.3678133781478103,0.0018208354544543416,30.0,0.002515685076052637,0.0013367550546860387,42415.0,0.0017276807373166384,2,203.066003,2.864375403532904e-11,2.864375403532904e-11,0,0,0.9999999999999997,-0.012275999999998989,1378,8,49.31949272056084,244.78479067833894,129.16034457729407,1.3636937590711176
NDARXZ140GZH,R11,ThePresent,available,5563,500.0,60.01849893070585,130,0,42,E8,E25,E21,E17,False,False,False,False,132,230,0.002686275109824387,-204.6108048696996,282.1937267921394,-0.001570384460036106,0.9445066281684235,6000,0.8967422316400987,1106,0.0012576801482350468,3.242716728650238,0.0037972492162971386,-31840.0,0.0058864987462159055,0.002642099431698754,6706.0,0.004840752890757562,2,203.06400200000002,7.482903185973555e-11,7.482903185973555e-11,0,2,0.9999999999999999,-0.007609000000064152,1061,23,49.55836926698058,159.76847682245142,7989.110412772441,3.5205278039585295
NDARXZ692ULW,R7,ThePresent,available,151,500.0,60.023339842972206,130,0,42,E8,E25,E21,E17,False,False,False,False,114,232,0.9807952848546235,-525.7694977704477,1076.1418060083129,-0.2661604009496359,0.9419097741612029,6000,0.9619304464232556,4219,0.6004272694315258,3.3920940864193443,1.107526683076627,13689.0,2.210369729064941,1.0076564192977309,6010.0,1.8626155908566628,2,203.061995,4.6407322429331543e-11,4.6407322429331543e-11,0,2,1.0000000000000004,-0.004730000000008053,880,46,24.138678757393397,416.9371156101686,132.55289994273002,1.7652613636363634
NDARXZ710ZJ8,R8,ThePresent,available,350,500.0,60.023651873035924,130,0,42,E8,E25,E21,E17,False,False,False,False,259,228,0.013167856723299096,-1427.7410763152498,459.06182262515586,-0.001700966697901953,0.7804988515815348,6000,0.9809938041215016,1800,-0.0026975756473911834,3.7449544146483977,0.013650998185934071,-1382.0,0.025292419985946397,0.012025791408282803,12892.0,0.024056303121910434,2,203.28599499999999,1.177946629127291e-10,1.177946629127291e-10,0,2,1.0000000000000002,-0.0031949999999068375,1109,79,32.630568054065606,302.34171651744344,355.3518937195018,2.0637962128043283
NDARXZ741VH0,R11,ThePresent,available,322,500.0,60.02333475663942,130,0,42,E8,E25,E21,E17,False,False,False,False,214,223,1.0942816113744935e-06,1336.8465002963505,362.8111548422622,-1.4570531542869933e-06,0.8973186589900862,6000,0.9596762578630063,1422,-3.2190565512284374e-06,1.7301289943380735,1.6219750462827794e-06,9362.0,5.0566762469118105e-06,1.6139201325910713e-06,9287.0,4.769297977882671e-08,2,203.066002,2.275957200481571e-11,2.275957200481571e-11,2,2,0.9999999999999999,-0.0005209999999827035,1841,41,45.32169062085611,166.21929919764986,322.2370761610157,3.3135904399782725
NDARYA030ZG7,R4,ThePresent,available,2617,500.0,59.96563818525344,130,0,42,E8,E25,E21,E17,False,False,False,False,232,218,0.0017787826218648055,-7.267300645964061,276.0244371031246,0.00033032132328770375,0.8300065905978761,6000,0.9987768619582256,1082,0.002296465744896939,2.7542881245577933,0.002547187271059328,-12490.0,0.001993604301561035,0.002298166017455453,-6.0,0.002503981263711744,2,203.06599500000002,1.887379141862766e-12,1.887379141862766e-12,0,0,1.0,0.008471999999996168,806,446,59.71752902195633,174.02638261320118,284.18092436918636,17.343610421836228
NDARYA379LKT,R9,ThePresent,available,253,500.0,60.01361383431612,130,0,42,E8,E25,E21,E17,False,False,False,False,106,236,0.01611076973686093,1875.8306591000014,658.756214793052,3.246143391928424e-05,0.8855047490331419,6000,0.9719863032212338,2415,0.007688368923623259,4.4208734518217625,0.016998797501273047,1677.0,0.02650298509484164,0.014564176626003702,2114.0,3.056108393014248e-05,2,203.066003,2.142730437526552e-11,2.142730437526552e-11,0,2,1.0000000000000002,0.0024839999999567886,1204,59,36.49031488334812,251.25929290017268,504.6072374650175,6.46735049833887
NDARYA776KBK,R7,ThePresent,available,142,500.0,60.018579605680834,130,0,42,E8,E25,E21,E17,False,False,False,False,139,239,1.8652118376049315e-06,-1060.972144053921,509.95961859847245,4.724810586875982e-06,0.9945218374985392,6000,0.9971799814393056,1999,6.286135057026646e-06,7.2941075193614,7.967742951412546e-06,-46154.0,2.5833000007617167e-06,7.905562920224683e-06,-46284.0,3.8155534589451675e-09,2,203.074004,2.8754776337791554e-11,2.8754776337791554e-11,0,2,1.0000000000000002,-0.0025080000000293158,1186,18,25.749111283977058,310.27156648025,324.8649088267606,1.52216694772344
NDARYA807PVN,R7,ThePresent,available,32,500.0,119.13185195280512,130,0,34,E8,E25,E21,E17,False,False,False,False,1,242,0.0025551069322780747,-69.40685176972649,280.84012361604124,-0.00026213374715178093,0.7881685864597536,6000,0.9914193989693953,1101,0.002463370461016909,7.386878774877341,0.0026868740047278515,-65.0,0.0035277895961256583,0.0015540026040188528,-6151.0,0.0021093603766468867,2,203.06400100000002,6.705747068735946e-11,6.705747068735946e-11,2,2,0.9999999999999999,-0.0019919999999224234,1274,25,16.06505166838896,294.00874846858306,438.74223101046283,1.8138775510204082
NDARYA851GL6,R7,ThePresent,available,235,500.0,119.7650940430619,130,0,34,E8,E25,E21,E17,False,False,False,False,0,243,0.001448898720829052,-137.11891262550958,458.3863004798432,-0.00040999592430469677,0.5964255720569598,6000,0.8645040483749943,1797,0.0014141090053271404,2.9482334019297007,0.001417557579826227,-10.0,0.002669248641525198,0.0012969182109844714,-14714.0,0.0023895561791842856,2,203.07,1.709743457922741e-11,1.709743457922741e-11,2,2,0.9999999999999999,-0.0001770000000051663,2043,272,87.6569259522485,127.29598301078146,263.53181777183937,15.07766030347528
NDARYA857NDW,R11,ThePresent,available,146,500.0,60.01863678003124,130,0,42,E8,E25,E21,E17,False,False,False,False,457,234,0.006789604342079251,47.62686472880883,514.923017276811,-0.0002548583229552833,0.9321434479464922,6000,0.9773469928510397,2018,0.008323187604225263,5.753643421999299,0.008889757866972388,35.0,0.01010115152052565,0.006611864182962453,34351.0,0.008506366483825861,2,203.063995,2.708944180085382e-11,2.708944180085382e-11,0,2,0.9999999999999996,-0.002176999999945163,1692,16,33.09413717953296,204.7388673981013,218.66927166240382,1.8358451536643026
NDARYA877HN5,R8,ThePresent,available,219,500.0,60.02339520566176,130,0,42,E8,E25,E21,E17,False,False,False,False,165,224,0.31838443578273845,-734.909579335285,403.64209160576877,0.042506812576662466,0.6430973608636289,6000,0.9566206722330179,1583,0.2499160100980873,2.3999444678394846,0.593084337280808,-30094.0,1.301018320059551,0.5845346827247861,-29765.0,0.04284583217809179,2,203.07200500000002,3.552713678800501e-11,3.552713678800501e-11,2,2,0.9999999999999996,0.0014480000000713891,1012,51,23.83863153506255,356.6842712824531,148.63229642726998,1.550592885375494
NDARYA952GA1,R7,ThePresent,available,852,500.0,60.02343570410534,130,0,42,E8,E25,E21,E17,False,False,False,False,151,237,0.0005175222616365356,34.555818519385596,83.33938402162943,-0.0011400259971514914,0.9771693228547236,6000,0.9996065683565728,326,-0.000646604829315757,,,,,,,,2,203.076006,5.10702591327572e-11,5.10702591327572e-11,0,2,1.0,0.005431000000045305,985,208,25.608779740017734,326.3514502076068,144.8958892304582,2.6473502538071063
NDARYB414NGM,R8,ThePresent,available,301,500.0,60.02354387757292,130,0,42,E8,E25,E21,E17,False,False,False,False,143,227,0.0025869593539312305,1766.8984731102983,294.9015235142309,0.0010222132931157505,0.7852873932035186,6000,0.9984353590653754,1156,0.003356582595425638,2.7199950089949962,0.009121663157910385,34881.0,0.014583558952228834,0.008862469493333964,20459.0,0.01723119051817506,2,203.276005,4.929390229335695e-11,4.929390229335695e-11,2,2,1.0000000000000002,0.001906999999929712,1752,52,32.141591324003066,188.4641804993749,275.22114458163014,1.5432819634703197
NDARYC466ER1,R5,ThePresent,available,94,500.0,119.60127531065157,130,0,34,E8,E25,E21,E17,False,False,False,False,0,226,0.000403561926361782,102.79326078528608,135.8105288616609,0.000251779910575649,0.5079314789500786,6000,0.9979958812474129,532,0.0005352763846891489,2.2584627415678997,0.0006492320554024298,137.0,0.0006167867829142701,0.0006186125690624201,-46703.0,0.0005504712147633554,2,203.068005,5.551115123125783e-13,5.551115123125783e-13,2,2,0.9999999999999999,0.001345000000001218,1161,13,14.008907748267218,338.02812738918703,217.3273218198968,1.3926356589147286
NDARYD071TYL,R3,ThePresent,available,330,500.0,119.75568875665162,130,0,34,E8,E25,E21,E17,False,False,False,False,0,234,0.0016962548009252889,-7.199044827323453,189.83751661559975,-0.00041162824301448086,0.926365169741368,6000,0.9726380805032642,744,0.001743570905542313,5.252812055991589,0.0017477724647703393,4.0,0.002562694863774976,0.000533326177493401,43946.0,0.0013089836720961985,2,203.080007,1.7763568394002505e-12,1.7763568394002505e-12,2,2,1.0,-0.0002529999999973728,1336,73,15.453933174748448,288.7061708762786,146.96438151936292,2.322432634730539
NDARYD195BDH,R2,ThePresent,available,298,500.0,119.57011868839625,130,0,34,E8,E25,E21,E17,False,False,False,False,0,245,0.004267869220686019,109.85689482447106,205.83066741044928,-0.001519699504207352,0.7505808612178037,6000,0.9807288773729316,807,0.0023834685579780792,2.6507214264039196,0.003088816508835958,128.0,0.004627726446373894,0.0013352382077486975,48017.0,0.0012663418796750566,2,203.069997,3.064215547965432e-11,3.064215547965432e-11,2,2,1.0,0.0005859999999660297,1417,26,14.754187119902141,272.31187708863416,349.9377910054144,1.5647494707127734
NDARYD546HCB,R1,ThePresent,available,286,500.0,118.39433698513328,130,0,34,E8,E25,E21,E17,False,False,False,False,0,227,0.0074070164737818035,1249.0172351387246,759.5652133135645,0.0014633555900497703,0.6726380011326407,6000,0.9665164099843522,2977,0.007649491957840373,4.1250487220241325,0.014873810869838149,12375.0,0.013719824856012728,0.012552442330706789,45301.0,0.009206769917302352,2,203.079999,2.1760371282653068e-11,2.1760371282653068e-11,2,2,0.9999999999999999,-0.00026299999995523903,1428,39,15.623842536016054,255.4592740792447,576.5173474582099,1.3441316526610643
NDARYD585PXP,R9,ThePresent,available,75,500.0,30.003318353542557,130,0,42,E8,E25,E21,E17,False,False,False,False,99,227,0.12508073555068175,-9266.25706286918,3013.6075532535633,-0.005170232233040261,0.9165814351997104,6000,,0,0.0005793980865318512,2.3764532307933837,0.024447570373657218,-48359.0,0.0391894213552017,0.022338686379877758,29195.0,0.04996557509507934,2,203.27599800000002,1.304512053934559e-10,1.304512053934559e-10,2,2,0.9999999999999997,-0.0011960000001184053,1196,37,48.575773875877374,274.7681852322752,320.70029150229027,1.6158110367892977
NDARYD666FL0,R7,ThePresent,available,100,500.0,60.01856204999404,130,0,42,E8,E25,E21,E17,False,False,False,False,190,222,0.0019106689310591338,20.82938993013867,252.46801854667765,-0.00043925243359399605,0.983155955564399,6000,0.9934802936019153,990,0.0016474771274755772,9.326866300956434,0.0017533153812642965,31.0,0.002254464720444918,0.0004355772122328252,31096.0,0.0011230574244408223,2,203.074006,6.161737786669619e-11,6.161737786669619e-11,0,2,1.0,-0.0046520000000664094,1622,14,34.75903319776937,213.70036011311927,211.82744718906642,2.1949383477188658
NDARYD717TM7,R11,ThePresent,available,10567,500.0,60.01855495978976,130,0,42,E8,E25,E21,E17,False,False,False,False,355,231,5.817892251631611e-06,-4320.143392837539,1703.5157284679055,-6.426132723709088e-06,0.9876867014308519,6000,0.9983990501889886,2019,-7.660552805463123e-06,,,,,,,,2,203.066004,1.8762769116165146e-11,1.8762769116165146e-11,0,2,0.9999999999999997,0.006960000000009553,177,75,36.61646893081588,211.33229560803278,4734.1266269481885,6.642203389830509
NDARYE017HZA,R9,ThePresent,available,25,500.0,60.023529678357626,130,0,42,E8,E25,E21,E17,False,False,False,False,388,236,0.016118776808778577,24.224941314232197,399.9525615688848,-0.002122291419725945,0.9655819281253315,6000,0.988476901382047,1568,0.017129963341475395,12.627819942690968,0.017638485085564516,22.0,0.020422301673943037,0.0026830423034617783,-10551.0,0.004570958615841912,2,203.276004,8.049116928532385e-11,8.049116928532385e-11,0,2,1.0000000000000002,0.002979000000047054,1452,6,37.969512217338306,237.25380430490134,105.50900275253836,4.222961432506888
NDARYE155BLQ,R9,ThePresent,available,70,500.0,30.003296951561257,130,0,42,E8,E25,E21,E17,False,False,False,False,106,218,0.00751420295650596,114.02155583265798,382.71644029965597,-0.0016124642055492504,0.701193607791993,6000,0.9667004575749227,1501,0.007663186601092284,7.411109484560978,0.007848770733058324,18.0,0.011096807005060223,0.002931653028020835,-4455.0,0.006466187695761556,2,203.275994,6.772360450213455e-12,6.772360450213455e-12,0,0,1.0,0.011799999999986469,1210,62,53.27433428160881,261.42973476975385,184.9353621174447,3.482239669421488
NDARYE221LZB,R5,ThePresent,available,485,500.0,119.26270673033767,130,0,32,E8,E25,E21,E17,False,False,False,False,0,235,0.002058201724803517,11.697239576912997,233.1529125125052,0.0003942044598123599,0.9338927358086093,6000,0.9993324742175573,914,0.002524240262881423,6.650453852899937,0.002526559494744436,7.0,0.0024608927601136765,0.0011116106702428082,-18331.0,0.0009290329541280944,2,203.068004,7.949196856316121e-11,7.949196856316121e-11,2,2,1.0,0.0008370000000733963,1006,94,17.35122441081442,389.2094958506049,171.7062291881444,2.357425447316103
NDARYE231CY0,R10,ThePresent,available,521,500.0,30.003231735196355,130,0,42,E8,E25,E21,E17,False,False,False,False,72,236,0.002466878170742261,-3162.467433829638,381.4881615709236,-0.0015588568231983749,0.8325919686235492,6000,0.9883839559219304,586,-8.651284911843845e-05,2.4178598464950616,0.004210265725472912,-8293.0,0.006872205046326107,0.004035346929903634,-8667.0,0.00033832444133086127,2,203.065998,5.972999872483342e-11,5.972999872483342e-11,0,0,1.0000000000000002,-0.013950999999965893,799,222,43.67782628112241,348.5198162072113,162.29923299100167,2.6873216520650813
NDARYE822ZTD,R7,ThePresent,available,267,500.0,60.0185966544378,130,0,42,E8,E25,E21,E17,False,False,False,False,199,229,0.02001353461680071,-3379.20794915508,528.2132428935352,-0.0034395867180878883,0.6931799211561186,6000,0.9997473856721031,657,-0.0006052761827595086,5.616235158766329,0.08575190167952967,-17192.0,0.09055037010326343,0.03406405464116777,6934.0,0.06771683727409444,2,203.06199600000002,8.881784197001252e-12,8.881784197001252e-12,2,2,0.9999999999999999,0.0003360000000179414,590,147,33.207501294867924,311.9193310618293,1020.5646570419968,5.731915254237288
NDARYE850ZVD,R4,ThePresent,available,306,500.0,117.98236600054364,130,0,34,E8,E25,E21,E17,False,False,False,False,0,246,0.003444730674002813,221.16787352881252,435.0140951341883,-0.000621207636898214,0.9567539372167515,6000,0.9970678526152272,1705,0.002430720834468681,9.407429920268884,0.0029208615917937315,250.0,0.003607813633438836,0.0009332095894152477,-23337.0,0.0015954978907356122,2,203.070002,9.126033262418787e-11,9.126033262418787e-11,2,2,1.0000000000000002,0.0006740000000680816,704,59,20.176411233823927,521.8318073790441,434.3140450014413,3.7457954545454544
NDARYF085LZQ,R4,ThePresent,available,133,500.0,60.02308856081027,130,0,42,E8,E25,E21,E17,False,False,False,False,102,215,0.23060053031826588,726.7663805045927,812.117704371913,-0.06390439334409777,0.8261888017998836,6000,0.9036470629456023,3183,0.06270631902046542,2.312179335427956,0.47780266494662627,32915.0,0.925838259521923,0.44850252107075916,27819.0,0.8066372153372845,2,203.064,1.13464793116691e-10,1.13464793116691e-10,0,2,1.0000000000000002,0.006959000000084442,1158,31,25.465743131205524,318.6422906021198,150.48375384187005,1.4318739205526771
NDARYF272EDC,R4,ThePresent,available,342,500.0,119.23354709585345,130,0,34,E8,E25,E21,E17,False,False,False,False,0,239,0.0033271164898341036,-22.480508709328568,363.3093007940339,-8.562322951948279e-06,0.5283964154540638,6000,0.9410354481098646,1424,0.00312709147379916,2.6987478828618787,0.006014394153817247,-13919.0,0.012092908819300675,0.0043642626983533325,43335.0,0.007662176881350211,2,203.068001,7.993605777301127e-11,7.993605777301127e-11,2,2,1.0000000000000002,0.0008680000000447422,1901,59,31.715396356953093,156.00480444177379,268.45555723619896,4.105339295107838
NDARYF338WW1,R5,ThePresent,available,329,500.0,60.02328646374176,130,0,42,E8,E25,E21,E17,False,False,False,False,352,244,0.0027836803651105258,97.07698438071318,172.27870010796144,0.001002618769193069,0.8115758970354202,6000,0.9947455768276406,675,0.0038448391969366533,4.455049116987075,0.004167360208885456,32.0,0.005007808785714368,0.002886452955323202,-10680.0,0.0030150596913061773,2,203.074006,4.5852210917018965e-11,4.5852210917018965e-11,2,2,0.9999999999999999,0.0011359999999653806,1272,62,28.1211028750054,273.499978791295,256.62466996191597,2.519701257861635
NDARYF728BEP,R3,ThePresent,available,73,500.0,119.57281015911477,130,0,34,E8,E25,E21,E17,False,False,False,False,0,248,0.000652746896837443,2276.4940048399953,514.912306105971,-0.00039117424848237394,0.7999057794451575,6000,0.9224356669731252,1732,-0.0011232585762432725,2.700829580955033,0.0008040020050827157,37081.0,0.0015760539439617907,0.000551072438716981,-30829.0,0.0012256316745101908,2,203.07000499999998,1.7319479184152442e-11,1.7319479184152442e-11,2,2,1.0000000000000002,-0.00032400000000675064,87,50,870.9710238330938,81.55402646219012,263.07521441783695,245.74126436781611
NDARYG172DBJ,R8,ThePresent,available,374,500.0,60.02344492287431,130,0,42,E8,E25,E21,E17,False,False,False,False,328,245,0.0,-3000.0,266.6666666666667,0.0,,6000,,523,0.0,,,,,,,,2,203.071998,8.337774914934926e-11,8.337774914934926e-11,2,2,1.0000000000000002,0.000759000000052692,768,99,22.10598773592357,463.21238413843093,115.44576323683248,1.9345963541666666
NDARYG331FLY,R7,ThePresent,available,196,500.0,119.50348532719612,130,0,34,E8,E25,E21,E17,False,False,False,False,0,249,0.0006784965004049085,-2039.1359587421973,523.4999437247737,-0.0002592803040513916,0.8989399816021748,6000,0.9634995344033342,1987,-3.9890606694415815e-05,2.0130017172328007,0.0005270497230050375,10690.0,0.0012118495973491364,0.0005268628505318493,10732.0,2.9143802262481845e-07,2,203.069995,1.127986593019159e-10,1.127986593019159e-10,2,2,0.9999999999999998,-0.0002470000000830111,139,31,358.3763470502715,75.86833739850637,502.02980086856263,65.16237410071942
NDARYG419DKQ,R9,ThePresent,available,47,500.0,30.003114185570865,130,0,42,E8,E25,E21,E17,False,False,False,False,107,220,0.03311749703207543,-2117.5737187477657,419.6463777892039,0.014710201922861505,0.7746086884244935,6000,0.9974888481874403,1645,-0.00045326092128220816,2.9549644409967586,0.06620522489624148,24249.0,0.07663177981871698,0.06421924042477678,43410.0,0.06426991790660638,2,203.275993,5.6843418860808015e-11,5.6843418860808015e-11,0,2,1.0000000000000002,-0.0033179999999715733,1043,21,47.90372013399591,330.09771132735807,528.5385115422591,1.375254074784276
NDARYG665JUD,R5,ThePresent,available,912,500.0,60.02336800162474,130,0,42,E8,E25,E21,E17,False,False,False,False,157,239,0.0009349525818231806,120.97448091126526,416.3943796428723,-0.0003460145425054647,0.8740873797837095,6000,0.9295427468952192,1633,0.0007616442976029266,3.263088113071433,0.0008436081159410049,38.0,0.0014354755097233866,0.0004905145259678881,33603.0,0.0006756787229059029,2,203.06600600000002,1.354472090042691e-11,1.354472090042691e-11,0,2,0.9999999999999999,-0.0073049999999727985,1327,186,35.266564916729216,231.63762344958215,198.4918033737124,5.1231951770911826
NDARYG988PUQ,R5,ThePresent,available,113,500.0,119.75089519517813,130,0,34,E8,E25,E21,E17,False,False,False,False,0,235,0.0024771200123181545,23.057411526486327,205.90597591659284,-0.0002458298670035526,0.8742704715610363,6000,0.9849123400548516,807,0.002775178754545471,9.879384006149168,0.002796223449349911,9.0,0.003350912302302536,0.0009572439367980542,41575.0,0.0011878860599423679,2,203.07199599999998,3.197442310920451e-11,3.197442310920451e-11,0,2,0.9999999999999998,0.0026450000000083885,2286,37,28.48445638139169,147.0836476069764,200.60217400624106,2.2957480314960628
NDARYH182BBV,R4,ThePresent,available,163,500.0,60.02333660280236,130,0,42,E8,E25,E21,E17,False,False,False,False,202,245,-1.0,-1.0,-1.0,-1.0,-1.0,-1,-1.0,-1,-1.4137796746922219e-06,2.2259921018028317,3.7770119434548845e-06,-13387.0,5.5633638170904296e-06,2.7193851151576854e-06,-13764.0,7.594905116213199e-08,2,203.06400000000002,6.80566714095221e-11,6.80566714095221e-11,2,2,0.9999999999999994,8.599999997813495e-05,1147,40,24.213688549330723,318.06084315419554,151.61031621810545,1.2849258936355712
NDARYH501UH3,R11,ThePresent,available,9621,500.0,59.99908815356204,130,0,42,E8,E25,E21,E17,False,False,False,False,110,246,0.001002196873482191,30.194087197940615,53.87378674226618,-0.0005309694297668663,0.9043695488480697,6000,0.996979000139593,211,0.0003055429888972881,1.3959119829659972,0.0005408697112234269,-5981.0,0.001012181642376922,0.0005184758023150389,-5814.0,3.939338752687521e-05,2,203.066005,1.0436096431476471e-10,1.0436096431476471e-10,0,0,1.0000000000000004,-0.00803299999993372,38,56,305.9938160527736,99.96181244192071,6084.713430637878,79.2792105263158
NDARYH697TPA,R5,ThePresent,available,435,500.0,60.02332118525741,130,0,42,E8,E25,E21,E17,False,False,False,False,117,240,0.0005350637801724487,-37.007737271762124,587.2512214893875,-1.1131382673285133e-05,0.7894116729108149,6000,0.9729163234042913,2303,0.0006758380052549848,2.51432064696275,0.0007202653321500507,31.0,0.0009038940925609703,0.0005991918311590133,-44803.0,0.00045987488684180543,2,203.06599300000002,6.483702463810914e-11,6.483702463810914e-11,0,2,0.9999999999999999,-0.0032739999999270002,1133,87,23.777545719721786,318.9909048780668,158.36078940864226,1.6255604589585173
NDARYH951HH5,R7,ThePresent,available,110,500.0,60.023426546396024,130,0,42,E8,E25,E21,E17,False,False,False,False,112,229,0.002096995361414213,-1636.7839733791134,1247.811272846348,-0.0026447302190535935,0.8178982248189105,6000,0.9630281479704709,3809,-0.003882740207965219,6.136478429927137,0.041471097067037284,-6639.0,0.04394294425645399,0.03682092449724918,-7193.0,0.002565907964433199,2,203.066004,1.2312373343092986e-10,1.2312373343092986e-10,0,2,0.9999999999999999,0.004008000000132848,1224,26,25.686291005510196,301.30511915431873,185.8204497268091,1.4104493464052286
NDARYJ245AAD,R9,ThePresent,available,325,500.0,30.00323606677913,130,0,41,E8,E25,E21,E17,False,False,False,False,67,230,0.32662766287833994,762.3433136191738,1751.4309334126226,-0.16339998162520572,0.5171458740977153,6000,0.4983944040658801,5670,0.13614137662768966,3.8202898467704336,0.5667275081141719,3997.0,1.098270551396853,0.5606633921840943,4319.0,0.006760403916743929,2,203.063994,5.218048215738236e-12,5.218048215738236e-12,0,2,0.9999999999999999,-0.004126999999989286,865,113,42.88553402315147,358.5916803428219,258.9643181311021,2.030901734104046
NDARYJ301DYN,R6,ThePresent,available,504,500.0,60.02334823788564,130,0,42,E8,E25,E21,E17,False,False,False,False,105,240,0.37789800789409683,2187.027308653721,753.0123358925001,-0.04597688757882249,0.9451169636374379,6000,0.9865021816474971,2288,-0.04234278395888567,6.8805001082211,1.0661342933458136,16646.0,1.1259382692234687,0.39228182997782785,3382.0,0.7017148727525739,2,203.073996,3.164135620181696e-11,3.164135620181696e-11,0,2,0.9999999999999999,-0.007819999999964963,1026,122,22.294885863444474,337.08078430252573,134.9211636772437,1.9336549707602342
NDARYJ334EHH,R8,ThePresent,available,967,500.0,59.98540477004604,130,0,42,E8,E25,E21,E17,False,False,False,False,390,238,0.00447235325751509,6.87968728030379,279.59041195162536,0.001837270196206706,0.9288661427531218,6000,0.9988816858379279,1096,0.006416983727071918,5.845776015749189,0.006576088089506045,47.0,0.005429970395062245,0.003108002833729181,-19559.0,0.0018631121638514772,2,203.07599299999998,1.587618925213974e-11,1.587618925213974e-11,0,2,1.0,-0.004634999999968302,756,99,24.528052092116408,463.0289540516928,229.62643626010157,2.0762433862433864
NDARYJ413BLN,R11,ThePresent,available,284,500.0,60.02355888469274,130,0,42,E8,E25,E21,E17,False,False,False,False,168,242,0.018750153390912985,236.98943533217246,573.3911131862875,0.005583158372705946,0.5379292058029831,6000,0.9785224098762586,2247,0.024894572832766568,2.951101932024704,0.0465868647034511,44487.0,0.04139439833470075,0.04204085290682351,12550.0,0.06525580529083812,2,203.065996,3.4083846855992306e-11,3.4083846855992306e-11,0,2,1.0000000000000002,-0.006120000000011547,1609,69,32.06868292500931,210.7739706089932,148.98550225626366,2.5981230577998757
NDARYJ583ZMJ,R5,ThePresent,available,175,500.0,60.02342804195307,130,0,42,E8,E25,E21,E17,False,False,False,False,187,275,0.005152737834440899,-2355.6064015895017,552.814607747801,-0.0008484861412085174,0.9726648857197909,6000,0.9953568294469564,1728,-0.0005302238907655001,4.0346677338022205,0.008018999644905727,-30395.0,0.008372983909572635,0.004366216424745163,-2425.0,0.009329356423555507,2,203.070004,4.474198789239381e-11,4.474198789239381e-11,0,2,1.0000000000000004,-0.005427000000004654,1577,29,36.511638384960946,215.1013892547314,286.6715393096591,2.042149651236525
NDARYJ638RTN,R4,ThePresent,available,552,500.0,60.023248555981574,130,0,42,E8,E25,E21,E17,False,False,False,False,139,220,-1.0,-1.0,-1.0,-1.0,-1.0,-1,-1.0,-1,-0.0005642629555095874,0.8914379945675127,0.00011986083104234111,3957.0,0.0006128691989656153,0.00011055219648036583,4510.0,9.686040611483502e-05,2,203.064003,9.592326932761353e-11,9.592326932761353e-11,0,2,0.9999999999999999,-0.005065999999893287,872,104,27.282508364329846,406.79866333884826,219.1482161774577,3.0883371559633024
NDARYJ694EU0,R8,ThePresent,available,194,500.0,60.01859999867737,130,0,42,E8,E25,E21,E17,False,False,False,False,236,241,0.0027580968252318614,2364.4657215807433,1179.584908427222,-0.0019557975486429054,0.9885213221659518,6000,0.9837487482565954,2947,-0.0009532512026807991,1.3762522052897537,0.0023796189014739233,5922.0,0.002407464892260068,0.0022413648587061618,5426.0,7.431662858147338e-05,2,203.072001,7.4495964952348e-11,7.4495964952348e-11,0,2,1.0000000000000002,-0.005972999999965019,950,39,22.952682583057754,392.46987759431806,154.63680725958716,1.1938947368421051
NDARYJ735XPK,R5,ThePresent,available,1525,500.0,60.02329859724465,130,0,42,E8,E25,E21,E17,False,False,False,False,177,233,0.0008499225836061387,32.77152284650812,251.82094111994678,-0.0003509641031784487,0.5700979892513454,6000,0.8851427134908395,987,0.000791671016314015,2.140792975485723,0.0010363139591781966,43999.0,0.0008623627165203413,0.0009753692114481118,44230.0,1.501674058326948e-06,2,203.07400299999998,6.372680161348399e-11,6.372680161348399e-11,0,2,1.0000000000000007,-0.004205000000042772,1401,303,34.57040107521067,200.78919673154684,189.37155877977375,4.851491791577445
NDARYJ920PR4,R10,ThePresent,available,202,500.0,30.003223568403516,130,0,42,E8,E25,E21,E17,False,False,False,False,71,234,0.010004282125953426,3215.1407710106637,1360.785653468865,-0.00533737873313839,0.9672748443509106,6000,0.939786355208598,2451,-0.00465043838883644,1.5391008310150438,0.004448759859315281,2969.0,0.008195717371492658,0.0015652894665092085,22001.0,0.004976504135612424,2,203.065997,4.4075854077618715e-11,4.4075854077618715e-11,2,2,1.0000000000000002,-0.00033099999999716375,1056,41,46.082541164090635,291.7241733910791,1062.5274843740392,1.5148390151515152
NDARYK042VMG,R9,ThePresent,available,465,500.0,30.00320956843317,130,0,42,E8,E25,E21,E17,False,False,False,False,95,230,0.024516858357439976,928.3973894326657,641.6478579539527,-0.0079954592045002,0.8284747798148622,6000,0.9648176985912535,2516,0.002092572219861893,4.507443365753472,0.027097919255655425,-8380.0,0.045003180797734084,0.019169659440520792,5117.0,0.03620501554966995,2,203.285994,2.298161660974074e-11,2.298161660974074e-11,0,0,0.9999999999999999,-0.013781999999953694,1188,231,46.910114841536085,233.03904344955262,153.3836565722968,1.933316498316498
NDARYK713TGJ,R10,ThePresent,available,323,500.0,30.0032382304871,130,0,42,E8,E25,E21,E17,False,False,False,False,71,228,0.006006014155757819,117.56065981001274,364.11742263247965,0.00023139387380961176,0.7174773731156799,6000,0.9638694007219653,1428,0.008178899540170745,6.1062853401963535,0.008510291254685881,24.0,0.011564379871552819,0.0041066069396540035,967.0,0.0007319993068535613,2,203.06599500000002,7.716050021144838e-11,7.716050021144838e-11,0,2,0.9999999999999999,0.007412999999931315,1062,77,49.99742362621803,295.78979061622607,383.0957552736635,2.46075329566855
NDARYL284NDM,R9,ThePresent,available,754,500.0,30.00327152818503,130,0,42,E8,E25,E21,E17,False,False,False,False,84,227,0.017666678912258153,2503.4363510522508,561.6291391673358,-0.00047054633816723333,0.697654993450144,6000,0.9960172049881493,1597,0.0009062849013136643,2.613411675763132,0.020019364252536562,21413.0,0.036434687091511125,0.01837649499819644,36304.0,0.02702703130647655,2,203.278006,6.661338147750939e-12,6.661338147750939e-12,2,2,1.0,-0.0019539999999866066,909,149,49.42806328362545,279.69758180856047,461.49012846874155,2.265819581958196
NDARYL758JGG,R1,ThePresent,available,1404,500.0,103.70892413364496,130,0,34,E8,E25,E21,E17,False,False,False,False,0,232,0.0004708493705783289,-2047.709268489539,267.0570412709298,0.00013796537724380947,0.8032753787543029,6000,0.9971405081593328,1047,0.00013977830304540652,2.59496813380849,0.0007850191505415992,4113.0,0.0011043178858214221,0.0007814076018591432,4044.0,1.599805814382258e-05,2,203.072,5.417888360170764e-11,5.417888360170764e-11,2,2,1.0,0.0005059999999481579,1454,112,70.36751929483232,148.14584956535987,1203.971472520323,11.905082530949105
NDARYL771XDP,R4,ThePresent,available,196,500.0,60.023342325496834,130,0,42,E8,E25,E21,E17,False,False,False,False,241,223,0.0005352760170111305,-47.598319987422094,267.34110352049345,-2.942503187613221e-05,0.8639394200775351,6000,0.9881355287373063,1048,0.0005698637708966355,4.779638281457153,0.0005865324199762235,25.0,0.0006510236793953712,0.0003276958353600846,-21126.0,0.0003885240405779524,2,203.06600699999998,3.097522238704187e-11,3.097522238704187e-11,0,2,1.0000000000000002,-0.0026020000000052225,2044,55,54.4321524427338,135.12134882663605,133.5876187249986,6.382906066536203
NDARYM277DEA,R4,ThePresent,available,1362,500.0,60.008950860655446,130,0,42,E8,E25,E21,E17,False,False,False,False,291,230,0.001634197252997811,233.19541040267512,457.93536594152135,0.00026595236111537433,0.779649318371027,6000,0.9861100019942383,1795,0.002208489803683015,2.5850204446093517,0.0024123166468949914,19407.0,0.002371367933012974,0.0023425022149020755,35.0,0.002177777770974656,2,203.070007,7.982503547054876e-11,7.982503547054876e-11,2,2,1.0000000000000002,0.00037300000004574164,754,249,32.26055194751547,421.1607298594324,199.65462544531908,6.112692307692308
NDARYM419LL5,R11,ThePresent,available,1373,500.0,60.00988904394344,130,0,42,E8,E25,E21,E17,False,False,False,False,1018,227,2.6559323539576154e-06,-2340.9230479350363,729.5669948077375,1.1069164297975488e-06,0.9453857693250778,6000,0.9887714540367981,2090,1.2575705369515734e-06,3.243270579979368,4.916609257539908e-06,-16714.0,4.004183069291178e-06,4.332104683711387e-06,-14721.0,1.7179766467989847e-06,2,203.066,2.0650148258027912e-11,2.0650148258027912e-11,0,2,0.9999999999999999,-0.006203999999986744,1304,254,59.05498593906299,175.9513116602549,211.67352355530218,11.808228527607364
NDARYM586MYN,R4,ThePresent,available,490,500.0,119.40046121742147,130,0,34,E8,E25,E21,E17,False,False,False,False,0,235,0.0011526533570083678,-6.495338751950717,310.66880119830006,-0.00015708666721015935,0.6925627765703799,6000,0.9651122381231108,1218,0.0011775900797387994,4.680378429625988,0.0012795571047870074,58.0,0.0015600484367577795,0.0008092158411741812,-27336.0,0.001012292289807147,2,203.067993,6.483702463810914e-11,6.483702463810914e-11,2,2,0.9999999999999999,0.0009840000000739635,1269,70,21.639985722974217,293.4437437900278,284.90647501789846,2.8929550827423167
NDARYM994YF0,R4,ThePresent,available,994,500.0,115.05787320956628,130,0,34,E8,E25,E21,E17,False,False,False,False,0,229,0.0008575446470747702,784.7932644213846,442.26726966004736,-0.0006445502489270559,0.7733633276704985,6000,0.5360528020125527,1734,9.037198948891896e-05,2.419744879463403,0.00342407671361291,49691.0,0.007415636533568045,0.0033187327000063615,49864.0,4.780330671149292e-05,2,203.069996,5.639932965095795e-11,5.639932965095795e-11,2,2,1.0,-0.0008909999999435416,3,84,13.91248439960952,58.38763399190175,729.3503838091691,6.626666666666666
NDARYN174NPH,R4,ThePresent,available,84,500.0,119.82247156345645,130,0,34,E8,E25,E21,E17,False,False,False,False,0,233,0.004430981269602542,-1444.8698364965173,540.5133049279043,-3.449579377399482e-05,0.8910395135169902,6000,0.9955825121468213,2119,0.0012144573394511115,4.519445499356482,0.022863272987165895,41265.0,0.03228484456935293,0.010220963402680671,26050.0,0.021967001986358693,2,203.06600500000002,1.0347278589506459e-10,1.0347278589506459e-10,0,2,1.0000000000000004,0.003086000000063919,1168,21,14.478712304493024,334.1269010093162,201.81166306260823,1.421720890410959
NDARYN254VW6,R4,ThePresent,available,304,500.0,119.7075927371714,130,0,34,E8,E25,E21,E17,False,False,False,False,0,225,0.0019054932479005634,-2796.520086800401,224.34973000029782,-0.0012113097292473427,0.8976722296978484,6000,0.9826505161626888,644,-0.0008509899182493066,3.0286895104148384,0.0035568031458567705,4024.0,0.005847525271627185,0.002321852419871678,27519.0,0.0037427661697230982,2,203.070002,3.108624468950438e-11,3.108624468950438e-11,2,2,0.9999999999999998,0.0018000000000634843,91,67,122.9248419778951,97.14598299494075,1520.753771988311,20.160549450549453
NDARYN333FPE,R11,ThePresent,available,194,500.0,30.003213785277577,130,0,42,E8,E25,E21,E17,False,False,False,False,62,239,0.0035627975279268987,-33.936777928101215,259.7600752927925,-0.0002444362766627549,0.795593269570499,6000,0.9664319989353626,1019,0.004226840845996589,4.819571105187506,0.004533836328548548,29.0,0.00478149756753883,0.001628459273760136,-4891.0,0.001649886921359435,2,203.065999,3.4638958368304884e-11,3.4638958368304884e-11,0,2,1.0,-0.0048299999999590094,1224,80,45.23201521013621,267.0244510403106,197.48478171196263,1.2466666666666668
NDARYN595JMA,R4,ThePresent,available,20,500.0,60.02334525825481,130,0,42,E8,E25,E21,E17,False,False,False,False,165,267,0.00030054984603437775,3.6369289520690473,448.7499688462299,-0.00019559897938081628,0.8897207018569214,6000,0.9117187474621109,1759,0.00016289046715744246,4.94399614077856,0.000548613492858873,4143.0,0.000756093726729519,0.0005459963317518,4185.0,2.2294565828456098e-08,2,203.072003,7.538414337204813e-11,7.538414337204813e-11,0,2,1.0000000000000004,-0.007846999999963383,750,7,23.300335298738315,511.57791130125383,107.08903180203046,1.1605466666666668
NDARYP863PZ4,R9,ThePresent,available,709,500.0,30.00323655795669,130,0,42,E8,E25,E21,E17,False,False,False,False,143,217,0.005237508342979502,2423.600245835934,750.5037675837071,-0.0014586773123898898,0.7157318033924495,6000,0.8231285954181682,2047,0.00038297904694777605,2.3531947082858267,0.00690141300924354,40615.0,0.013429178495859997,0.006299431644012856,41424.0,0.0008152399745817839,2,203.285994,2.6201263381153694e-11,2.6201263381153694e-11,2,2,0.9999999999999997,0.0017230000000527667,1474,225,63.609514101659464,161.73406169923322,221.316675397392,2.5698168249660784
NDARYR155PM1,R10,ThePresent,available,127,500.0,30.00317522370913,130,0,42,E8,E25,E21,E17,False,False,False,False,102,223,0.007872817091521113,38.71467453109497,253.44830617661404,-0.0006117357420064672,0.9462889263138584,6000,0.9850501591302898,994,0.00853034204762619,17.304487542725283,0.009210911720587746,34.0,0.010186799090757991,0.0017190727529162288,-23838.0,0.0026920317574595327,2,203.076002,2.098321516541546e-11,2.098321516541546e-11,0,0,1.0000000000000002,-0.01569300000001365,1239,60,54.98715843106656,256.7060565984437,173.324674704483,3.3311864406779663
NDARYR692VVC,R10,ThePresent,available,376,500.0,30.003178341191468,130,0,42,E8,E25,E21,E17,False,False,False,False,94,219,0.004050076131418129,-75.26325213520619,282.66793194120856,0.0020093724401280787,0.8449651206312054,6000,0.9923663394873637,1108,0.00709008233757848,5.729170113030239,0.007277962243648503,19.0,0.006236950446833114,0.003565770719865475,-46453.0,0.0015081694164549445,2,203.068002,7.771561172376096e-12,7.771561172376096e-12,0,0,0.9999999999999999,0.010471000000015778,957,134,63.28413309429814,289.5180411121741,278.08911540777467,8.682330198537096
NDARYR809TBN,R10,ThePresent,available,7196,500.0,60.0185918501379,130,0,42,E8,E25,E21,E17,False,False,False,False,288,226,0.0013882400297439222,51.82803913182023,170.04912459353983,-0.00010071404946865218,0.6074930688506845,6000,0.9982033262637989,667,0.0012475802311900958,3.0106251810906444,0.0018324892140894992,10300.0,0.0030717857801836014,0.0016547308507970022,17067.0,0.002216311805122204,2,203.066,2.4424906541753444e-11,2.4424906541753444e-11,0,2,1.0000000000000002,0.006905999999951102,565,48,80.73850214512198,123.10788520795262,5840.603410735895,6.850637168141592
NDARYR958FZ9,R10,ThePresent,available,11595,500.0,59.9855859804965,130,0,42,E8,E25,E21,E17,False,False,False,False,445,234,0.0011294282508325763,-1400.8652753389476,557.0020192333438,0.0008492085309203696,0.5951900653221037,6000,0.983097021013658,2183,0.0016949751124338461,2.4303767919211237,0.0033716415289336056,-29493.0,0.00219805479435379,0.003222724436342276,-29737.0,2.4800320588584928e-05,2,203.06599500000002,5.739853037312059e-11,5.739853037312059e-11,0,2,1.0,0.00745199999994201,111,34,75.34644649757723,124.17409035373016,11196.588487739462,7.362702702702703
NDARYT405NET,R2,ThePresent,available,83,500.0,119.87607835098554,130,0,34,E8,E25,E21,E17,False,False,False,False,0,240,0.0036365854499155288,3.0652378053488465,180.45284367238827,-0.0003798419113812217,0.8626824572391669,6000,0.8882378771170604,707,0.006602438679554752,21.299967934735008,0.00669884307293103,5.0,0.007700327379672496,0.002888067031606895,-128.0,0.0017082623452270346,2,203.069995,3.552713678800501e-12,3.552713678800501e-12,2,2,1.0,-0.000338999999993318,2736,19,65.26649541408445,85.1018871410919,159.81317789405168,5.330391081871345
NDARYU120NDA,R4,ThePresent,available,80,500.0,60.02328533087718,130,0,42,E8,E25,E21,E17,False,False,False,False,193,281,0.0006538522493766764,-37.82771876606942,155.52190332635718,0.000491256738043057,0.41720072036748257,6000,0.9936935938344243,609,0.0011855960379431928,2.572060122937652,0.0014069650846988862,31668.0,0.002219802757132397,0.0012391247001840111,35.0,0.0017548175679034227,2,203.065997,2.3203661214665772e-11,2.3203661214665772e-11,2,2,0.9999999999999997,-0.0005039999999816928,1054,18,22.674620349050535,356.03445443338813,153.59664579555061,0.9904459203036051
NDARYU575CE2,R4,ThePresent,available,163,500.0,60.02331432901507,130,0,42,E8,E25,E21,E17,False,False,False,False,282,220,0.0028507565538648037,-1195.4245685267765,497.6327927471654,0.005817006465468704,0.9477659727066673,6000,0.9989186978646812,1950,0.0056792637888079586,2.8912679744044083,0.010933146228714016,-7541.0,0.011333636650685852,0.01016130339017865,-40580.0,0.00775213008992663,2,203.073993,5.062616992290714e-11,5.062616992290714e-11,0,2,1.0000000000000002,0.002013999999926933,1221,30,25.8861797163921,296.1200146006568,283.2302544869138,1.7342997542997542
NDARYV538EBP,R10,ThePresent,available,1607,500.0,30.00316474440376,130,0,42,E8,E25,E21,E17,False,False,False,False,104,218,0.0034242822778926553,67.57004955563575,231.0845583898886,-0.0009206025427668324,0.8111438676818333,6000,0.9789508060358638,906,0.00298086166572855,2.815326550113912,0.0031852735261187998,26.0,0.006187622732110388,0.0026208400912353094,-30564.0,0.004234775414514817,2,203.075998,2.8532731732866523e-11,2.8532731732866523e-11,0,2,1.0000000000000004,0.003224999999999448,705,275,64.20416083949549,238.2103739797991,523.6047139114472,8.820056737588652
NDARYW170CAA,R9,ThePresent,available,167,500.0,30.00327344080686,130,0,42,E8,E25,E21,E17,False,False,False,False,134,205,0.00440640133743242,-8.945029034215818,343.06540165687755,-0.00012828134773872532,0.9659948702674893,6000,0.9849419424974957,1345,0.005452032182578084,11.912585467695777,0.005534735433665519,14.0,0.006298999834558908,0.0014982033586089395,25120.0,0.0021047733776835133,2,203.288003,1.099120794378905e-11,1.099120794378905e-11,0,0,0.9999999999999999,0.011734000000022029,1173,68,46.03276302096216,279.7981963919168,171.5544979771912,1.366999147485081
NDARYW789GNP,R8,ThePresent,available,1646,500.0,60.02353522816297,130,0,42,E8,E25,E21,E17,False,False,False,False,313,217,0.02425929087353008,111.637513546862,490.57868792306914,-0.003999305347777162,0.7751843303192036,6000,0.984482254965049,1923,0.024170239378641135,5.173008123273756,0.025306931689912743,30.0,0.03182775001476469,0.015486032007933645,5499.0,0.03099514620501368,2,203.276004,6.572520305780927e-11,6.572520305780927e-11,0,2,1.0000000000000002,0.00446500000004585,1307,283,35.540145495054524,206.8928779782187,223.65457898235178,2.7911476664116295
NDARYW945PJU,R7,ThePresent,available,134,500.0,118.89309673878581,130,0,34,E8,E25,E21,E17,False,False,False,False,0,245,0.0012204113813241075,-30.20470096081872,176.40817778157754,-8.792700360289255e-05,0.6895372871129186,6000,0.9952815702916991,691,0.001241583610924199,4.157949208787989,0.0012416713523602074,-1.0,0.0019931945858427695,0.0009480793060132539,-8041.0,0.0012743345049621066,2,203.06999399999998,8.926193117986259e-11,8.926193117986259e-11,0,2,1.0000000000000002,0.0032700000000640446,1251,80,24.07331629307517,294.4566362416985,246.49183681035805,3.6736131095123903
NDARYX133FFQ,R9,ThePresent,available,54,500.0,30.00320628339109,130,0,42,E8,E25,E21,E17,False,False,False,False,100,226,0.008263465825658301,-276.285764355239,392.0435403727943,0.00010563277058779284,0.8476826800166043,6000,0.9644992857702138,1537,0.00851118869643777,3.376166502467041,0.01374366843570629,7965.0,0.021271532099326335,0.013038819643012747,7520.0,9.944722470459598e-05,2,203.285996,2.9976021664879227e-11,2.9976021664879227e-11,0,2,1.0000000000000002,-0.007496000000031621,1408,19,47.96110059929863,229.97211161031785,633.2946011078878,1.2887286931818183
NDARYX572VEW,R8,ThePresent,available,139,500.0,60.01883667377262,130,0,42,E8,E25,E21,E17,False,False,False,False,409,244,0.02712578921958436,16.063985800903286,287.60189993065563,0.007390516712127996,0.8530825150416135,6000,0.9976503462399419,1127,0.03770061085148986,7.4212114768068,0.039069445816791455,31.0,0.03883055032749859,0.015197931495937081,-1188.0,0.0021458273665958243,2,203.27599899999998,1.5765166949677223e-11,1.5765166949677223e-11,0,2,0.9999999999999999,-0.005014999999996633,1296,15,28.230221307222486,278.4712349502993,546.4370568678286,1.3690123456790124
NDARYX592YYR,R4,ThePresent,available,6877,500.0,86.28140163303712,130,0,34,E8,E25,E21,E17,False,False,False,False,0,222,0.002440033302605308,-2256.1830883095686,583.0183332026759,-0.0010435997619046289,0.8177081752947716,6000,0.8504006873699841,1887,-0.0010535611178005154,1.8391526110957912,0.002352871868913047,-23979.0,0.0023421458676980097,0.002352148317354805,-24001.0,2.0883220547794623e-09,2,203.080004,4.440892098500626e-12,4.440892098500626e-12,0,2,1.0,0.003438999999991619,425,244,91.23246554674701,109.3036612048828,1255.5393403824148,29.592423529411768
NDARYX806FL1,R5,ThePresent,available,357,500.0,60.00382342526261,130,0,42,E8,E25,E21,E17,False,False,False,False,168,241,0.0025934755333164613,90.47159621204541,263.12724810871293,0.0012644189195590721,0.983984064734508,6000,0.9936288484584935,1032,0.0042823480554464895,10.222620799375074,0.004411948091703657,27.0,0.003863562759919169,0.0028476878292219127,46519.0,0.0016180372645332635,2,203.062007,4.651834473179406e-11,4.651834473179406e-11,0,2,0.9999999999999997,-0.007944999999935089,1990,53,60.01109414260939,133.7677946111674,293.61517671131486,4.074728643216081
NDARYX853TAX,R9,ThePresent,available,198,500.0,30.003232114016118,130,0,42,E8,E25,E21,E17,False,False,False,False,112,204,0.026315275875982345,20.90530728981475,278.21397205864787,-0.0017807321827719707,0.9301049695842184,6000,0.9832219214538492,1091,0.03019956489498799,10.534238523147042,0.03189555609172584,30.0,0.038926977500856996,0.006619707594895151,-14028.0,0.010837298505395446,2,203.286002,2.942091015256665e-11,2.942091015256665e-11,0,2,1.0,-0.004692000000030504,1114,111,52.39021210480446,261.40968781224996,197.58240239992242,2.6229982046678635
NDARYY022HBW,R5,ThePresent,available,138,500.0,117.30296905606176,130,0,34,E8,E25,E21,E17,False,False,False,False,0,228,0.007982614266189056,3090.0174917748677,983.5289885001126,0.00016794196099437062,0.7699308371426525,6000,0.9832612155089773,1837,-0.0024363512159810362,4.133372383624909,0.00841812038574223,2831.0,0.014593542528934224,0.008409470962455616,2772.0,1.3525974092223891e-05,2,203.08000199999998,4.75175454539567e-11,4.75175454539567e-11,2,2,0.9999999999999996,0.0003260000000107694,1949,83,44.140044414792634,158.2678826874535,388.12624619441635,5.493227296049256
NDARYY218LU2,R1,ThePresent,available,372,500.0,118.61545772214855,130,0,34,E8,E25,E21,E17,False,False,False,False,0,240,0.004221045850961923,593.2110618063425,528.5571240882324,0.0004328417981110684,0.9185552364743792,6000,0.9880420140786865,2072,0.002663945878515185,6.942696341705503,0.005261222085164277,836.0,0.006632653582067898,0.004536210701232708,521.0,0.00012030832041527023,2,203.078001,3.375077994860476e-11,3.375077994860476e-11,2,2,1.0000000000000002,-0.0005080000000117948,1643,60,20.591935235216816,223.42384669988573,264.6325105100185,1.6738770541692025
NDARYY664KHF,R4,ThePresent,available,737,500.0,60.01833544182851,130,0,42,E8,E25,E21,E17,False,False,False,False,154,223,0.0002983414837914667,59.2096174824707,154.0640898120689,-0.00039446012416450893,0.934007244645082,6000,0.9880480570751311,604,-0.00012442278379481316,0.9342075037605878,0.00020975002731632916,5076.0,0.000552470600403209,0.00016124850378925953,28394.0,0.0004902491177819565,2,203.065993,1.6986412276764895e-11,1.6986412276764895e-11,0,0,0.9999999999999999,0.00815100000000579,1159,143,31.337974121883814,287.7768982801606,171.72865207472694,3.278766177739431
NDARYY694NE7,R4,ThePresent,available,0,500.0,119.88576544727242,130,0,34,E8,E25,E21,E17,False,False,False,False,1,231,0.0029954295969714024,35.416799962520685,464.321988442877,0.00024069604805702005,0.9375995164581244,6000,0.9925325494332835,1820,0.003824429027154595,9.752109272656837,0.003832570945961849,7.0,0.0038627718744062164,0.0013499610474962417,-17883.0,0.0012343074050129939,2,203.069998,3.019806626980426e-11,3.019806626980426e-11,0,2,0.9999999999999996,-0.0036709999999949457,1132,3,12.091243408795435,347.5472545400042,2029.7673716398558,0.8057508833922261
NDARYY793DXM,R8,ThePresent,available,373,500.0,59.98966837627326,130,0,42,E8,E25,E21,E17,False,False,False,False,180,226,0.005637217586682745,-2720.8554754327224,1468.9240455908637,-0.0024493875323417244,0.7462668587399056,6000,0.7462416266432836,3159,-0.002804171634013776,2.929960867966232,0.005672922269913762,46245.0,0.008264021474844022,0.00545895258735301,-44985.0,0.01036693579745306,2,203.064004,5.062616992290714e-11,5.062616992290714e-11,2,2,1.0000000000000002,0.0014780000000155981,1467,22,50.48015049308813,215.30504585765604,666.4260426940465,3.6433197000681665
NDARYZ363HP4,R2,ThePresent,available,4885,500.0,74.9549831316812,130,0,32,E8,E25,E21,E17,False,False,False,False,0,245,0.00037677663197176187,-655.1866517244597,458.916086973046,0.0001815740734470474,0.8465344400168838,6000,0.9965025640638953,1799,0.0003333768853631431,4.7912055839889325,0.0010934971143761842,-32913.0,0.0010178011053025478,0.0010906364980542438,-32864.0,1.0520239134286131e-07,2,203.078,3.597122599785507e-11,3.597122599785507e-11,2,2,1.0000000000000002,0.000508999999927212,0,7,,,59114.57786493929,
NDARYZ489EHH,R7,ThePresent,available,286,500.0,60.02311703959475,130,0,42,E8,E25,E21,E17,False,False,False,False,357,227,-1.0,-1.0,-1.0,-1.0,-1.0,-1,-1.0,-1,0.016414348279362473,2.4363064445693134,0.024340704244265623,45004.0,0.009657685248770588,0.02415331418582458,46397.0,0.002313464574719048,2,203.063999,9.203748874142548e-11,9.203748874142548e-11,0,2,1.0000000000000002,-0.007780999999929928,1074,57,25.92148040493469,328.11288680719264,191.15878663432994,2.3402048417132217
NDARYZ637LK4,R7,ThePresent,available,140,500.0,60.023425738771266,130,0,42,E8,E25,E21,E17,False,False,False,False,291,221,3.1779127576823516e-06,6106.626429410692,4306.162291574375,-1.3760972470913179e-06,0.7754957394670439,6000,0.7460169262619457,5333,-1.6764120894549845e-06,1.5705816536560726,2.578086313547512e-06,4486.0,2.97370749243954e-06,2.5419913889546058e-06,4536.0,2.098455160655845e-09,2,203.066001,7.260858581048524e-11,7.260858581048524e-11,0,2,1.0,0.003053999999939973,1106,25,22.64116124109408,337.16564978550787,143.9537226154818,1.205506329113924
NDARYZ693DE2,R5,ThePresent,available,1023,500.0,60.023365752988525,130,0,42,E8,E25,E21,E17,False,False,False,False,450,241,0.0008108913811584431,-26.20531539244544,122.27416176937258,0.0004146183903352145,0.7332111417955264,6000,0.9948865786924722,479,0.0012887486710682478,3.1122061756832986,0.003119057046311661,22769.0,0.003192593268260103,0.002841768660189771,8223.0,0.004393296576347527,2,203.07199899999998,2.7200464103316335e-11,2.7200464103316335e-11,2,2,0.9999999999999999,0.0009240000000544823,1455,191,56.668021935055975,159.2239557967523,198.52848686256715,10.732762886597937
NDARZ6064CX2,R9,ThePresent,available,779,500.0,59.98450458592176,130,0,42,E8,E25,E21,E17,False,False,False,False,103,247,0.6297340133434569,2192.63829558515,741.1759550301626,-0.8321905314325727,0.9795680701374868,6000,0.9739366929134631,2260,-0.9608536855469036,2.395136025747596,1.1946857819986556,7690.0,1.7832444807862826,0.6112059975430288,39521.0,0.7774049743714867,2,203.06599400000002,7.416289804496046e-11,7.416289804496046e-11,0,2,1.0000000000000002,0.0026170000000342907,882,55,27.46239330273031,388.86431463102963,529.8112795442402,3.3719047619047617
NDARZA511FYF,R5,ThePresent,available,594,500.0,60.023363372245505,130,0,42,E8,E25,E21,E17,False,False,False,False,134,240,0.0008598548570761278,33.70192586435573,326.3811534159881,0.00023089539812858558,0.7808786482506783,6000,0.9961713046526433,1280,0.0012402338213367515,4.126473269701791,0.001331625383558712,31.0,0.0016356553373132962,0.0010075508372168552,-14136.0,0.0009229636992661934,2,203.07600100000002,1.4643841694805815e-10,1.4643841694805815e-10,0,2,1.0,-0.002586000000150684,1588,131,35.16725098763022,202.60696452816973,159.35069182253818,2.742594458438287
NDARZA863HD3,R11,ThePresent,available,413,500.0,60.01868542274456,130,0,42,E8,E25,E21,E17,False,False,False,False,305,245,0.0019059807423415385,22.848461199296352,177.09392459403543,0.0006630066536817296,0.4450470613769367,6000,0.9975956947918702,694,0.002682336108206247,3.1989576073411685,0.0028711271450217635,34.0,0.003266887660636912,0.0021081297974568374,-18207.0,0.001970132509353957,2,203.076004,2.5424107263916085e-11,2.5424107263916085e-11,2,2,1.0000000000000002,-0.001294000000050984,1559,104,32.06074671554918,211.80688750754257,162.92629184735827,3.475830660679923
NDARZA982YTP,R9,ThePresent,available,87,500.0,30.003236599148135,130,0,42,E8,E25,E21,E17,False,False,False,False,260,213,0.009024516122637848,38.21989819827437,348.5864882382721,-0.003219252798593426,0.9708612928442191,6000,0.9750967718089859,1367,0.006889032929673418,4.27475533438645,0.006891405316169156,5.0,0.013185943858413672,0.002717346330459797,14625.0,0.008010401400441344,2,203.276007,1.1035616864774056e-10,1.1035616864774056e-10,0,0,1.0000000000000002,-0.013393999999921797,1280,26,46.55672453882818,260.0298938981078,374.3189853630361,1.1679609374999997
NDARZB128KCF,R7,ThePresent,available,3105,500.0,17.234378761279732,130,0,32,E8,E25,E21,E17,False,False,False,False,0,231,0.0008203913968237772,2479.0572550658135,633.7484161826375,-0.0005492982210761567,0.9277073740391371,6000,0.834704154981171,1763,-0.0005872001152715115,1.6161123474197767,0.0011963956502399548,24447.0,0.0012977582913832255,0.0011082789701668905,26516.0,0.0004083644656657997,2,203.063998,9.325873406851315e-12,9.325873406851315e-12,2,2,0.9999999999999999,0.0008670000000188824,2,7,8.29612779364138,,58445.42129389554,6.92
NDARZB799GAK,R9,ThePresent,available,138,500.0,30.003245467195015,130,0,42,E8,E25,E21,E17,False,False,False,False,146,233,0.009482408695031993,-118.59032128840772,503.25968743318003,-0.0006594803498883086,0.807562816984754,6000,0.9788443207921157,1972,0.010840624604878266,5.766996331235478,0.011346417673938137,25.0,0.015191428848604704,0.00527618578246263,-20379.0,0.008729819673719153,2,203.275995,9.658940314238862e-12,9.658940314238862e-12,0,2,0.9999999999999999,0.005350000000019573,1342,71,50.542145357266655,235.27309406673632,145.99494450405192,2.2267064083457524
NDARZC344VH2,R4,ThePresent,available,355,500.0,60.018440448369645,130,0,42,E8,E25,E21,E17,False,False,False,False,163,235,0.0018428588969901833,38.43780675926738,277.26350132912614,-0.0003157843557979998,0.9361068323515388,6000,0.9791280728277892,1086,0.0019026389780377056,5.831248028442409,0.0020364126163286912,32.0,0.002623804098587849,0.0008731787641671207,-13872.0,0.0012991041855839938,2,203.074,6.838973831690964e-11,6.838973831690964e-11,0,2,1.0000000000000002,-0.004778000000108624,1830,47,46.13068321426083,163.64140819256636,292.79097490813393,4.153901639344263
NDARZD415ZZ1,R1,ThePresent,available,260,500.0,119.4520049988917,130,0,34,E8,E25,E21,E17,False,False,False,False,0,237,0.0023753765392567224,70.56959258262071,171.56738082740767,2.0862938679636276e-05,0.456236065362646,6000,0.9994240703347753,672,0.002190722603526628,2.90697981316992,0.002364296190915348,56.0,0.0035188667015646387,0.0022696736243997574,-43651.0,0.0034240871228099594,2,203.068003,5.81756864903582e-11,5.81756864903582e-11,2,2,0.9999999999999998,-0.0004270000000306724,1792,47,16.720412642895745,209.78906197388295,189.7217740798128,1.2717522321428572
NDARZE685UJ5,R7,ThePresent,available,910,500.0,116.92034551221745,130,0,34,E8,E25,E21,E17,False,False,False,False,0,243,0.03256507096650566,-2210.013181685555,171.04415477872777,-0.0022550349541944066,0.4678066755496799,6000,0.9525553399802814,671,-0.007524900059096351,4.266978453396734,0.11677541852305491,45596.0,0.15969193856276204,0.09418663869803454,-30993.0,0.09638420169317126,2,203.070007,4.529709940470639e-11,4.529709940470639e-11,2,2,0.9999999999999999,0.00039099999996645957,1059,118,14.876302462519472,352.23853107151376,298.4471441432357,2.312285174693107
NDARZE963MEU,R4,ThePresent,available,421,500.0,119.10058908060921,130,0,34,E8,E25,E21,E17,False,False,False,False,0,231,0.0023938347240188554,84.54096861599128,215.007523722165,5.28879625426542e-06,0.9010598699776174,6000,0.9980806024307419,842,0.0020233271291870054,12.192366387321004,0.0024983418973595884,125.0,0.002870826646678259,0.0008695288554262922,-32170.0,0.0010576046584084395,2,203.070004,7.860379014346108e-11,7.860379014346108e-11,2,2,1.0,0.0018460000000726584,1311,78,22.806486761300288,283.07352087052226,230.1611448354091,2.84511060259344
NDARZF170TZ0,R5,ThePresent,available,435,500.0,119.81845632380983,130,0,34,E8,E25,E21,E17,False,False,False,False,0,244,0.0027342614417094086,2933.7370254835746,239.02951582212637,-0.0011747851174854348,0.8232790279120501,6000,0.9954765427164264,534,-0.0025687096340153474,2.570404373493523,0.005340489791140347,13014.0,0.010225668313552646,0.0053331893815541,12963.0,1.164770129251716e-06,2,203.07000399999998,4.085620730620576e-11,4.085620730620576e-11,2,2,1.0,-0.00020999999994673,339,101,171.8006533444717,100.2881123413331,493.2943625593633,26.13
NDARZF615DC0,R7,ThePresent,available,300,500.0,119.3355500444301,130,0,32,E8,E25,E21,E17,False,False,False,False,0,247,0.0023457231500178897,-2909.216230426763,222.68899066547198,0.0008411757696715615,0.7778299400167827,6000,0.9989566690041808,528,0.0016185329481370097,3.6505138309409513,0.0033576674651350255,-3074.0,0.004307814024220587,0.003075116362464692,-3913.0,0.000617103297955353,2,203.070001,3.61932706027801e-11,3.61932706027801e-11,2,2,1.0,0.0004270000000439558,1096,67,17.27471409904242,350.87977585964853,201.07312351280814,2.156478102189781
NDARZG044CJ5,R11,ThePresent,available,221,500.0,60.02338348920851,130,0,42,E8,E25,E21,E17,False,False,False,False,147,237,0.004681592607444231,17.509042901145534,215.0022822171465,0.0004376596757852226,0.6590368854357244,6000,0.9981916725934354,842,0.005540123052950617,3.742657683488922,0.005768322920827622,24.0,0.005333730052511245,0.002546069864219152,-14437.0,0.0019389443534525395,2,203.075992,7.005507285384738e-11,7.005507285384738e-11,0,2,0.9999999999999999,0.006803999999945408,1959,58,95.49161427795649,104.53467112052246,142.18948873022637,7.086692189892802
NDARZG671PT1,R9,ThePresent,available,223,500.0,30.00321962695209,130,0,42,E8,E25,E21,E17,False,False,False,False,235,200,0.01307066108125168,13.56252338350452,314.6607989993838,-0.0011152165292934427,0.9469419931344167,6000,0.9765241206271175,1234,0.01639711507448201,22.05810738416856,0.016917961932165406,17.0,0.019453898029560875,0.002418615407898264,14862.0,0.004403241948784598,2,203.276004,1.7985612998927536e-11,1.7985612998927536e-11,0,0,1.0000000000000002,0.01572199999999234,1359,41,49.666436111584645,231.41386711327402,454.45362745998506,1.6394260485651215
NDARZG690NHH,R4,ThePresent,available,781,500.0,60.018807332587805,130,0,42,E8,E25,E21,E17,False,False,False,False,1088,232,0.0030044875127176983,-2298.376355920025,732.2658644499127,-0.0014767540985965004,0.8214397364913376,6000,0.9569150286392751,2137,0.0009044882575793575,2.291170979847512,0.003035804408977643,-43759.0,0.004576914174262616,0.0027577275762244702,-21723.0,0.004178087558723061,2,203.07399999999998,5.5067062021407764e-11,5.5067062021407764e-11,0,2,1.0000000000000002,0.003623000000024676,843,89,24.44911909426304,425.89970575709515,210.00510811637056,2.0805219454329777
NDARZG861CXJ,R5,ThePresent,available,41,500.0,119.70751135404468,130,0,34,E8,E25,E21,E17,False,False,False,False,0,248,0.8863402765952025,-13.720002463204901,778.2039616682059,0.09512039694544429,0.9893424835138677,6000,0.9969590601144233,3050,1.003055341383605,9.683929465363088,1.0034711161041476,-19.0,1.139042841932502,0.48317683260200256,1217.0,0.00013857386733323596,2,203.068001,6.750155989720952e-11,6.750155989720952e-11,2,2,0.9999999999999999,0.0005820000000786448,46,18,30.46777818546772,105.74965390208884,10011.001881566752,4.588478260869565
NDARZH366BF8,R5,ThePresent,available,758,500.0,59.97970109741673,130,0,42,E8,E25,E21,E17,False,False,False,False,155,240,0.0004622875626361418,-1780.0414270604936,335.35905761426415,-1.4741717109559546e-05,0.5136132916551825,6000,0.9845492244136033,1315,-0.00017496138235594073,1.613768208772587,0.00043796194857324735,-1927.0,0.0010262418391072574,0.0004365652753268801,-1967.0,1.565910782919057e-07,2,203.064,1.1324274851176597e-10,1.1324274851176597e-10,0,2,1.0000000000000002,-0.0029389999999159385,905,448,85.01354864932678,123.0678720022387,265.4401184158015,9.338265193370168
NDARZH521MMD,R5,ThePresent,available,374,500.0,119.71677771416243,130,0,34,E8,E25,E21,E17,False,False,False,False,1,228,0.0,-3000.0,266.6666666666667,0.0,,6000,,523,0.0,,,,,,,,2,203.066003,6.838973831690964e-11,6.838973831690964e-11,0,2,0.9999999999999999,-0.0037699999999183044,1315,86,18.39897937759525,292.6500770845083,157.02869700328927,2.9139999999999997
NDARZH699ZET,R8,ThePresent,available,155,500.0,60.02348680193271,130,0,42,E8,E25,E21,E17,False,False,False,False,115,233,0.0034832787177207594,1914.5468863681194,304.0406653071496,-0.0014236629623236958,0.884888959985777,6000,0.9585157041759022,1192,-0.00145503412011431,3.2777305672391015,0.02355786429165691,7561.0,0.037706596329539904,0.014152284915237475,42441.0,0.02795711704169495,2,203.066002,3.3084646133829665e-11,3.3084646133829665e-11,0,2,1.0000000000000002,-0.0026190000000664007,752,63,33.56427301003668,250.80303384883769,2862.923919813293,3.9246409574468086
NDARZH761YA7,R1,ThePresent,available,9,500.0,119.76891452334755,130,0,34,E8,E25,E21,E17,False,False,False,False,0,228,0.0029201211525625758,91.39232845807084,310.80399314885585,0.0005214598026134999,0.9463386984899549,6000,0.9958112776398355,1218,0.0036723802677761305,9.345890938029306,0.003989893464747386,61.0,0.003973575080739873,0.0016070679922502188,-19074.0,0.0014578258978757176,2,203.067999,4.6407322429331543e-11,4.6407322429331543e-11,2,2,0.9999999999999999,0.0007180000000648756,1927,22,55.464289013691754,159.2483631787024,247.96170670328738,4.617752983912818
NDARZJ587UZU,R5,ThePresent,available,681,500.0,119.34466423559448,130,0,34,E8,E25,E21,E17,False,False,False,False,0,236,0.005567310952433567,2700.278474666582,215.0320516480521,-0.0027342737353318164,0.9138055383808116,6000,0.9174804700416257,721,-0.0034145890582465985,1.9196980874410066,0.0027451061636744336,2646.0,0.0063309985552016945,0.0020705877261375533,-11230.0,0.006712894542834186,2,203.06999299999998,1.0658141036401503e-10,1.0658141036401503e-10,2,2,1.0000000000000002,-0.0001600000001285747,1209,109,56.65009015477353,283.88054857779866,186.24857450723306,6.832249793217535
NDARZJ598BK0,R4,ThePresent,available,865,500.0,60.008772717953235,130,0,42,E8,E25,E21,E17,False,False,False,False,178,239,0.01232699414917543,2925.449933360775,142.42692838998312,-0.0007431981359285241,0.32122587225007504,6000,0.9849911388667214,353,0.008479406346751577,5.473728007618636,0.0459949192818745,35534.0,0.06362646200040978,0.030493274942648762,36352.0,0.025611469740721468,2,203.071995,6.317169010117141e-11,6.317169010117141e-11,2,2,1.0000000000000002,-0.0006659999999591252,917,20,25.07285444596948,387.40612059737646,1395.2374307515972,1.3265103598691386
NDARZK745JGG,R7,ThePresent,available,261,500.0,119.26155233128287,130,0,34,E8,E25,E21,E17,False,False,False,False,0,239,0.004163307084374182,112.04359916248794,189.3083190192945,0.00017048334996134267,0.7865947901255141,6000,0.9976058399700994,743,0.0041758816208023845,2.6634103551775175,0.008915127306704225,42695.0,0.012830783729942431,0.00878655543373382,42782.0,1.0512506475532368e-06,2,203.069997,2.2648549702353193e-11,2.2648549702353193e-11,2,2,1.0,-0.00022399999998321053,1565,68,21.946784988516345,235.28359995336783,239.58194636174244,2.737495207667732
NDARZL799MFW,R7,ThePresent,available,200,500.0,119.41373392950996,130,0,34,E8,E25,E21,E17,False,False,False,False,0,238,0.01575888769294839,1121.920487365071,280.0206274514382,0.011268795567926447,0.1046838430012836,6000,0.9736325075503492,1097,-0.018830717384900903,4.602798613967472,0.06286854356235587,-38170.0,0.09347238271658379,0.029736943918084676,-39858.0,0.01577417736291998,2,203.069997,4.884981308350689e-11,4.884981308350689e-11,0,2,0.9999999999999999,0.002518000000070635,1493,47,26.528177581512896,248.08767916241274,212.25574558772576,2.8123576691225716
NDARZM314GAX,R9,ThePresent,available,7228,500.0,59.60333349289524,130,0,42,E8,E25,E21,E17,False,False,False,False,403,219,0.019520676610726553,2004.0977694745145,1197.7384651587674,-0.007625427865380172,0.9673811218532422,6000,0.9875276388624665,3343,-0.0027636590226812635,2.7249905927623304,0.02663956014125343,-24511.0,0.03885067293314892,0.024956418799843044,36653.0,0.04787476731353905,2,203.061996,8.72635297355373e-11,8.72635297355373e-11,0,2,0.9999999999999998,0.005932000000118339,222,445,59.662803515641116,170.7967038202326,661.547285315729,9.719189189189189
NDARZM839GHH,R10,ThePresent,available,3710,500.0,30.00324835812047,130,0,42,E8,E25,E21,E17,False,False,False,False,91,235,0.006137608368401997,4159.764185476883,1927.3179331467245,-0.006574252574862301,0.9960703307445516,6000,0.9962371081134653,2617,-0.007203258628349055,0.02994642657395179,0.00012762166582765916,14797.0,0.0015056260454657006,2.4973447567181135e-05,14304.0,9.08497556383789e-05,2,203.06600799999998,2.9976021664879227e-11,2.9976021664879227e-11,0,0,0.9999999999999999,-0.016298000000002852,140,378,147.1349316295068,95.93543152489512,814.239279896731,33.604642857142856
NDARZM865KE8,R9,ThePresent,available,104,500.0,60.02329797159345,130,0,42,E8,E25,E21,E17,False,False,False,False,85,239,0.058087315875659205,-863.8792774192933,621.9863186825661,-0.023007231991461482,0.9106272969459585,6000,0.9680177554518311,2438,0.0058510867309481,3.5013646078344514,0.08503027076452806,6566.0,0.13078390370423354,0.08303447595307052,5959.0,0.006792910415526571,2,203.07400299999998,3.930189507173054e-11,3.930189507173054e-11,0,0,1.0000000000000004,-0.008101000000050654,1010,23,24.100876577622994,362.15830526114246,120.96518094265008,2.3271584158415846
NDARZM903TNL,R5,ThePresent,available,281,500.0,119.69801940958389,130,0,34,E8,E25,E21,E17,False,False,False,False,0,246,0.0008391170932646557,2208.6106546981378,454.08006531404965,-0.00047162109298809474,0.8271453456510927,6000,0.9898476010644959,1681,0.00029657987165166035,2.1770170869132417,0.0008670833897989315,44130.0,0.0012787920022092015,0.000686973806010573,29142.0,0.0010951840670508726,2,203.068005,6.88338275267597e-11,6.88338275267597e-11,0,2,0.9999999999999999,0.0022939999999485867,1290,55,23.73421008698342,300.0451431596751,106.4687629904117,2.572751937984496
NDARZN148PMN,R7,ThePresent,available,906,500.0,118.75142692467958,130,0,34,E8,E25,E21,E17,False,False,False,False,0,232,0.002723427374361426,345.01544758711174,439.6332826632149,-0.0005482954559711237,0.5714927123369226,6000,0.9852063474685521,1723,0.001259880452085774,2.427008235395865,0.0029581143424436485,3713.0,0.004696393859645837,0.002957755021698895,3764.0,4.064320313484308e-06,2,203.069997,1.2434497875801753e-11,1.2434497875801753e-11,0,2,0.9999999999999999,0.0024850000000251767,10,293,26.7309574288592,,593.1741369373595,19.383
NDARZN217XJW,R9,ThePresent,available,2257,500.0,59.95136790096887,130,0,42,E8,E25,E21,E17,False,False,False,False,170,227,0.01161126147516622,3291.655521266646,462.00073861310943,-0.0008115500936803875,0.390717268173873,6000,0.9984591299659992,613,-0.0007549096778021113,2.5625891127676526,0.015250873488130413,11726.0,0.02477128823051536,0.015102563123305192,11852.0,0.00014487625819741869,2,203.286003,2.6867397195928788e-11,2.6867397195928788e-11,0,2,1.0,-0.0046400000000253695,1282,262,71.78463349760163,140.40961747517358,346.38347494517853,7.93060062402496
NDARZN578YDP,R7,ThePresent,available,312,500.0,119.72528923402545,130,0,34,E8,E25,E21,E17,False,False,False,False,3,228,0.05603283647210074,-1557.9664140814377,290.28853555522306,0.06706025053255082,0.9917542881416053,6000,0.9997513070029531,1137,0.06426010722511298,3.499281600691317,0.12911311638460207,-1532.0,0.11239626657112714,0.12213814789749554,12202.0,0.09743382743917303,2,203.067997,2.6645352591003757e-11,2.6645352591003757e-11,2,2,1.0000000000000002,0.0006279999999744955,1742,49,15.631377752497594,216.08990961008791,184.37064829820815,1.7057634902411023
NDARZN610GTY,R8,ThePresent,available,473,500.0,60.018649017378564,130,0,42,E8,E25,E21,E17,False,False,False,False,407,221,0.006509122572336923,2444.601112545486,1750.1396212150191,-0.002801890844173409,0.5831139907906888,6000,0.5515053045341355,3985,-0.0044135076839742,6.195096047305235,0.03298881932552373,24241.0,0.03772624786464713,0.02694122390092113,23594.0,3.6251778597323064e-05,2,203.066003,3.2307490016592055e-11,3.2307490016592055e-11,0,2,1.0,0.005907999999963905,841,53,24.129457599464093,430.4437678930245,261.200758618864,1.4631510107015457
NDARZN677EYE,R4,ThePresent,available,496,500.0,119.69306159009747,130,0,34,E8,E25,E21,E17,False,False,False,False,0,235,0.0011627465700377502,2800.4757845430586,919.099460709814,-0.0014189123723111299,0.9704984597686552,6000,0.9955820641995257,2000,-0.0003152520467019871,0.4624110770402042,0.00016195796089496506,4184.0,0.001285661058450977,0.00016060066622455003,4210.0,1.096256958880949e-09,2,203.070007,8.482103908136196e-11,8.482103908136196e-11,2,2,0.9999999999999999,-0.0003540000000831721,1582,90,31.379091772650266,222.33068164928284,153.56952829544554,2.9242730720606827
NDARZP065VGY,R8,ThePresent,available,77,500.0,60.0233913318723,130,0,42,E8,E25,E21,E17,False,False,False,False,262,232,0.0034241180044407475,-3164.215408401542,501.6562255756129,0.0005852867117845059,0.6110534253984494,6000,0.9999677939317169,820,0.0008297860045420433,2.800827115825593,0.012381338847350714,42025.0,0.026595257298824046,0.009862620482812933,-40234.0,0.015234102310788132,2,203.07399800000002,5.5289106626332796e-11,5.5289106626332796e-11,0,0,0.9999999999999997,0.008243999999975103,1111,18,26.46734769248023,334.0277462961292,202.69539439548515,2.7689108910891087
NDARZP542LJK,R10,ThePresent,available,596,500.0,60.02338952714609,130,0,42,E8,E25,E21,E17,False,False,False,False,229,214,0.0033502614600477722,254.91573613380902,690.6694080361086,-0.000678084127967738,0.8434325780391768,6000,0.894082440641319,2707,0.0032561286732444195,3.3928237153573755,0.0035746093763365013,-5803.0,0.005791630892491838,0.0035296242138673248,42246.0,0.004790821859553927,2,203.065994,3.730349362740526e-11,3.730349362740526e-11,0,2,1.0,0.006862000000046032,1820,126,100.50492400928925,101.94854148424032,171.37123942659937,10.50545054945055
NDARZR180BM6,R9,ThePresent,available,68,500.0,30.003264303026945,130,0,42,E8,E25,E21,E17,False,False,False,False,77,221,0.009043108864150317,2913.0057157734573,3826.582438012146,-0.0024885033473103645,0.035603783060578716,6000,0.035603783060578716,6000,0.0021204939930548746,3.194140064495013,0.02625160271522341,34501.0,0.04632785172419897,0.023168331489327936,28605.0,0.033585500100882446,2,203.276004,3.197442310920451e-11,3.197442310920451e-11,0,0,1.0000000000000002,0.01436599999999285,1086,19,48.27803089752656,318.56734598103486,198.230750901819,1.3977255985267036
NDARZR293TKN,R10,ThePresent,available,706,500.0,30.003196261805222,130,0,42,E8,E25,E21,E17,False,False,False,False,122,211,0.005633365252997317,-227.56687026354248,797.0308710091783,-0.000410147415656969,0.870812738491728,6000,0.9676164356414,3124,0.005726984483710649,4.072658595763796,0.008514355633787567,15326.0,0.012433498008299949,0.007982622438336815,15190.0,0.00014436070133001105,2,203.065998,3.352873534367973e-11,3.352873534367973e-11,0,0,0.9999999999999997,0.014623999999990249,812,339,45.56441180029068,300.80725334703504,153.38179048353533,2.6583251231527094
NDARZR529EJ1,R8,ThePresent,available,444,500.0,60.02341395337417,130,0,42,E8,E25,E21,E17,False,False,False,False,194,232,0.0006337760149927235,38.2380241699349,183.4538746283759,-8.925501162861399e-05,0.6327993506887234,6000,0.986454140669616,719,0.0006250308399103765,2.5300528250974934,0.0006792689218328717,29.0,0.000771544555718738,0.0006246891901476671,50228.0,0.00024105489530738236,2,203.073995,2.3869795029440866e-11,2.3869795029440866e-11,0,2,1.0000000000000002,-0.00426200000004793,925,88,22.225642353200875,374.93062328250335,166.41246141713148,1.2388540540540538
NDARZT096AUP,R4,ThePresent,available,1068,500.0,113.92126480887904,130,0,34,E8,E25,E21,E17,False,False,False,False,0,240,0.005183680041453358,-706.1176384903507,118.70347919699469,0.0016115296241938732,0.6413350420184077,6000,0.9840427363139805,465,0.002420826005764711,4.2985691611076655,0.016869641981500674,-21949.0,0.02308934029184047,0.0168150041358583,-7788.0,0.027673647614920867,2,203.069999,2.930988785010413e-11,2.930988785010413e-11,2,2,1.0000000000000002,9.799999996862866e-05,1246,177,20.26370282379966,249.40956192800007,433.97432918330435,2.871348314606742
NDARZT199MF6,R4,ThePresent,available,477,500.0,59.98952287906422,130,0,42,E8,E25,E21,E17,False,False,False,False,174,224,0.0006949584227307653,110.45530221917396,207.72683969847031,-0.00015226310522664874,0.5762328185899748,6000,0.9754335459133874,814,0.0005828674467645806,2.7554365963904464,0.00102842577337542,25211.0,0.0020096054688277724,0.0008737141279398445,25902.0,0.00010840314797702655,2,203.076006,4.8627768478581856e-11,4.8627768478581856e-11,0,2,1.0000000000000004,0.003592999999959067,1874,77,39.12573231826871,164.97375500290036,212.47528106912395,2.876750266808965
NDARZT581RNV,R9,ThePresent,available,42,500.0,30.00325835768459,130,0,42,E8,E25,E21,E17,False,False,False,False,133,234,0.013210198277815294,9.53216147236302,285.1680586975073,-0.002028807577270375,0.9335307571814897,6000,0.9822812984964716,1118,0.014399880248964964,16.658412488763883,0.014850283484451953,18.0,0.01862467480005293,0.0014719492304498098,-6294.0,0.005180351094621974,2,203.286002,5.1181281435219717e-11,5.1181281435219717e-11,0,0,0.9999999999999997,0.011155999999983388,1498,22,58.073979137345965,204.02665904175333,387.8543170987642,2.0905407209612816
NDARZT940RZG,R4,ThePresent,available,309,500.0,119.53836152791081,130,0,32,E8,E25,E21,E17,False,False,False,False,1,230,0.0008691750518720593,-55.03312889235773,249.52050097818685,-0.0001791871479381128,0.7706600155380787,6000,0.9884873997673513,979,0.0006710189765501387,3.244985106583319,0.0007811067677449294,-107.0,0.000969947472765765,0.00025404839930896024,42353.0,0.00034262207192256204,2,203.069994,2.1094237467877974e-11,2.1094237467877974e-11,0,2,0.9999999999999999,-0.0033209999999575515,1116,37,17.138476481699932,349.5066990043402,213.72395009917912,1.830206093189964
NDARZT957CWG,R4,ThePresent,available,233,500.0,119.7118669331605,130,0,34,E8,E25,E21,E17,False,False,False,False,0,229,0.003247181917931963,64.74019464848422,217.95572990847825,-0.000458260856991766,0.9208905322315851,6000,0.9959316601263722,854,0.0028330610028221557,8.93839693310388,0.0030725546796971023,45.0,0.0038950551411376846,0.0009213306119203136,-12665.0,0.001349373083199057,2,203.068006,3.930189507173054e-11,3.930189507173054e-11,2,2,1.0000000000000002,0.00018700000002093678,980,79,280.4974744620786,99.11008337160943,148.87216187772,40.51229591836734
NDARZU401RCU,R8,ThePresent,available,413,500.0,60.02352168266199,130,0,42,E8,E25,E21,E17,False,False,False,False,618,230,3.2752981245413334e-06,-2008.159644089893,487.9955575466596,7.406862708640894e-06,0.9460748118544193,6000,0.9957403337669979,1913,7.935372386428505e-06,3.9119751639326856,1.6479043080868197e-05,-22282.0,1.3212798047537216e-05,1.635542442174582e-05,-22202.0,5.92665174157695e-09,2,203.286002,8.926193117986259e-11,8.926193117986259e-11,0,2,1.0,0.002284999999906795,1329,80,33.635301572387846,257.66713227503726,165.56447806919923,3.3088261851015797
NDARZV608BL8,R1,ThePresent,available,514,500.0,119.36353602666348,130,0,34,E8,E25,E21,E17,False,False,False,False,0,231,0.0019516167076311089,117.27497151488254,311.9325612302373,0.0010395533603132806,0.8143069774100373,6000,0.9895996129265129,1223,0.0024629656943636205,5.47629083957091,0.008904096893813917,-41905.0,0.008495871016367488,0.005227438485804857,-28792.0,0.007144152346387399,2,203.07000499999998,4.218847493575595e-11,4.218847493575595e-11,2,2,0.9999999999999999,-0.00038000000002602776,1188,70,17.439237140159218,322.39318610320856,207.18910881450606,1.9275168350168352
NDARZV895RZ5,R8,ThePresent,available,7686,500.0,60.02341929222646,130,0,42,E8,E25,E21,E17,False,False,False,False,156,247,0.0,-3000.0,266.6666666666667,0.0,,6000,,523,0.0,,,,,,,,2,203.064,6.361577931102147e-11,6.361577931102147e-11,2,2,1.0000000000000002,-0.0014989999999582761,624,15,34.280536425308505,201.96095362335072,17158.147678901973,1.9789903846153847
NDARZW363UGM,R7,ThePresent,available,980,500.0,119.66841940267707,130,0,34,E8,E25,E21,E17,False,False,False,False,0,232,0.0025536652511107673,-616.348356991966,874.31778892167,-0.0015190710820493238,0.7287597405347364,6000,0.7234639239198567,3428,0.0004617930213860526,7.503662161287994,0.05123363149362454,-6297.0,0.054009013010069405,0.021044849976696013,17855.0,0.033404978500127844,2,203.069995,6.394884621840902e-11,6.394884621840902e-11,0,2,1.0,0.004042999999929333,1192,138,16.182495095243365,327.5897970958996,158.67223381123708,2.9668791946308724
NDARZW426CT2,R10,ThePresent,available,4407,500.0,60.01371609193549,130,0,42,E8,E25,E21,E17,False,False,False,False,127,246,-1.0,-1.0,-1.0,-1.0,-1.0,-1,-1.0,-1,0.00035548131209802634,3.4262909663011687,0.010535992064065072,26180.0,0.01369365816634465,0.003065930025854687,3242.0,0.004944181549992049,2,203.065996,6.106226635438361e-12,6.106226635438361e-12,0,2,0.9999999999999999,0.0025580000000125,700,76,40.12972489812684,271.48703926880006,2279.2058213629,5.646185714285714
NDARZW472CCF,R5,ThePresent,available,452,500.0,60.0232858167983,130,0,42,E8,E25,E21,E17,False,False,False,False,278,288,0.0011833728992568715,42.47487291363114,147.6258279642894,-0.0003545337972039182,0.9231328800942734,6000,0.996567965785698,578,0.0008003762004584925,2.2501289094685686,0.0009225786966634056,42.0,0.0015423375993061912,0.0008730971866502633,4112.0,0.0015288622668485465,2,203.074007,6.261657858885883e-11,6.261657858885883e-11,2,2,1.0000000000000002,0.0012550000000396775,1244,88,32.33267414577222,278.8863097755237,176.19532522183903,3.3066318327974273
NDARZW662UK6,R7,ThePresent,available,424,500.0,60.01371145998541,130,0,42,E8,E25,E21,E17,False,False,False,False,168,235,0.00206483130201747,-23.664590430430692,646.7476176299655,-0.0006309989973155582,0.8929606780078692,6000,0.9670065636707421,2535,0.0016292040423658931,4.773983923932876,0.0017898502510591534,49.0,0.0026467140186980562,0.00129286645688428,3882.0,0.0020940633886354573,2,203.063994,4.8183679268731794e-11,4.8183679268731794e-11,0,2,0.9999999999999996,0.004170999999989315,762,91,26.695982724058876,454.59518743224993,189.12337837141382,2.9858267716535436
NDARZW720WG1,R10,ThePresent,available,230,500.0,30.003156399747724,130,0,42,E8,E25,E21,E17,False,False,False,False,76,235,0.022083376293569025,-783.1234323235968,1103.1576686771173,-0.004639532722544695,0.8648617288111922,6000,0.9270299899948372,4325,0.013045799559210742,3.4377955720273126,0.017400795317206598,-610.0,0.025153705117005494,0.017390194078850618,-708.0,2.158480845942251e-05,2,203.06600799999998,3.574918139293004e-11,3.574918139293004e-11,0,0,0.9999999999999997,-0.016873000000014193,741,100,57.48550256236844,387.4366777671208,429.9711868874149,6.90838056680162
NDARZW854BH0,R9,ThePresent,available,1118,500.0,60.02336364690543,130,0,42,E8,E25,E21,E17,False,False,False,False,156,219,0.012520856442488976,206.2634275188877,410.74746802186206,-0.00426990754703266,0.7149460865204219,6000,0.9962600748208581,1610,0.007039089795324242,2.441436455359328,0.02983206787853213,44422.0,0.0665560646920575,0.029193945328911963,39118.0,0.04626800931747008,2,203.072001,7.538414337204813e-11,7.538414337204813e-11,0,2,1.0000000000000004,0.004942000000036661,972,255,26.618888425431628,307.95501743328157,165.56029315013575,4.336193415637861
NDARZW873DN3,R4,ThePresent,available,590,500.0,118.24091979826088,130,0,34,E8,E25,E21,E17,False,False,False,False,0,235,0.00040972141272706616,61.675669869608136,393.83955174948073,0.0002096634174745416,0.846851389104301,6000,0.9647204953468592,1544,0.0008697078480826596,5.327413615804934,0.00091784065611117,-6607.0,0.001133861451953481,0.0009152760921019746,-6570.0,7.2221270164947405e-06,2,203.067994,3.019806626980426e-11,3.019806626980426e-11,2,2,1.0000000000000002,-0.0006169999999972016,265,198,65.53050378163034,280.61166355028985,175.2465435707618,35.39660377358491
NDARZW930MF2,R2,ThePresent,available,290,500.0,119.41423186934068,130,0,34,E8,E25,E21,E17,False,False,False,False,0,252,0.004711548561860879,52.53174886336928,322.5595748942975,-0.0007287730231610511,0.9784224773676775,6000,0.9928518055702661,1264,0.004332568948829336,12.211612131901651,0.004639693879460471,56.0,0.005677030471457188,0.0009919564424081717,-8964.0,0.001741397114033409,2,203.070006,7.815970093361102e-11,7.815970093361102e-11,2,2,1.0000000000000004,-1.6999999958149088e-05,870,33,15.566551179105652,451.4669953911546,208.66754989143445,1.7975402298850576
NDARZW980YF9,R9,ThePresent,available,430,500.0,30.00331899179143,130,0,42,E8,E25,E21,E17,False,False,False,False,144,87636,0.009335904147482024,23.893404182438534,247.4456831861845,-0.0009577769326783422,0.9544211450163345,6000,0.9928578336094952,970,0.009656217297907778,13.400373669561253,0.010122168328791398,27.0,0.011585072366966489,0.002054776448468294,40005.0,0.0022941621972088545,2,203.27600700000002,1.8540724511240114e-11,1.8540724511240114e-11,0,2,1.0,-0.007116000000037095,982,331,62.14891401373851,212.21992788321816,221.64150032278158,5.879765784114053
NDARZX827NWT,R9,ThePresent,available,76,500.0,30.00324086368744,130,0,42,E8,E25,E21,E17,False,False,False,False,286,231,0.013073102409820748,-12.22526571926913,344.6405566106284,-0.001533507630894636,0.8704226512574847,6000,0.9920094072553186,1351,0.01354689565010352,8.039553816892779,0.013831177610093922,20.0,0.015417039831600296,0.0035342086801575844,-19115.0,0.0037043373275005217,2,203.276005,3.674838211509268e-11,3.674838211509268e-11,0,0,1.0000000000000002,0.011496999999954812,868,105,51.80125616057292,283.88788334922685,824.3929103355531,3.0457488479262675
NDARZX849GL3,R10,ThePresent,available,335,500.0,30.003258193988405,130,0,42,E8,E25,E21,E17,False,False,False,False,108,218,0.0022077181617814494,604.0383932047681,429.223620746156,-0.0007149926895009956,0.8223037028701019,6000,0.883343319516705,1683,0.00036680710397049565,2.841709662605006,0.0021985867806910203,4565.0,0.00404176942203593,0.002046078745144246,4754.0,0.00014156934157985384,2,203.06599599999998,3.4638958368304884e-11,3.4638958368304884e-11,0,0,1.0000000000000002,0.010728999999958709,1018,115,47.54095574750708,306.98621787277483,219.4042322969895,1.9296758349705305
NDARZY101JNB,R4,ThePresent,available,970,500.0,92.92350949563198,130,0,34,E8,E25,E21,E17,False,False,False,False,0,231,0.003051110568794436,-520.2904536687658,776.3199243331171,-0.0010289578817006774,0.9551224708470347,6000,0.9848156910159808,3043,0.0013567692321937574,2.923034933892965,0.0022095217268814278,-582.0,0.004292036685507355,0.0012030952317061633,-1110.0,6.6645085965986225e-06,2,203.068001,4.929390229335695e-11,4.929390229335695e-11,2,2,1.0000000000000002,-0.00024399999998671803,968,60,76.31921619716424,142.2256533699134,3334.5427583126234,22.682985537190085
NDARZY959NH2,R11,ThePresent,available,104,500.0,30.003221368049292,130,0,42,E8,E25,E21,E17,False,False,False,False,93,208,0.006167920734793284,28.1988124188987,336.59941151507627,-0.0033467817772790077,0.9428246125820011,6000,0.9195712925263368,1319,0.004617978970327551,3.551580848823589,0.004923313444900699,23.0,0.008510376114134193,0.0014752740814270226,13991.0,0.0031228008664803456,2,203.06599699999998,4.285460875053104e-11,4.285460875053104e-11,0,2,1.0,0.005104999999971238,1162,45,44.00180337954559,290.35261708761846,142.2112196417805,0.8804044750430293
NDARZZ007YMP,R7,ThePresent,available,5773,500.0,101.05862782291412,130,0,34,E8,E25,E21,E17,False,False,False,False,0,240,0.001812045511569598,3072.9012293333676,615.067540395355,-0.0005549219561282892,0.9019873856671187,6000,0.999133898494409,1132,-0.001279269552942037,3.523033385689869,0.003244568549056643,31570.0,0.005942964562782484,0.0016677525552204345,-35805.0,0.003837835670745459,2,203.066002,1.0080825063596421e-10,1.0080825063596421e-10,2,2,1.0000000000000004,0.0004140000000587985,32,292,54.49154449414198,82.76892198250661,1106.0504164463753,21.116875
NDARZZ404ZPN,R9,ThePresent,available,141,500.0,30.00313312578402,130,0,42,E8,E25,E21,E17,False,False,False,False,158,232,0.01795288250902036,18.313630868597134,277.3034258913451,-0.004444083833416334,0.9808683711509033,6000,0.9904300644650134,1087,0.016091454938278228,9.805626209272573,0.01632917627016654,15.0,0.02309895507367212,0.003945737115066481,6840.0,0.009311367158379113,2,203.276005,1.0258460747536446e-10,1.0258460747536446e-10,0,0,1.0,0.01408999999990851,1031,39,46.908632174978685,332.9278662640073,230.75608022613463,1.2258292919495635
NDARZZ598MH8,R10,ThePresent,available,6085,500.0,30.003155789111567,130,0,42,E8,E25,E21,E17,False,False,False,False,82,227,0.003947745723520949,-564.7909809472171,1074.1850127105386,0.0002754258817309741,0.8936315318010801,6000,0.9302627228511171,4211,0.0037798316317783085,3.558741776774542,0.004264640710102726,-641.0,0.002554090682273476,0.004261426667381842,-710.0,3.2048310779960593e-06,2,203.075998,7.482903185973555e-11,7.482903185973555e-11,0,0,1.0000000000000007,0.014769999999991665,12,14,144.43611288318093,111.8974060987135,28862.398845229854,21.132499999999997
NDARZZ740MLM,R5,ThePresent,available,325,500.0,60.01372550562935,130,0,42,E8,E25,E21,E17,False,False,False,False,164,229,0.0022581418999679487,-2741.3957572749655,589.0686494262484,-0.0022901505928754934,0.9358884568258424,6000,0.9941797411629152,1414,-0.0009120818056260991,1.3470113049254326,0.001544805962650862,33102.0,0.004218117662107473,0.0013435125165015933,40962.0,0.003244515006548064,2,203.074006,4.4075854077618715e-11,4.4075854077618715e-11,0,2,0.9999999999999998,-0.002573999999939888,651,43,30.66075231838669,535.871066977074,445.9317946885651,5.508878648233487
NDARZZ830JM7,R7,ThePresent,available,179,500.0,119.75587139314538,130,0,34,E8,E25,E21,E17,False,False,False,False,0,247,0.0007255179760281829,-7.91676064115819,267.58808898133515,-0.0004574364725387764,0.8603309331187108,6000,0.9339551568572871,1049,0.00026691911264880566,2.079510960716849,0.0003278348071247094,67.0,0.0009266012267562136,2.9484993693198202e-05,-6537.0,0.0006277537296999925,2,203.069999,3.241851231905457e-11,3.241851231905457e-11,2,2,1.0,0.0005769999999630154,1469,40,14.479184348951058,267.483247547359,118.45571139121147,1.4752552756977533
NDARZZ993CEV,R9,ThePresent,available,73,500.0,30.00332170567911,130,0,42,E8,E25,E21,E17,False,False,False,False,241,235,0.19327052952345558,2419.9834409027217,625.1828114747769,0.045297373289989534,0.8354796845509755,6000,0.9783283542426665,1805,0.1438202429228884,2.8831674887025844,0.2807185612720295,51048.0,0.013013856339467611,0.2800077249253947,50942.0,0.00039084590245891393,2,203.276003,2.3314683517128287e-11,2.3314683517128287e-11,0,2,1.0,-0.007235999999981611,1332,35,69.14052593810945,224.77701794710237,212.36695143361257,2.776388888888889
